student_id,week,initial_readiness,weekly_study_hours,learning_consistency,cumulative_hours,milestones_completed,readiness_at_week
TRJ_0001,0,18.8,6.5,1.16,0,0,18.8
TRJ_0001,4,18.8,6.5,1.16,28,1,24.08
TRJ_0001,8,18.8,6.5,1.16,56,4,28.93
TRJ_0001,12,18.8,6.5,1.16,79,5,32.67
TRJ_0001,16,18.8,6.5,1.16,107,7,36.93
TRJ_0001,20,18.8,6.5,1.16,136,10,41.14
TRJ_0001,24,18.8,6.5,1.16,162,13,44.7
TRJ_0002,0,30.34,7.3,0.88,0,0,30.34
TRJ_0002,4,30.34,7.3,0.88,29,1,33.92
TRJ_0002,8,30.34,7.3,0.88,57,2,37.15
TRJ_0002,12,30.34,7.3,0.88,86,3,40.31
TRJ_0002,16,30.34,7.3,0.88,116,5,43.46
TRJ_0002,20,30.34,7.3,0.88,144,6,46.24
TRJ_0002,24,30.34,7.3,0.88,170,7,48.69
TRJ_0003,0,18.1,15.5,1.23,0,0,18.1
TRJ_0003,4,18.1,15.5,1.23,65,1,30.26
TRJ_0003,8,18.1,15.5,1.23,122,4,39.39
TRJ_0003,12,18.1,15.5,1.23,184,6,47.97
TRJ_0003,16,18.1,15.5,1.23,240,9,54.75
TRJ_0003,20,18.1,15.5,1.23,295,11,60.5
TRJ_0003,24,18.1,15.5,1.23,362,14,66.52
TRJ_0004,0,32.08,6.4,1.19,0,0,32.08
TRJ_0004,4,32.08,6.4,1.19,28,3,36.6
TRJ_0004,8,32.08,6.4,1.19,52,4,40.18
TRJ_0004,12,32.08,6.4,1.19,77,5,43.71
TRJ_0004,16,32.08,6.4,1.19,104,7,47.29
TRJ_0004,20,32.08,6.4,1.19,126,8,49.98
TRJ_0004,24,32.08,6.4,1.19,154,9,53.29
TRJ_0005,0,54.92,17.6,1.02,0,0,54.92
TRJ_0005,4,54.92,17.6,1.02,70,3,60.98
TRJ_0005,8,54.92,17.6,1.02,147,5,66.67
TRJ_0005,12,54.92,17.6,1.02,217,8,71.16
TRJ_0005,16,54.92,17.6,1.02,290,11,75.18
TRJ_0005,20,54.92,17.6,1.02,363,12,78.64
TRJ_0005,24,54.92,17.6,1.02,434,14,81.52
TRJ_0006,0,52.03,26.3,0.74,0,0,52.03
TRJ_0006,4,52.03,26.3,0.74,102,3,58.77
TRJ_0006,8,52.03,26.3,0.74,209,6,64.86
TRJ_0006,12,52.03,26.3,0.74,323,7,70.32
TRJ_0006,16,52.03,26.3,0.74,423,9,74.43
TRJ_0006,20,52.03,26.3,0.74,531,11,78.24
TRJ_0006,24,52.03,26.3,0.74,634,13,81.32
TRJ_0007,0,19.96,29.9,1.11,0,0,19.96
TRJ_0007,4,19.96,29.9,1.11,112,3,37.61
TRJ_0007,8,19.96,29.9,1.11,237,4,52.75
TRJ_0007,12,19.96,29.9,1.11,348,7,63.11
TRJ_0007,16,19.96,29.9,1.11,475,10,72.2
TRJ_0007,20,19.96,29.9,1.11,585,13,78.23
TRJ_0007,24,19.96,29.9,1.11,721,15,83.92
TRJ_0008,0,36.81,25.1,1.12,0,0,36.81
TRJ_0008,4,36.81,25.1,1.12,111,2,50.78
TRJ_0008,8,36.81,25.1,1.12,221,5,61.57
TRJ_0008,12,36.81,25.1,1.12,308,8,68.38
TRJ_0008,16,36.81,25.1,1.12,402,9,74.4
TRJ_0008,20,36.81,25.1,1.12,504,10,79.64
TRJ_0008,24,36.81,25.1,1.12,614,13,84.1
TRJ_0009,0,50.05,15.0,1.15,0,0,50.05
TRJ_0009,4,50.05,15.0,1.15,62,3,56.74
TRJ_0009,8,50.05,15.0,1.15,129,4,62.96
TRJ_0009,12,50.05,15.0,1.15,195,6,68.22
TRJ_0009,16,50.05,15.0,1.15,250,7,72.03
TRJ_0009,20,50.05,15.0,1.15,307,8,75.48
TRJ_0009,24,50.05,15.0,1.15,362,9,78.44
TRJ_0010,0,35.71,6.7,0.92,0,0,35.71
TRJ_0010,4,35.71,6.7,0.92,30,2,39.19
TRJ_0010,8,35.71,6.7,0.92,58,5,42.34
TRJ_0010,12,35.71,6.7,0.92,83,6,44.98
TRJ_0010,16,35.71,6.7,0.92,109,7,47.58
TRJ_0010,20,35.71,6.7,0.92,137,9,50.26
TRJ_0010,24,35.71,6.7,0.92,167,10,52.95
TRJ_0011,0,45.87,29.5,1.3,0,0,45.87
TRJ_0011,4,45.87,29.5,1.3,107,2,59.03
TRJ_0011,8,45.87,29.5,1.3,208,5,68.51
TRJ_0011,12,45.87,29.5,1.3,337,6,77.54
TRJ_0011,16,45.87,29.5,1.3,468,8,84.06
TRJ_0011,20,45.87,29.5,1.3,584,11,88.22
TRJ_0011,24,45.87,29.5,1.3,686,13,90.98
TRJ_0012,0,21.8,7.9,0.81,0,0,21.8
TRJ_0012,4,21.8,7.9,0.81,27,2,25.22
TRJ_0012,8,21.8,7.9,0.81,54,5,28.54
TRJ_0012,12,21.8,7.9,0.81,87,7,32.32
TRJ_0012,16,21.8,7.9,0.81,114,8,35.23
TRJ_0012,20,21.8,7.9,0.81,149,10,38.81
TRJ_0012,24,21.8,7.9,0.81,183,12,42.16
TRJ_0013,0,39.75,27.9,0.75,0,0,39.75
TRJ_0013,4,39.75,27.9,0.75,103,2,48.41
TRJ_0013,8,39.75,27.9,0.75,213,4,56.32
TRJ_0013,12,39.75,27.9,0.75,312,6,62.37
TRJ_0013,16,39.75,27.9,0.75,427,7,68.37
TRJ_0013,20,39.75,27.9,0.75,549,9,73.69
TRJ_0013,24,39.75,27.9,0.75,672,10,78.13
TRJ_0014,0,27.04,8.8,1.17,0,0,27.04
TRJ_0014,4,27.04,8.8,1.17,33,3,32.57
TRJ_0014,8,27.04,8.8,1.17,69,4,38.13
TRJ_0014,12,27.04,8.8,1.17,99,6,42.43
TRJ_0014,16,27.04,8.8,1.17,134,7,46.97
TRJ_0014,20,27.04,8.8,1.17,167,10,50.92
TRJ_0014,24,27.04,8.8,1.17,204,12,55.0
TRJ_0015,0,39.45,16.3,1.26,0,0,39.45
TRJ_0015,4,39.45,16.3,1.26,66,2,48.74
TRJ_0015,8,39.45,16.3,1.26,121,4,55.45
TRJ_0015,12,39.45,16.3,1.26,186,7,62.25
TRJ_0015,16,39.45,16.3,1.26,242,9,67.27
TRJ_0015,20,39.45,16.3,1.26,316,12,72.85
TRJ_0015,24,39.45,16.3,1.26,385,15,77.24
TRJ_0016,0,15.3,17.2,1.27,0,0,15.3
TRJ_0016,4,15.3,17.2,1.27,74,1,29.98
TRJ_0016,8,15.3,17.2,1.27,138,3,40.51
TRJ_0016,12,15.3,17.2,1.27,210,4,50.51
TRJ_0016,16,15.3,17.2,1.27,284,5,59.02
TRJ_0016,20,15.3,17.2,1.27,355,8,65.86
TRJ_0016,24,15.3,17.2,1.27,431,10,71.92
TRJ_0017,0,24.37,23.7,1.06,0,0,24.37
TRJ_0017,4,24.37,23.7,1.06,108,3,39.85
TRJ_0017,8,24.37,23.7,1.06,208,4,51.35
TRJ_0017,12,24.37,23.7,1.06,300,6,60.04
TRJ_0017,16,24.37,23.7,1.06,383,9,66.55
TRJ_0017,20,24.37,23.7,1.06,481,11,72.87
TRJ_0017,24,24.37,23.7,1.06,588,14,78.41
TRJ_0018,0,28.28,21.4,1.17,0,0,28.28
TRJ_0018,4,28.28,21.4,1.17,95,3,42.61
TRJ_0018,8,28.28,21.4,1.17,187,4,53.77
TRJ_0018,12,28.28,21.4,1.17,270,5,61.97
TRJ_0018,16,28.28,21.4,1.17,342,8,67.94
TRJ_0018,20,28.28,21.4,1.17,429,11,73.9
TRJ_0018,24,28.28,21.4,1.17,515,12,78.7
TRJ_0019,0,31.92,20.8,0.73,0,0,31.92
TRJ_0019,4,31.92,20.8,0.73,93,3,40.6
TRJ_0019,8,31.92,20.8,0.73,171,6,47.02
TRJ_0019,12,31.92,20.8,0.73,244,8,52.43
TRJ_0019,16,31.92,20.8,0.73,319,10,57.4
TRJ_0019,20,31.92,20.8,0.73,404,12,62.41
TRJ_0019,24,31.92,20.8,0.73,494,15,67.04
TRJ_0020,0,21.25,22.0,0.79,0,0,21.25
TRJ_0020,4,21.25,22.0,0.79,93,3,32.09
TRJ_0020,8,21.25,22.0,0.79,186,6,41.37
TRJ_0020,12,21.25,22.0,0.79,283,7,49.74
TRJ_0020,16,21.25,22.0,0.79,375,10,56.57
TRJ_0020,20,21.25,22.0,0.79,451,12,61.52
TRJ_0020,24,21.25,22.0,0.79,548,15,66.99
TRJ_0021,0,41.14,10.3,1.26,0,0,41.14
TRJ_0021,4,41.14,10.3,1.26,45,1,47.57
TRJ_0021,8,41.14,10.3,1.26,85,2,52.63
TRJ_0021,12,41.14,10.3,1.26,127,3,57.42
TRJ_0021,16,41.14,10.3,1.26,170,5,61.82
TRJ_0021,20,41.14,10.3,1.26,215,7,65.95
TRJ_0021,24,41.14,10.3,1.26,254,10,69.17
TRJ_0022,0,42.12,22.8,0.92,0,0,42.12
TRJ_0022,4,42.12,22.8,0.92,89,3,50.88
TRJ_0022,8,42.12,22.8,0.92,178,6,58.3
TRJ_0022,12,42.12,22.8,0.92,266,7,64.58
TRJ_0022,16,42.12,22.8,0.92,358,10,70.11
TRJ_0022,20,42.12,22.8,0.92,436,11,74.14
TRJ_0022,24,42.12,22.8,0.92,540,12,78.68
TRJ_0023,0,27.27,18.5,0.87,0,0,27.27
TRJ_0023,4,27.27,18.5,0.87,83,3,37.13
TRJ_0023,8,27.27,18.5,0.87,167,5,45.73
TRJ_0023,12,27.27,18.5,0.87,251,7,53.16
TRJ_0023,16,27.27,18.5,0.87,323,9,58.72
TRJ_0023,20,27.27,18.5,0.87,399,11,63.85
TRJ_0023,24,27.27,18.5,0.87,480,14,68.61
TRJ_0024,0,21.08,14.5,0.88,0,0,21.08
TRJ_0024,4,21.08,14.5,0.88,57,1,28.71
TRJ_0024,8,21.08,14.5,0.88,120,2,36.21
TRJ_0024,12,21.08,14.5,0.88,180,3,42.63
TRJ_0024,16,21.08,14.5,0.88,231,5,47.58
TRJ_0024,20,21.08,14.5,0.88,283,6,52.24
TRJ_0024,24,21.08,14.5,0.88,334,8,56.39
TRJ_0025,0,23.69,5.8,1.23,0,0,23.69
TRJ_0025,4,23.69,5.8,1.23,25,2,28.35
TRJ_0025,8,23.69,5.8,1.23,48,3,32.39
TRJ_0025,12,23.69,5.8,1.23,73,6,36.43
TRJ_0025,16,23.69,5.8,1.23,99,8,40.47
TRJ_0025,20,23.69,5.8,1.23,122,10,43.85
TRJ_0025,24,23.69,5.8,1.23,145,12,47.07
TRJ_0026,0,49.56,18.3,0.73,0,0,49.56
TRJ_0026,4,49.56,18.3,0.73,69,3,54.45
TRJ_0026,8,49.56,18.3,0.73,146,6,59.35
TRJ_0026,12,49.56,18.3,0.73,223,8,63.71
TRJ_0026,16,49.56,18.3,0.73,307,10,67.9
TRJ_0026,20,49.56,18.3,0.73,385,13,71.38
TRJ_0026,24,49.56,18.3,0.73,448,15,73.92
TRJ_0027,0,53.19,5.8,1.09,0,0,53.19
TRJ_0027,4,53.19,5.8,1.09,21,1,55.33
TRJ_0027,8,53.19,5.8,1.09,42,3,57.37
TRJ_0027,12,53.19,5.8,1.09,65,6,59.52
TRJ_0027,16,53.19,5.8,1.09,84,9,61.24
TRJ_0027,20,53.19,5.8,1.09,105,10,63.03
TRJ_0027,24,53.19,5.8,1.09,126,12,64.71
TRJ_0028,0,31.21,6.1,0.89,0,0,31.21
TRJ_0028,4,31.21,6.1,0.89,22,2,33.86
TRJ_0028,8,31.21,6.1,0.89,44,3,36.43
TRJ_0028,12,31.21,6.1,0.89,70,6,39.39
TRJ_0028,16,31.21,6.1,0.89,98,9,42.34
TRJ_0028,20,31.21,6.1,0.89,121,12,44.74
TRJ_0028,24,31.21,6.1,0.89,142,15,46.81
TRJ_0029,0,46.05,25.9,0.88,0,0,46.05
TRJ_0029,4,46.05,25.9,0.88,102,1,54.92
TRJ_0029,8,46.05,25.9,0.88,201,4,62.14
TRJ_0029,12,46.05,25.9,0.88,319,7,69.25
TRJ_0029,16,46.05,25.9,0.88,433,8,74.86
TRJ_0029,20,46.05,25.9,0.88,529,10,78.79
TRJ_0029,24,46.05,25.9,0.88,637,12,82.48
TRJ_0030,0,39.89,17.1,1.13,0,0,39.89
TRJ_0030,4,39.89,17.1,1.13,75,2,49.28
TRJ_0030,8,39.89,17.1,1.13,152,4,57.43
TRJ_0030,12,39.89,17.1,1.13,219,5,63.48
TRJ_0030,16,39.89,17.1,1.13,290,6,68.93
TRJ_0030,20,39.89,17.1,1.13,363,9,73.67
TRJ_0030,24,39.89,17.1,1.13,431,12,77.45
TRJ_0031,0,48.02,5.5,1.12,0,0,48.02
TRJ_0031,4,48.02,5.5,1.12,19,3,50.28
TRJ_0031,8,48.02,5.5,1.12,40,5,52.6
TRJ_0031,12,48.02,5.5,1.12,64,7,55.1
TRJ_0031,16,48.02,5.5,1.12,88,8,57.45
TRJ_0031,20,48.02,5.5,1.12,109,10,59.47
TRJ_0031,24,48.02,5.5,1.12,127,13,61.15
TRJ_0032,0,30.08,13.5,0.82,0,0,30.08
TRJ_0032,4,30.08,13.5,0.82,48,1,35.38
TRJ_0032,8,30.08,13.5,0.82,99,3,40.56
TRJ_0032,12,30.08,13.5,0.82,151,4,45.47
TRJ_0032,16,30.08,13.5,0.82,208,7,50.39
TRJ_0032,20,30.08,13.5,0.82,263,8,54.68
TRJ_0032,24,30.08,13.5,0.82,318,10,58.59
TRJ_0033,0,48.9,27.5,0.94,0,0,48.9
TRJ_0033,4,48.9,27.5,0.94,121,2,59.32
TRJ_0033,8,48.9,27.5,0.94,241,5,67.57
TRJ_0033,12,48.9,27.5,0.94,341,8,73.18
TRJ_0033,16,48.9,27.5,0.94,436,9,77.57
TRJ_0033,20,48.9,27.5,0.94,559,12,82.23
TRJ_0033,24,48.9,27.5,0.94,685,15,85.98
TRJ_0034,0,38.91,13.6,1.1,0,0,38.91
TRJ_0034,4,38.91,13.6,1.1,47,1,44.92
TRJ_0034,8,38.91,13.6,1.1,105,4,51.57
TRJ_0034,12,38.91,13.6,1.1,154,7,56.58
TRJ_0034,16,38.91,13.6,1.1,201,9,60.92
TRJ_0034,20,38.91,13.6,1.1,261,12,65.82
TRJ_0034,24,38.91,13.6,1.1,316,15,69.74
TRJ_0035,0,34.61,20.4,1.3,0,0,34.61
TRJ_0035,4,34.61,20.4,1.3,74,2,46.07
TRJ_0035,8,34.61,20.4,1.3,148,4,55.57
TRJ_0035,12,34.61,20.4,1.3,234,6,64.53
TRJ_0035,16,34.61,20.4,1.3,323,8,71.9
TRJ_0035,20,34.61,20.4,1.3,415,10,77.89
TRJ_0035,24,34.61,20.4,1.3,503,12,82.46
TRJ_0036,0,35.96,22.9,1.02,0,0,35.96
TRJ_0036,4,35.96,22.9,1.02,95,2,47.34
TRJ_0036,8,35.96,22.9,1.02,174,4,55.27
TRJ_0036,12,35.96,22.9,1.02,269,7,63.19
TRJ_0036,16,35.96,22.9,1.02,355,8,69.15
TRJ_0036,20,35.96,22.9,1.02,447,10,74.47
TRJ_0036,24,35.96,22.9,1.02,528,11,78.38
TRJ_0037,0,36.96,21.6,0.82,0,0,36.96
TRJ_0037,4,36.96,21.6,0.82,75,2,44.35
TRJ_0037,8,36.96,21.6,0.82,158,4,51.45
TRJ_0037,12,36.96,21.6,0.82,243,6,57.78
TRJ_0037,16,36.96,21.6,0.82,333,9,63.57
TRJ_0037,20,36.96,21.6,0.82,411,12,67.95
TRJ_0037,24,36.96,21.6,0.82,496,14,72.15
TRJ_0038,0,51.66,15.4,0.8,0,0,51.66
TRJ_0038,4,51.66,15.4,0.8,67,3,56.64
TRJ_0038,8,51.66,15.4,0.8,127,6,60.62
TRJ_0038,12,51.66,15.4,0.8,191,7,64.45
TRJ_0038,16,51.66,15.4,0.8,259,10,68.15
TRJ_0038,20,51.66,15.4,0.8,322,12,71.24
TRJ_0038,24,51.66,15.4,0.8,389,13,74.21
TRJ_0039,0,41.03,25.4,0.97,0,0,41.03
TRJ_0039,4,41.03,25.4,0.97,116,2,52.93
TRJ_0039,8,41.03,25.4,0.97,218,5,61.45
TRJ_0039,12,41.03,25.4,0.97,325,7,68.69
TRJ_0039,16,41.03,25.4,0.97,417,10,73.82
TRJ_0039,20,41.03,25.4,0.97,515,12,78.39
TRJ_0039,24,41.03,25.4,0.97,615,13,82.22
TRJ_0040,0,48.05,24.3,1.03,0,0,48.05
TRJ_0040,4,48.05,24.3,1.03,106,2,58.25
TRJ_0040,8,48.05,24.3,1.03,212,4,66.46
TRJ_0040,12,48.05,24.3,1.03,313,7,72.81
TRJ_0040,16,48.05,24.3,1.03,423,8,78.33
TRJ_0040,20,48.05,24.3,1.03,530,9,82.63
TRJ_0040,24,48.05,24.3,1.03,618,12,85.54
TRJ_0041,0,28.8,8.2,0.95,0,0,28.8
TRJ_0041,4,28.8,8.2,0.95,31,1,32.9
TRJ_0041,8,28.8,8.2,0.95,66,4,37.29
TRJ_0041,12,28.8,8.2,0.95,101,6,41.41
TRJ_0041,16,28.8,8.2,0.95,133,9,44.91
TRJ_0041,20,28.8,8.2,0.95,165,10,48.25
TRJ_0041,24,28.8,8.2,0.95,201,12,51.71
TRJ_0042,0,36.2,28.3,1.2,0,0,36.2
TRJ_0042,4,36.2,28.3,1.2,111,2,51.19
TRJ_0042,8,36.2,28.3,1.2,238,5,64.1
TRJ_0042,12,36.2,28.3,1.2,360,6,73.27
TRJ_0042,16,36.2,28.3,1.2,488,8,80.37
TRJ_0042,20,36.2,28.3,1.2,591,9,84.68
TRJ_0042,24,36.2,28.3,1.2,710,11,88.51
TRJ_0043,0,51.83,5.1,0.76,0,0,51.83
TRJ_0043,4,51.83,5.1,0.76,18,1,53.14
TRJ_0043,8,51.83,5.1,0.76,37,3,54.53
TRJ_0043,12,51.83,5.1,0.76,59,6,56.07
TRJ_0043,16,51.83,5.1,0.76,79,8,57.4
TRJ_0043,20,51.83,5.1,0.76,96,10,58.54
TRJ_0043,24,51.83,5.1,0.76,114,11,59.7
TRJ_0044,0,28.99,27.0,0.82,0,0,28.99
TRJ_0044,4,28.99,27.0,0.82,114,1,41.16
TRJ_0044,8,28.99,27.0,0.82,233,4,51.61
TRJ_0044,12,28.99,27.0,0.82,341,5,59.5
TRJ_0044,16,28.99,27.0,0.82,452,6,66.28
TRJ_0044,20,28.99,27.0,0.82,561,7,71.81
TRJ_0044,24,28.99,27.0,0.82,677,9,76.71
TRJ_0045,0,35.91,28.6,1.22,0,0,35.91
TRJ_0045,4,35.91,28.6,1.22,122,3,52.52
TRJ_0045,8,35.91,28.6,1.22,230,5,63.58
TRJ_0045,12,35.91,28.6,1.22,347,7,72.69
TRJ_0045,16,35.91,28.6,1.22,448,9,78.69
TRJ_0045,20,35.91,28.6,1.22,558,10,83.74
TRJ_0045,24,35.91,28.6,1.22,673,12,87.74
TRJ_0046,0,28.86,7.3,0.89,0,0,28.86
TRJ_0046,4,28.86,7.3,0.89,32,3,32.91
TRJ_0046,8,28.86,7.3,0.89,62,5,36.41
TRJ_0046,12,28.86,7.3,0.89,88,6,39.35
TRJ_0046,16,28.86,7.3,0.89,119,9,42.68
TRJ_0046,20,28.86,7.3,0.89,151,10,45.93
TRJ_0046,24,28.86,7.3,0.89,180,13,48.72
TRJ_0047,0,32.31,14.0,0.8,0,0,32.31
TRJ_0047,4,32.31,14.0,0.8,48,2,37.37
TRJ_0047,8,32.31,14.0,0.8,99,5,42.3
TRJ_0047,12,32.31,14.0,0.8,154,8,47.22
TRJ_0047,16,32.31,14.0,0.8,202,10,51.16
TRJ_0047,20,32.31,14.0,0.8,266,11,55.91
TRJ_0047,24,32.31,14.0,0.8,325,12,59.9
TRJ_0048,0,28.74,15.7,1.29,0,0,28.74
TRJ_0048,4,28.74,15.7,1.29,60,2,38.97
TRJ_0048,8,28.74,15.7,1.29,116,4,47.21
TRJ_0048,12,28.74,15.7,1.29,177,6,54.97
TRJ_0048,16,28.74,15.7,1.29,234,9,61.14
TRJ_0048,20,28.74,15.7,1.29,298,11,67.09
TRJ_0048,24,28.74,15.7,1.29,358,13,71.85
TRJ_0049,0,25.57,12.3,1.28,0,0,25.57
TRJ_0049,4,25.57,12.3,1.28,47,2,34.07
TRJ_0049,8,25.57,12.3,1.28,102,3,42.83
TRJ_0049,12,25.57,12.3,1.28,151,4,49.69
TRJ_0049,16,25.57,12.3,1.28,201,6,55.75
TRJ_0049,20,25.57,12.3,1.28,244,8,60.37
TRJ_0049,24,25.57,12.3,1.28,300,11,65.69
TRJ_0050,0,35.98,26.3,1.11,0,0,35.98
TRJ_0050,4,35.98,26.3,1.11,104,3,49.27
TRJ_0050,8,35.98,26.3,1.11,215,6,60.37
TRJ_0050,12,35.98,26.3,1.11,307,8,67.75
TRJ_0050,16,35.98,26.3,1.11,398,10,73.67
TRJ_0050,20,35.98,26.3,1.11,498,11,78.94
TRJ_0050,24,35.98,26.3,1.11,593,13,82.96
TRJ_0051,0,50.41,12.5,1.1,0,0,50.41
TRJ_0051,4,50.41,12.5,1.1,56,3,56.17
TRJ_0051,8,50.41,12.5,1.1,99,5,60.17
TRJ_0051,12,50.41,12.5,1.1,152,8,64.56
TRJ_0051,16,50.41,12.5,1.1,194,10,67.74
TRJ_0051,20,50.41,12.5,1.1,249,12,71.44
TRJ_0051,24,50.41,12.5,1.1,306,13,74.82
TRJ_0052,0,24.25,9.0,1.0,0,0,24.25
TRJ_0052,4,24.25,9.0,1.0,40,3,30.2
TRJ_0052,8,24.25,9.0,1.0,73,6,34.76
TRJ_0052,12,24.25,9.0,1.0,107,8,39.06
TRJ_0052,16,24.25,9.0,1.0,144,9,43.44
TRJ_0052,20,24.25,9.0,1.0,182,10,47.61
TRJ_0052,24,24.25,9.0,1.0,218,11,51.29
TRJ_0053,0,23.94,27.6,1.01,0,0,23.94
TRJ_0053,4,23.94,27.6,1.01,125,3,40.93
TRJ_0053,8,23.94,27.6,1.01,234,5,52.67
TRJ_0053,12,23.94,27.6,1.01,332,7,61.2
TRJ_0053,16,23.94,27.6,1.01,437,9,68.68
TRJ_0053,20,23.94,27.6,1.01,548,12,75.01
TRJ_0053,24,23.94,27.6,1.01,648,13,79.59
TRJ_0054,0,31.24,7.7,1.24,0,0,31.24
TRJ_0054,4,31.24,7.7,1.24,35,3,36.96
TRJ_0054,8,31.24,7.7,1.24,65,6,41.54
TRJ_0054,12,31.24,7.7,1.24,99,9,46.33
TRJ_0054,16,31.24,7.7,1.24,126,11,49.9
TRJ_0054,20,31.24,7.7,1.24,152,13,53.13
TRJ_0054,24,31.24,7.7,1.24,181,16,56.4
TRJ_0055,0,24.55,10.9,1.17,0,0,24.55
TRJ_0055,4,24.55,10.9,1.17,47,3,32.52
TRJ_0055,8,24.55,10.9,1.17,91,5,39.18
TRJ_0055,12,24.55,10.9,1.17,137,7,45.45
TRJ_0055,16,24.55,10.9,1.17,177,9,50.42
TRJ_0055,20,24.55,10.9,1.17,223,12,55.5
TRJ_0055,24,24.55,10.9,1.17,269,13,60.13
TRJ_0056,0,52.75,7.2,1.21,0,0,52.75
TRJ_0056,4,52.75,7.2,1.21,25,3,55.62
TRJ_0056,8,52.75,7.2,1.21,53,5,58.54
TRJ_0056,12,52.75,7.2,1.21,77,7,60.93
TRJ_0056,16,52.75,7.2,1.21,109,8,63.91
TRJ_0056,20,52.75,7.2,1.21,141,9,66.66
TRJ_0056,24,52.75,7.2,1.21,173,12,69.2
TRJ_0057,0,18.58,12.7,0.94,0,0,18.58
TRJ_0057,4,18.58,12.7,0.94,58,2,27.0
TRJ_0057,8,18.58,12.7,0.94,113,5,34.19
TRJ_0057,12,18.58,12.7,0.94,166,8,40.44
TRJ_0057,16,18.58,12.7,0.94,215,9,45.69
TRJ_0057,20,18.58,12.7,0.94,273,10,51.3
TRJ_0057,24,18.58,12.7,0.94,327,12,56.0
TRJ_0058,0,35.81,17.9,0.75,0,0,35.81
TRJ_0058,4,35.81,17.9,0.75,69,1,42.12
TRJ_0058,8,35.81,17.9,0.75,132,2,47.41
TRJ_0058,12,35.81,17.9,0.75,208,3,53.12
TRJ_0058,16,35.81,17.9,0.75,287,6,58.4
TRJ_0058,20,35.81,17.9,0.75,367,9,63.15
TRJ_0058,24,35.81,17.9,0.75,448,12,67.41
TRJ_0059,0,23.61,17.8,1.14,0,0,23.61
TRJ_0059,4,23.61,17.8,1.14,74,3,35.51
TRJ_0059,8,23.61,17.8,1.14,155,5,46.49
TRJ_0059,12,23.61,17.8,1.14,220,7,53.96
TRJ_0059,16,23.61,17.8,1.14,293,8,61.03
TRJ_0059,20,23.61,17.8,1.14,359,10,66.5
TRJ_0059,24,23.61,17.8,1.14,433,11,71.75
TRJ_0060,0,26.61,23.1,1.08,0,0,26.61
TRJ_0060,4,26.61,23.1,1.08,83,2,38.7
TRJ_0060,8,26.61,23.1,1.08,167,3,48.96
TRJ_0060,12,26.61,23.1,1.08,258,5,58.15
TRJ_0060,16,26.61,23.1,1.08,356,7,66.13
TRJ_0060,20,26.61,23.1,1.08,438,10,71.69
TRJ_0060,24,26.61,23.1,1.08,524,12,76.51
TRJ_0061,0,19.96,7.3,0.96,0,0,19.96
TRJ_0061,4,19.96,7.3,0.96,26,3,23.97
TRJ_0061,8,19.96,7.3,0.96,53,6,27.86
TRJ_0061,12,19.96,7.3,0.96,83,7,31.94
TRJ_0061,16,19.96,7.3,0.96,113,9,35.85
TRJ_0061,20,19.96,7.3,0.96,138,12,38.87
TRJ_0061,24,19.96,7.3,0.96,165,14,42.05
TRJ_0062,0,29.35,26.9,0.97,0,0,29.35
TRJ_0062,4,29.35,26.9,0.97,102,3,42.09
TRJ_0062,8,29.35,26.9,0.97,199,6,52.04
TRJ_0062,12,29.35,26.9,0.97,317,8,61.9
TRJ_0062,16,29.35,26.9,0.97,436,11,69.8
TRJ_0062,20,29.35,26.9,0.97,558,14,76.21
TRJ_0062,24,29.35,26.9,0.97,678,15,81.15
TRJ_0063,0,45.81,17.4,1.13,0,0,45.81
TRJ_0063,4,45.81,17.4,1.13,71,2,53.92
TRJ_0063,8,45.81,17.4,1.13,145,3,61.09
TRJ_0063,12,45.81,17.4,1.13,218,6,67.07
TRJ_0063,16,45.81,17.4,1.13,286,8,71.81
TRJ_0063,20,45.81,17.4,1.13,355,11,75.88
TRJ_0063,24,45.81,17.4,1.13,427,13,79.54
TRJ_0064,0,49.62,16.3,0.93,0,0,49.62
TRJ_0064,4,49.62,16.3,0.93,72,3,55.94
TRJ_0064,8,49.62,16.3,0.93,133,5,60.67
TRJ_0064,12,49.62,16.3,0.93,206,6,65.69
TRJ_0064,16,49.62,16.3,0.93,271,9,69.65
TRJ_0064,20,49.62,16.3,0.93,333,12,72.98
TRJ_0064,24,49.62,16.3,0.93,396,13,75.98
TRJ_0065,0,36.81,13.0,1.17,0,0,36.81
TRJ_0065,4,36.81,13.0,1.17,59,2,45.02
TRJ_0065,8,36.81,13.0,1.17,116,4,51.89
TRJ_0065,12,36.81,13.0,1.17,162,6,56.81
TRJ_0065,16,36.81,13.0,1.17,211,9,61.52
TRJ_0065,20,36.81,13.0,1.17,263,11,65.95
TRJ_0065,24,36.81,13.0,1.17,320,12,70.27
TRJ_0066,0,33.54,13.0,1.17,0,0,33.54
TRJ_0066,4,33.54,13.0,1.17,55,1,41.67
TRJ_0066,8,33.54,13.0,1.17,101,3,47.67
TRJ_0066,12,33.54,13.0,1.17,147,4,53.09
TRJ_0066,16,33.54,13.0,1.17,199,5,58.48
TRJ_0066,20,33.54,13.0,1.17,256,8,63.71
TRJ_0066,24,33.54,13.0,1.17,304,10,67.61
TRJ_0067,0,40.35,15.7,0.71,0,0,40.35
TRJ_0067,4,40.35,15.7,0.71,62,1,45.4
TRJ_0067,8,40.35,15.7,0.71,127,2,50.24
TRJ_0067,12,40.35,15.7,0.71,196,3,54.92
TRJ_0067,16,40.35,15.7,0.71,254,5,58.54
TRJ_0067,20,40.35,15.7,0.71,318,7,62.16
TRJ_0067,24,40.35,15.7,0.71,388,10,65.79
TRJ_0068,0,39.08,27.7,1.06,0,0,39.08
TRJ_0068,4,39.08,27.7,1.06,114,3,52.21
TRJ_0068,8,39.08,27.7,1.06,232,4,62.79
TRJ_0068,12,39.08,27.7,1.06,351,7,71.09
TRJ_0068,16,39.08,27.7,1.06,462,8,77.16
TRJ_0068,20,39.08,27.7,1.06,577,9,82.13
TRJ_0068,24,39.08,27.7,1.06,694,11,86.06
TRJ_0069,0,21.3,12.6,1.24,0,0,21.3
TRJ_0069,4,21.3,12.6,1.24,46,3,29.87
TRJ_0069,8,21.3,12.6,1.24,98,4,38.42
TRJ_0069,12,21.3,12.6,1.24,141,6,44.74
TRJ_0069,16,21.3,12.6,1.24,196,8,51.82
TRJ_0069,20,21.3,12.6,1.24,247,11,57.63
TRJ_0069,24,21.3,12.6,1.24,297,14,62.61
TRJ_0070,0,44.65,24.1,0.85,0,0,44.65
TRJ_0070,4,44.65,24.1,0.85,110,2,54.1
TRJ_0070,8,44.65,24.1,0.85,218,5,61.82
TRJ_0070,12,44.65,24.1,0.85,306,6,67.13
TRJ_0070,16,44.65,24.1,0.85,397,8,71.86
TRJ_0070,20,44.65,24.1,0.85,489,11,75.97
TRJ_0070,24,44.65,24.1,0.85,593,13,79.88
TRJ_0071,0,28.36,21.7,1.09,0,0,28.36
TRJ_0071,4,28.36,21.7,1.09,88,3,40.93
TRJ_0071,8,28.36,21.7,1.09,177,6,51.45
TRJ_0071,12,28.36,21.7,1.09,256,7,59.19
TRJ_0071,16,28.36,21.7,1.09,333,10,65.55
TRJ_0071,20,28.36,21.7,1.09,415,12,71.23
TRJ_0071,24,28.36,21.7,1.09,501,14,76.17
TRJ_0072,0,36.34,9.3,1.12,0,0,36.34
TRJ_0072,4,36.34,9.3,1.12,32,3,40.84
TRJ_0072,8,36.34,9.3,1.12,74,4,46.23
TRJ_0072,12,36.34,9.3,1.12,114,6,50.88
TRJ_0072,16,36.34,9.3,1.12,155,9,55.26
TRJ_0072,20,36.34,9.3,1.12,191,10,58.8
TRJ_0072,24,36.34,9.3,1.12,233,11,62.52
TRJ_0073,0,54.37,16.9,1.2,0,0,54.37
TRJ_0073,4,54.37,16.9,1.2,71,3,61.52
TRJ_0073,8,54.37,16.9,1.2,132,5,66.81
TRJ_0073,12,54.37,16.9,1.2,197,8,71.65
TRJ_0073,16,54.37,16.9,1.2,268,9,76.15
TRJ_0073,20,54.37,16.9,1.2,328,12,79.38
TRJ_0073,24,54.37,16.9,1.2,391,15,82.31
TRJ_0074,0,28.14,15.4,0.7,0,0,28.14
TRJ_0074,4,28.14,15.4,0.7,57,3,33.74
TRJ_0074,8,28.14,15.4,0.7,113,5,38.76
TRJ_0074,12,28.14,15.4,0.7,182,7,44.45
TRJ_0074,16,28.14,15.4,0.7,249,9,49.48
TRJ_0074,20,28.14,15.4,0.7,311,12,53.69
TRJ_0074,24,28.14,15.4,0.7,365,13,57.06
TRJ_0075,0,52.87,14.8,1.16,0,0,52.87
TRJ_0075,4,52.87,14.8,1.16,54,2,58.45
TRJ_0075,8,52.87,14.8,1.16,115,3,63.98
TRJ_0075,12,52.87,14.8,1.16,173,5,68.52
TRJ_0075,16,52.87,14.8,1.16,232,7,72.57
TRJ_0075,20,52.87,14.8,1.16,285,8,75.79
TRJ_0075,24,52.87,14.8,1.16,350,10,79.22
TRJ_0076,0,42.53,15.2,0.92,0,0,42.53
TRJ_0076,4,42.53,15.2,0.92,52,3,47.84
TRJ_0076,8,42.53,15.2,0.92,110,5,53.2
TRJ_0076,12,42.53,15.2,0.92,165,8,57.77
TRJ_0076,16,42.53,15.2,0.92,232,11,62.67
TRJ_0076,20,42.53,15.2,0.92,289,14,66.39
TRJ_0076,24,42.53,15.2,0.92,351,16,70.03
TRJ_0077,0,40.92,20.3,1.07,0,0,40.92
TRJ_0077,4,40.92,20.3,1.07,88,1,51.08
TRJ_0077,8,40.92,20.3,1.07,167,3,58.76
TRJ_0077,12,40.92,20.3,1.07,239,4,64.71
TRJ_0077,16,40.92,20.3,1.07,320,6,70.33
TRJ_0077,20,40.92,20.3,1.07,389,7,74.43
TRJ_0077,24,40.92,20.3,1.07,475,8,78.76
TRJ_0078,0,18.84,12.1,0.91,0,0,18.84
TRJ_0078,4,18.84,12.1,0.91,53,3,26.38
TRJ_0078,8,18.84,12.1,0.91,105,6,33.06
TRJ_0078,12,18.84,12.1,0.91,158,7,39.29
TRJ_0078,16,18.84,12.1,0.91,213,9,45.13
TRJ_0078,20,18.84,12.1,0.91,262,10,49.85
TRJ_0078,24,18.84,12.1,0.91,305,11,53.65
TRJ_0079,0,34.9,26.3,0.88,0,0,34.9
TRJ_0079,4,34.9,26.3,0.88,107,1,46.13
TRJ_0079,8,34.9,26.3,0.88,201,3,54.37
TRJ_0079,12,34.9,26.3,0.88,295,4,61.35
TRJ_0079,16,34.9,26.3,0.88,403,5,68.07
TRJ_0079,20,34.9,26.3,0.88,522,8,74.11
TRJ_0079,24,34.9,26.3,0.88,619,9,78.2
TRJ_0080,0,42.32,24.6,0.86,0,0,42.32
TRJ_0080,4,42.32,24.6,0.86,90,1,50.66
TRJ_0080,8,42.32,24.6,0.86,197,3,58.98
TRJ_0080,12,42.32,24.6,0.86,282,4,64.6
TRJ_0080,16,42.32,24.6,0.86,375,5,69.85
TRJ_0080,20,42.32,24.6,0.86,474,8,74.57
TRJ_0080,24,42.32,24.6,0.86,565,10,78.28
TRJ_0081,0,19.08,27.4,0.97,0,0,19.08
TRJ_0081,4,19.08,27.4,0.97,98,2,33.16
TRJ_0081,8,19.08,27.4,0.97,223,3,47.56
TRJ_0081,12,19.08,27.4,0.97,345,5,58.69
TRJ_0081,16,19.08,27.4,0.97,447,8,66.12
TRJ_0081,20,19.08,27.4,0.97,541,10,71.79
TRJ_0081,24,19.08,27.4,0.97,644,13,76.93
TRJ_0082,0,19.1,15.9,1.04,0,0,19.1
TRJ_0082,4,19.1,15.9,1.04,55,1,27.88
TRJ_0082,8,19.1,15.9,1.04,127,3,38.0
TRJ_0082,12,19.1,15.9,1.04,190,5,45.68
TRJ_0082,16,19.1,15.9,1.04,256,8,52.7
TRJ_0082,20,19.1,15.9,1.04,315,9,58.17
TRJ_0082,24,19.1,15.9,1.04,380,11,63.5
TRJ_0083,0,34.16,26.4,0.83,0,0,34.16
TRJ_0083,4,34.16,26.4,0.83,89,2,43.28
TRJ_0083,8,34.16,26.4,0.83,184,5,51.6
TRJ_0083,12,34.16,26.4,0.83,280,8,58.79
TRJ_0083,16,34.16,26.4,0.83,383,11,65.3
TRJ_0083,20,34.16,26.4,0.83,484,13,70.69
TRJ_0083,24,34.16,26.4,0.83,582,15,75.11
TRJ_0084,0,26.6,10.1,0.75,0,0,26.6
TRJ_0084,4,26.6,10.1,0.75,43,1,31.26
TRJ_0084,8,26.6,10.1,0.75,77,4,34.75
TRJ_0084,12,26.6,10.1,0.75,118,6,38.73
TRJ_0084,16,26.6,10.1,0.75,162,9,42.71
TRJ_0084,20,26.6,10.1,0.75,200,10,45.96
TRJ_0084,24,26.6,10.1,0.75,241,11,49.23
TRJ_0085,0,40.04,8.0,0.83,0,0,40.04
TRJ_0085,4,40.04,8.0,0.83,29,3,42.88
TRJ_0085,8,40.04,8.0,0.83,57,6,45.5
TRJ_0085,12,40.04,8.0,0.83,90,7,48.45
TRJ_0085,16,40.04,8.0,0.83,121,10,51.09
TRJ_0085,20,40.04,8.0,0.83,151,11,53.52
TRJ_0085,24,40.04,8.0,0.83,186,13,56.18
TRJ_0086,0,52.91,17.3,1.21,0,0,52.91
TRJ_0086,4,52.91,17.3,1.21,77,3,60.99
TRJ_0086,8,52.91,17.3,1.21,142,6,66.69
TRJ_0086,12,52.91,17.3,1.21,201,7,71.14
TRJ_0086,16,52.91,17.3,1.21,274,9,75.87
TRJ_0086,20,52.91,17.3,1.21,339,12,79.38
TRJ_0086,24,52.91,17.3,1.21,398,14,82.14
TRJ_0087,0,31.02,17.0,0.94,0,0,31.02
TRJ_0087,4,31.02,17.0,0.94,63,2,38.77
TRJ_0087,8,31.02,17.0,0.94,138,5,46.86
TRJ_0087,12,31.02,17.0,0.94,206,6,53.25
TRJ_0087,16,31.02,17.0,0.94,279,8,59.31
TRJ_0087,20,31.02,17.0,0.94,343,9,63.97
TRJ_0087,24,31.02,17.0,0.94,406,12,68.06
TRJ_0088,0,47.04,27.7,1.14,0,0,47.04
TRJ_0088,4,47.04,27.7,1.14,105,1,58.36
TRJ_0088,8,47.04,27.7,1.14,230,3,68.71
TRJ_0088,12,47.04,27.7,1.14,348,4,76.15
TRJ_0088,16,47.04,27.7,1.14,462,7,81.63
TRJ_0088,20,47.04,27.7,1.14,573,9,85.75
TRJ_0088,24,47.04,27.7,1.14,688,10,89.04
TRJ_0089,0,16.69,21.3,0.87,0,0,16.69
TRJ_0089,4,16.69,21.3,0.87,82,3,27.87
TRJ_0089,8,16.69,21.3,0.87,169,5,38.03
TRJ_0089,12,16.69,21.3,0.87,249,8,46.09
TRJ_0089,16,16.69,21.3,0.87,326,10,52.89
TRJ_0089,20,16.69,21.3,0.87,403,13,58.86
TRJ_0089,24,16.69,21.3,0.87,500,14,65.26
TRJ_0090,0,21.12,23.7,1.26,0,0,21.12
TRJ_0090,4,21.12,23.7,1.26,106,1,39.61
TRJ_0090,8,21.12,23.7,1.26,201,4,52.58
TRJ_0090,12,21.12,23.7,1.26,292,7,62.31
TRJ_0090,16,21.12,23.7,1.26,386,9,70.27
TRJ_0090,20,21.12,23.7,1.26,467,11,75.77
TRJ_0090,24,21.12,23.7,1.26,566,14,81.15
TRJ_0091,0,39.31,15.7,1.29,0,0,39.31
TRJ_0091,4,39.31,15.7,1.29,56,1,47.56
TRJ_0091,8,39.31,15.7,1.29,120,2,55.58
TRJ_0091,12,39.31,15.7,1.29,183,3,62.33
TRJ_0091,16,39.31,15.7,1.29,238,6,67.35
TRJ_0091,20,39.31,15.7,1.29,300,7,72.2
TRJ_0091,24,39.31,15.7,1.29,354,8,75.83
TRJ_0092,0,31.99,5.5,0.79,0,0,31.99
TRJ_0092,4,31.99,5.5,0.79,21,1,34.29
TRJ_0092,8,31.99,5.5,0.79,44,2,36.69
TRJ_0092,12,31.99,5.5,0.79,66,4,38.86
TRJ_0092,16,31.99,5.5,0.79,88,7,40.97
TRJ_0092,20,31.99,5.5,0.79,109,10,42.91
TRJ_0092,24,31.99,5.5,0.79,131,11,44.92
TRJ_0093,0,47.82,27.7,1.3,0,0,47.82
TRJ_0093,4,47.82,27.7,1.3,119,2,61.72
TRJ_0093,8,47.82,27.7,1.3,216,3,70.33
TRJ_0093,12,47.82,27.7,1.3,315,5,77.07
TRJ_0093,16,47.82,27.7,1.3,425,6,82.8
TRJ_0093,20,47.82,27.7,1.3,541,7,87.3
TRJ_0093,24,47.82,27.7,1.3,639,10,90.17
TRJ_0094,0,30.93,19.6,0.82,0,0,30.93
TRJ_0094,4,30.93,19.6,0.82,83,2,39.73
TRJ_0094,8,30.93,19.6,0.82,157,5,46.67
TRJ_0094,12,30.93,19.6,0.82,230,8,52.69
TRJ_0094,16,30.93,19.6,0.82,298,11,57.71
TRJ_0094,20,30.93,19.6,0.82,380,12,63.07
TRJ_0094,24,30.93,19.6,0.82,451,14,67.17
TRJ_0095,0,19.75,12.6,1.14,0,0,19.75
TRJ_0095,4,19.75,12.6,1.14,47,3,27.92
TRJ_0095,8,19.75,12.6,1.14,90,5,34.7
TRJ_0095,12,19.75,12.6,1.14,142,7,42.01
TRJ_0095,16,19.75,12.6,1.14,193,9,48.44
TRJ_0095,20,19.75,12.6,1.14,248,11,54.62
TRJ_0095,24,19.75,12.6,1.14,293,13,59.08
TRJ_0096,0,52.94,6.3,1.04,0,0,52.94
TRJ_0096,4,52.94,6.3,1.04,27,3,55.54
TRJ_0096,8,52.94,6.3,1.04,54,6,57.98
TRJ_0096,12,52.94,6.3,1.04,80,8,60.23
TRJ_0096,16,52.94,6.3,1.04,108,10,62.53
TRJ_0096,20,52.94,6.3,1.04,132,12,64.41
TRJ_0096,24,52.94,6.3,1.04,158,15,66.31
TRJ_0097,0,19.88,13.9,0.77,0,0,19.88
TRJ_0097,4,19.88,13.9,0.77,56,1,26.58
TRJ_0097,8,19.88,13.9,0.77,117,2,33.27
TRJ_0097,12,19.88,13.9,0.77,170,4,38.52
TRJ_0097,16,19.88,13.9,0.77,228,7,43.85
TRJ_0097,20,19.88,13.9,0.77,279,9,48.13
TRJ_0097,24,19.88,13.9,0.77,335,11,52.45
TRJ_0098,0,20.79,5.3,1.29,0,0,20.79
TRJ_0098,4,20.79,5.3,1.29,23,2,25.42
TRJ_0098,8,20.79,5.3,1.29,45,3,29.54
TRJ_0098,12,20.79,5.3,1.29,64,4,33.04
TRJ_0098,16,20.79,5.3,1.29,86,7,36.86
TRJ_0098,20,20.79,5.3,1.29,104,8,39.82
TRJ_0098,24,20.79,5.3,1.29,126,11,43.15
TRJ_0099,0,47.15,21.8,1.16,0,0,47.15
TRJ_0099,4,47.15,21.8,1.16,76,3,55.7
TRJ_0099,8,47.15,21.8,1.16,151,6,62.79
TRJ_0099,12,47.15,21.8,1.16,236,9,69.48
TRJ_0099,16,47.15,21.8,1.16,330,11,75.5
TRJ_0099,20,47.15,21.8,1.16,411,12,79.75
TRJ_0099,24,47.15,21.8,1.16,504,13,83.69
TRJ_0100,0,17.87,21.4,1.25,0,0,17.87
TRJ_0100,4,17.87,21.4,1.25,84,2,33.52
TRJ_0100,8,17.87,21.4,1.25,158,4,44.78
TRJ_0100,12,17.87,21.4,1.25,249,5,56.05
TRJ_0100,16,17.87,21.4,1.25,344,8,65.38
TRJ_0100,20,17.87,21.4,1.25,426,9,71.8
TRJ_0100,24,17.87,21.4,1.25,508,12,77.05
TRJ_0101,0,28.21,7.7,0.88,0,0,28.21
TRJ_0101,4,28.21,7.7,0.88,30,2,31.91
TRJ_0101,8,28.21,7.7,0.88,60,3,35.42
TRJ_0101,12,28.21,7.7,0.88,88,4,38.54
TRJ_0101,16,28.21,7.7,0.88,119,5,41.83
TRJ_0101,20,28.21,7.7,0.88,150,8,44.94
TRJ_0101,24,28.21,7.7,0.88,179,11,47.74
TRJ_0102,0,52.39,29.1,1.11,0,0,52.39
TRJ_0102,4,52.39,29.1,1.11,108,3,62.61
TRJ_0102,8,52.39,29.1,1.11,239,6,72.09
TRJ_0102,12,52.39,29.1,1.11,363,7,78.81
TRJ_0102,16,52.39,29.1,1.11,477,10,83.56
TRJ_0102,20,52.39,29.1,1.11,606,13,87.67
TRJ_0102,24,52.39,29.1,1.11,710,14,90.22
TRJ_0103,0,41.6,12.0,1.03,0,0,41.6
TRJ_0103,4,41.6,12.0,1.03,44,2,46.77
TRJ_0103,8,41.6,12.0,1.03,93,5,51.89
TRJ_0103,12,41.6,12.0,1.03,139,7,56.33
TRJ_0103,16,41.6,12.0,1.03,188,10,60.54
TRJ_0103,20,41.6,12.0,1.03,229,12,63.8
TRJ_0103,24,41.6,12.0,1.03,269,13,66.72
TRJ_0104,0,46.34,11.9,1.12,0,0,46.34
TRJ_0104,4,46.34,11.9,1.12,41,3,51.05
TRJ_0104,8,46.34,11.9,1.12,90,5,56.23
TRJ_0104,12,46.34,11.9,1.12,140,7,60.93
TRJ_0104,16,46.34,11.9,1.12,190,8,65.11
TRJ_0104,20,46.34,11.9,1.12,242,10,68.99
TRJ_0104,24,46.34,11.9,1.12,294,12,72.45
TRJ_0105,0,23.02,19.5,0.71,0,0,23.02
TRJ_0105,4,23.02,19.5,0.71,68,3,30.14
TRJ_0105,8,23.02,19.5,0.71,144,4,37.3
TRJ_0105,12,23.02,19.5,0.71,211,5,43.0
TRJ_0105,16,23.02,19.5,0.71,285,6,48.72
TRJ_0105,20,23.02,19.5,0.71,366,7,54.31
TRJ_0105,24,23.02,19.5,0.71,451,9,59.52
TRJ_0106,0,32.42,17.1,0.7,0,0,32.42
TRJ_0106,4,32.42,17.1,0.7,75,3,39.23
TRJ_0106,8,32.42,17.1,0.7,153,6,45.55
TRJ_0106,12,32.42,17.1,0.7,220,7,50.45
TRJ_0106,16,32.42,17.1,0.7,284,8,54.72
TRJ_0106,20,32.42,17.1,0.7,345,9,58.47
TRJ_0106,24,32.42,17.1,0.7,418,11,62.5
TRJ_0107,0,31.45,13.5,1.05,0,0,31.45
TRJ_0107,4,31.45,13.5,1.05,59,2,39.44
TRJ_0107,8,31.45,13.5,1.05,116,3,46.32
TRJ_0107,12,31.45,13.5,1.05,175,4,52.58
TRJ_0107,16,31.45,13.5,1.05,229,5,57.71
TRJ_0107,20,31.45,13.5,1.05,284,6,62.34
TRJ_0107,24,31.45,13.5,1.05,330,8,65.81
TRJ_0108,0,32.22,25.1,1.07,0,0,32.22
TRJ_0108,4,32.22,25.1,1.07,106,1,46.0
TRJ_0108,8,32.22,25.1,1.07,195,4,55.44
TRJ_0108,12,32.22,25.1,1.07,307,5,65.0
TRJ_0108,16,32.22,25.1,1.07,414,7,72.22
TRJ_0108,20,32.22,25.1,1.07,526,8,78.16
TRJ_0108,24,32.22,25.1,1.07,620,9,82.14
TRJ_0109,0,38.37,25.1,0.95,0,0,38.37
TRJ_0109,4,38.37,25.1,0.95,95,1,48.6
TRJ_0109,8,38.37,25.1,0.95,192,4,57.3
TRJ_0109,12,38.37,25.1,0.95,296,6,64.99
TRJ_0109,16,38.37,25.1,0.95,392,8,70.85
TRJ_0109,20,38.37,25.1,0.95,483,10,75.53
TRJ_0109,24,38.37,25.1,0.95,583,12,79.78
TRJ_0110,0,17.74,27.6,1.26,0,0,17.74
TRJ_0110,4,17.74,27.6,1.26,126,2,40.18
TRJ_0110,8,17.74,27.6,1.26,244,3,55.67
TRJ_0110,12,17.74,27.6,1.26,364,6,67.27
TRJ_0110,16,17.74,27.6,1.26,485,9,75.91
TRJ_0110,20,17.74,27.6,1.26,584,10,81.26
TRJ_0110,24,17.74,27.6,1.26,684,12,85.46
TRJ_0111,0,47.8,15.4,1.18,0,0,47.8
TRJ_0111,4,47.8,15.4,1.18,55,3,54.16
TRJ_0111,8,47.8,15.4,1.18,108,6,59.57
TRJ_0111,12,47.8,15.4,1.18,167,8,64.89
TRJ_0111,16,47.8,15.4,1.18,224,10,69.33
TRJ_0111,20,47.8,15.4,1.18,291,11,73.84
TRJ_0111,24,47.8,15.4,1.18,360,14,77.79
TRJ_0112,0,41.15,7.6,0.71,0,0,41.15
TRJ_0112,4,41.15,7.6,0.71,32,1,43.84
TRJ_0112,8,41.15,7.6,0.71,65,3,46.47
TRJ_0112,12,41.15,7.6,0.71,99,5,49.03
TRJ_0112,16,41.15,7.6,0.71,131,6,51.32
TRJ_0112,20,41.15,7.6,0.71,157,9,53.09
TRJ_0112,24,41.15,7.6,0.71,187,12,55.06
TRJ_0113,0,34.6,6.1,1.25,0,0,34.6
TRJ_0113,4,34.6,6.1,1.25,26,2,38.77
TRJ_0113,8,34.6,6.1,1.25,48,3,42.08
TRJ_0113,12,34.6,6.1,1.25,73,5,45.66
TRJ_0113,16,34.6,6.1,1.25,99,7,49.17
TRJ_0113,20,34.6,6.1,1.25,125,10,52.48
TRJ_0113,24,34.6,6.1,1.25,152,12,55.59
TRJ_0114,0,46.39,20.5,0.75,0,0,46.39
TRJ_0114,4,46.39,20.5,0.75,76,3,52.17
TRJ_0114,8,46.39,20.5,0.75,158,4,57.76
TRJ_0114,12,46.39,20.5,0.75,236,7,62.47
TRJ_0114,16,46.39,20.5,0.75,323,9,67.07
TRJ_0114,20,46.39,20.5,0.75,395,10,70.47
TRJ_0114,24,46.39,20.5,0.75,487,11,74.31
TRJ_0115,0,28.56,17.9,0.9,0,0,28.56
TRJ_0115,4,28.56,17.9,0.9,78,2,37.92
TRJ_0115,8,28.56,17.9,0.9,142,3,44.69
TRJ_0115,12,28.56,17.9,0.9,210,4,51.11
TRJ_0115,16,28.56,17.9,0.9,284,6,57.21
TRJ_0115,20,28.56,17.9,0.9,345,9,61.72
TRJ_0115,24,28.56,17.9,0.9,418,12,66.49
TRJ_0116,0,42.85,28.8,1.29,0,0,42.85
TRJ_0116,4,42.85,28.8,1.29,106,3,56.63
TRJ_0116,8,42.85,28.8,1.29,227,5,68.26
TRJ_0116,12,42.85,28.8,1.29,327,8,75.53
TRJ_0116,16,42.85,28.8,1.29,449,9,82.18
TRJ_0116,20,42.85,28.8,1.29,558,12,86.56
TRJ_0116,24,42.85,28.8,1.29,663,14,89.76
TRJ_0117,0,15.72,18.1,0.81,0,0,15.72
TRJ_0117,4,15.72,18.1,0.81,74,1,25.26
TRJ_0117,8,15.72,18.1,0.81,146,4,33.55
TRJ_0117,12,15.72,18.1,0.81,220,6,41.15
TRJ_0117,16,15.72,18.1,0.81,286,9,47.19
TRJ_0117,20,15.72,18.1,0.81,350,10,52.4
TRJ_0117,24,15.72,18.1,0.81,428,11,58.09
TRJ_0118,0,54.65,14.5,0.93,0,0,54.65
TRJ_0118,4,54.65,14.5,0.93,64,1,59.77
TRJ_0118,8,54.65,14.5,0.93,116,4,63.5
TRJ_0118,12,54.65,14.5,0.93,171,5,67.07
TRJ_0118,16,54.65,14.5,0.93,225,7,70.22
TRJ_0118,20,54.65,14.5,0.93,276,9,72.94
TRJ_0118,24,54.65,14.5,0.93,334,12,75.74
TRJ_0119,0,40.08,27.0,1.09,0,0,40.08
TRJ_0119,4,40.08,27.0,1.09,93,2,51.12
TRJ_0119,8,40.08,27.0,1.09,186,4,60.12
TRJ_0119,12,40.08,27.0,1.09,279,6,67.49
TRJ_0119,16,40.08,27.0,1.09,378,9,73.86
TRJ_0119,20,40.08,27.0,1.09,477,11,78.98
TRJ_0119,24,40.08,27.0,1.09,593,13,83.71
TRJ_0120,0,16.97,20.3,1.06,0,0,16.97
TRJ_0120,4,16.97,20.3,1.06,81,2,30.15
TRJ_0120,8,16.97,20.3,1.06,150,3,39.73
TRJ_0120,12,16.97,20.3,1.06,239,6,50.1
TRJ_0120,16,16.97,20.3,1.06,317,9,57.73
TRJ_0120,20,16.97,20.3,1.06,396,10,64.32
TRJ_0120,24,16.97,20.3,1.06,481,12,70.22
TRJ_0121,0,41.54,11.9,0.71,0,0,41.54
TRJ_0121,4,41.54,11.9,0.71,51,1,45.7
TRJ_0121,8,41.54,11.9,0.71,102,3,49.51
TRJ_0121,12,41.54,11.9,0.71,151,6,52.95
TRJ_0121,16,41.54,11.9,0.71,204,9,56.41
TRJ_0121,20,41.54,11.9,0.71,247,10,59.01
TRJ_0121,24,41.54,11.9,0.71,288,13,61.38
TRJ_0122,0,54.95,26.7,0.72,0,0,54.95
TRJ_0122,4,54.95,26.7,0.72,101,3,61.07
TRJ_0122,8,54.95,26.7,0.72,208,4,66.65
TRJ_0122,12,54.95,26.7,0.72,318,6,71.57
TRJ_0122,16,54.95,26.7,0.72,422,8,75.53
TRJ_0122,20,54.95,26.7,0.72,515,11,78.61
TRJ_0122,24,54.95,26.7,0.72,620,12,81.64
TRJ_0123,0,36.87,12.9,0.8,0,0,36.87
TRJ_0123,4,36.87,12.9,0.8,51,3,41.9
TRJ_0123,8,36.87,12.9,0.8,99,6,46.21
TRJ_0123,12,36.87,12.9,0.8,146,9,50.15
TRJ_0123,16,36.87,12.9,0.8,201,11,54.35
TRJ_0123,20,36.87,12.9,0.8,253,14,58.03
TRJ_0123,24,36.87,12.9,0.8,308,15,61.59
TRJ_0124,0,32.92,6.9,1.0,0,0,32.92
TRJ_0124,4,32.92,6.9,1.0,28,1,36.62
TRJ_0124,8,32.92,6.9,1.0,57,3,40.3
TRJ_0124,12,32.92,6.9,1.0,85,4,43.58
TRJ_0124,16,32.92,6.9,1.0,115,6,46.87
TRJ_0124,20,32.92,6.9,1.0,142,9,49.74
TRJ_0124,24,32.92,6.9,1.0,170,10,52.53
TRJ_0125,0,15.9,26.5,0.8,0,0,15.9
TRJ_0125,4,15.9,26.5,0.8,113,3,29.88
TRJ_0125,8,15.9,26.5,0.8,217,6,40.65
TRJ_0125,12,15.9,26.5,0.8,335,8,50.9
TRJ_0125,16,15.9,26.5,0.8,434,11,58.14
TRJ_0125,20,15.9,26.5,0.8,555,12,65.51
TRJ_0125,24,15.9,26.5,0.8,668,13,71.24
TRJ_0126,0,39.58,28.5,1.02,0,0,39.58
TRJ_0126,4,39.58,28.5,1.02,109,3,51.66
TRJ_0126,8,39.58,28.5,1.02,229,4,62.21
TRJ_0126,12,39.58,28.5,1.02,334,7,69.51
TRJ_0126,16,39.58,28.5,1.02,448,9,75.87
TRJ_0126,20,39.58,28.5,1.02,575,12,81.4
TRJ_0126,24,39.58,28.5,1.02,686,15,85.2
TRJ_0127,0,31.98,13.4,1.09,0,0,31.98
TRJ_0127,4,31.98,13.4,1.09,49,1,38.98
TRJ_0127,8,31.98,13.4,1.09,107,2,46.3
TRJ_0127,12,31.98,13.4,1.09,162,4,52.44
TRJ_0127,16,31.98,13.4,1.09,222,7,58.36
TRJ_0127,20,31.98,13.4,1.09,282,8,63.49
TRJ_0127,24,31.98,13.4,1.09,332,11,67.31
TRJ_0128,0,47.92,6.3,0.9,0,0,47.92
TRJ_0128,4,47.92,6.3,0.9,27,2,50.41
TRJ_0128,8,47.92,6.3,0.9,48,4,52.34
TRJ_0128,12,47.92,6.3,0.9,73,5,54.51
TRJ_0128,16,47.92,6.3,0.9,100,7,56.68
TRJ_0128,20,47.92,6.3,0.9,126,9,58.72
TRJ_0128,24,47.92,6.3,0.9,153,10,60.7
TRJ_0129,0,21.56,12.9,1.16,0,0,21.56
TRJ_0129,4,21.56,12.9,1.16,52,1,30.63
TRJ_0129,8,21.56,12.9,1.16,97,3,37.53
TRJ_0129,12,21.56,12.9,1.16,155,4,45.42
TRJ_0129,16,21.56,12.9,1.16,201,5,51.0
TRJ_0129,20,21.56,12.9,1.16,254,8,56.67
TRJ_0129,24,21.56,12.9,1.16,301,9,61.15
TRJ_0130,0,47.7,19.6,0.95,0,0,47.7
TRJ_0130,4,47.7,19.6,0.95,83,3,55.41
TRJ_0130,8,47.7,19.6,0.95,157,5,61.32
TRJ_0130,12,47.7,19.6,0.95,223,8,65.92
TRJ_0130,16,47.7,19.6,0.95,291,9,70.1
TRJ_0130,20,47.7,19.6,0.95,359,11,73.72
TRJ_0130,24,47.7,19.6,0.95,430,12,77.07
TRJ_0131,0,51.41,9.7,1.05,0,0,51.41
TRJ_0131,4,51.41,9.7,1.05,42,2,55.52
TRJ_0131,8,51.41,9.7,1.05,83,3,59.24
TRJ_0131,12,51.41,9.7,1.05,119,4,62.27
TRJ_0131,16,51.41,9.7,1.05,157,5,65.2
TRJ_0131,20,51.41,9.7,1.05,190,6,67.59
TRJ_0131,24,51.41,9.7,1.05,224,8,69.83
TRJ_0132,0,24.88,8.7,0.74,0,0,24.88
TRJ_0132,4,24.88,8.7,0.74,32,3,28.39
TRJ_0132,8,24.88,8.7,0.74,67,6,32.02
TRJ_0132,12,24.88,8.7,0.74,98,7,35.14
TRJ_0132,16,24.88,8.7,0.74,130,10,38.19
TRJ_0132,20,24.88,8.7,0.74,168,13,41.58
TRJ_0132,24,24.88,8.7,0.74,205,16,44.73
TRJ_0133,0,16.23,7.0,1.26,0,0,16.23
TRJ_0133,4,16.23,7.0,1.26,26,2,21.71
TRJ_0133,8,16.23,7.0,1.26,49,4,26.3
TRJ_0133,12,16.23,7.0,1.26,76,6,31.16
TRJ_0133,16,16.23,7.0,1.26,106,9,36.21
TRJ_0133,20,16.23,7.0,1.26,137,10,41.06
TRJ_0133,24,16.23,7.0,1.26,166,11,45.31
TRJ_0134,0,25.91,29.7,0.79,0,0,25.91
TRJ_0134,4,25.91,29.7,0.79,114,3,38.13
TRJ_0134,8,25.91,29.7,0.79,227,4,48.3
TRJ_0134,12,25.91,29.7,0.79,345,5,57.13
TRJ_0134,16,25.91,29.7,0.79,450,7,63.69
TRJ_0134,20,25.91,29.7,0.79,572,10,70.1
TRJ_0134,24,25.91,29.7,0.79,695,11,75.41
TRJ_0135,0,33.13,7.5,1.16,0,0,33.13
TRJ_0135,4,33.13,7.5,1.16,33,3,38.18
TRJ_0135,8,33.13,7.5,1.16,61,5,42.16
TRJ_0135,12,33.13,7.5,1.16,88,6,45.75
TRJ_0135,16,33.13,7.5,1.16,122,9,49.87
TRJ_0135,20,33.13,7.5,1.16,148,12,52.89
TRJ_0135,24,33.13,7.5,1.16,177,15,56.04
TRJ_0136,0,42.76,6.1,1.19,0,0,42.76
TRJ_0136,4,42.76,6.1,1.19,25,1,46.15
TRJ_0136,8,42.76,6.1,1.19,51,2,49.4
TRJ_0136,12,42.76,6.1,1.19,73,4,52.02
TRJ_0136,16,42.76,6.1,1.19,95,6,54.54
TRJ_0136,20,42.76,6.1,1.19,123,8,57.48
TRJ_0136,24,42.76,6.1,1.19,146,9,59.78
TRJ_0137,0,15.98,13.9,0.93,0,0,15.98
TRJ_0137,4,15.98,13.9,0.93,62,2,25.13
TRJ_0137,8,15.98,13.9,0.93,113,3,32.02
TRJ_0137,12,15.98,13.9,0.93,173,5,39.26
TRJ_0137,16,15.98,13.9,0.93,222,7,44.56
TRJ_0137,20,15.98,13.9,0.93,277,9,50.02
TRJ_0137,24,15.98,13.9,0.93,331,11,54.8
TRJ_0138,0,28.07,24.4,1.06,0,0,28.07
TRJ_0138,4,28.07,24.4,1.06,110,2,43.13
TRJ_0138,8,28.07,24.4,1.06,203,5,53.36
TRJ_0138,12,28.07,24.4,1.06,289,6,61.17
TRJ_0138,16,28.07,24.4,1.06,378,9,67.91
TRJ_0138,20,28.07,24.4,1.06,480,12,74.2
TRJ_0138,24,28.07,24.4,1.06,582,14,79.23
TRJ_0139,0,40.21,23.0,0.76,0,0,40.21
TRJ_0139,4,40.21,23.0,0.76,86,1,47.55
TRJ_0139,8,40.21,23.0,0.76,180,2,54.54
TRJ_0139,12,40.21,23.0,0.76,270,3,60.36
TRJ_0139,16,40.21,23.0,0.76,362,6,65.55
TRJ_0139,20,40.21,23.0,0.76,446,7,69.68
TRJ_0139,24,40.21,23.0,0.76,541,9,73.76
TRJ_0140,0,28.42,25.0,1.05,0,0,28.42
TRJ_0140,4,28.42,25.0,1.05,114,1,43.77
TRJ_0140,8,28.42,25.0,1.05,216,2,54.68
TRJ_0140,12,28.42,25.0,1.05,302,3,62.22
TRJ_0140,16,28.42,25.0,1.05,393,6,68.82
TRJ_0140,20,28.42,25.0,1.05,485,7,74.33
TRJ_0140,24,28.42,25.0,1.05,570,8,78.56
TRJ_0141,0,51.75,20.7,1.19,0,0,51.75
TRJ_0141,4,51.75,20.7,1.19,84,1,60.58
TRJ_0141,8,51.75,20.7,1.19,175,4,68.31
TRJ_0141,12,51.75,20.7,1.19,260,6,74.17
TRJ_0141,16,51.75,20.7,1.19,332,8,78.26
TRJ_0141,20,51.75,20.7,1.19,403,11,81.65
TRJ_0141,24,51.75,20.7,1.19,484,14,84.88
TRJ_0142,0,40.7,26.2,1.24,0,0,40.7
TRJ_0142,4,40.7,26.2,1.24,114,3,55.4
TRJ_0142,8,40.7,26.2,1.24,206,6,64.54
TRJ_0142,12,40.7,26.2,1.24,318,8,73.19
TRJ_0142,16,40.7,26.2,1.24,418,11,79.08
TRJ_0142,20,40.7,26.2,1.24,534,14,84.31
TRJ_0142,24,40.7,26.2,1.24,649,15,88.21
TRJ_0143,0,41.03,27.9,1.03,0,0,41.03
TRJ_0143,4,41.03,27.9,1.03,102,1,52.3
TRJ_0143,8,41.03,27.9,1.03,218,3,62.49
TRJ_0143,12,41.03,27.9,1.03,319,6,69.56
TRJ_0143,16,41.03,27.9,1.03,439,8,76.24
TRJ_0143,20,41.03,27.9,1.03,563,9,81.61
TRJ_0143,24,41.03,27.9,1.03,680,11,85.55
TRJ_0144,0,34.62,28.8,1.17,0,0,34.62
TRJ_0144,4,34.62,28.8,1.17,113,2,49.91
TRJ_0144,8,34.62,28.8,1.17,229,3,61.9
TRJ_0144,12,34.62,28.8,1.17,351,5,71.41
TRJ_0144,16,34.62,28.8,1.17,464,8,78.06
TRJ_0144,20,34.62,28.8,1.17,575,9,83.11
TRJ_0144,24,34.62,28.8,1.17,702,10,87.48
TRJ_0145,0,29.45,29.8,0.9,0,0,29.45
TRJ_0145,4,29.45,29.8,0.9,128,1,43.98
TRJ_0145,8,29.45,29.8,0.9,247,3,54.83
TRJ_0145,12,29.45,29.8,0.9,350,5,62.5
TRJ_0145,16,29.45,29.8,0.9,479,8,70.32
TRJ_0145,20,29.45,29.8,0.9,610,10,76.56
TRJ_0145,24,29.45,29.8,0.9,737,11,81.38
TRJ_0146,0,51.85,6.6,0.89,0,0,51.85
TRJ_0146,4,51.85,6.6,0.89,30,3,54.37
TRJ_0146,8,51.85,6.6,0.89,56,5,56.47
TRJ_0146,12,51.85,6.6,0.89,80,6,58.33
TRJ_0146,16,51.85,6.6,0.89,105,7,60.17
TRJ_0146,20,51.85,6.6,0.89,134,9,62.24
TRJ_0146,24,51.85,6.6,0.89,162,12,64.08
TRJ_0147,0,19.85,11.3,0.76,0,0,19.85
TRJ_0147,4,19.85,11.3,0.76,50,2,25.73
TRJ_0147,8,19.85,11.3,0.76,93,3,30.47
TRJ_0147,12,19.85,11.3,0.76,144,5,35.72
TRJ_0147,16,19.85,11.3,0.76,195,6,40.58
TRJ_0147,20,19.85,11.3,0.76,242,8,44.71
TRJ_0147,24,19.85,11.3,0.76,289,10,48.58
TRJ_0148,0,34.75,15.4,0.93,0,0,34.75
TRJ_0148,4,34.75,15.4,0.93,69,3,42.66
TRJ_0148,8,34.75,15.4,0.93,128,4,48.69
TRJ_0148,12,34.75,15.4,0.93,198,7,54.97
TRJ_0148,16,34.75,15.4,0.93,264,10,60.23
TRJ_0148,20,34.75,15.4,0.93,320,13,64.21
TRJ_0148,24,34.75,15.4,0.93,378,16,67.91
TRJ_0149,0,20.91,8.9,1.03,0,0,20.91
TRJ_0149,4,20.91,8.9,1.03,33,2,26.14
TRJ_0149,8,20.91,8.9,1.03,73,3,32.04
TRJ_0149,12,20.91,8.9,1.03,107,4,36.65
TRJ_0149,16,20.91,8.9,1.03,137,6,40.54
TRJ_0149,20,20.91,8.9,1.03,168,8,44.28
TRJ_0149,24,20.91,8.9,1.03,202,11,48.07
TRJ_0150,0,36.05,5.7,0.91,0,0,36.05
TRJ_0150,4,36.05,5.7,0.91,24,2,38.83
TRJ_0150,8,36.05,5.7,0.91,44,3,41.03
TRJ_0150,12,36.05,5.7,0.91,64,6,43.15
TRJ_0150,16,36.05,5.7,0.91,85,8,45.34
TRJ_0150,20,36.05,5.7,0.91,105,10,47.3
TRJ_0150,24,36.05,5.7,0.91,126,12,49.36
TRJ_0151,0,43.8,29.6,0.73,0,0,43.8
TRJ_0151,4,43.8,29.6,0.73,121,2,52.91
TRJ_0151,8,43.8,29.6,0.73,229,5,59.82
TRJ_0151,12,43.8,29.6,0.73,345,7,66.1
TRJ_0151,16,43.8,29.6,0.73,480,8,72.2
TRJ_0151,20,43.8,29.6,0.73,615,9,77.2
TRJ_0151,24,43.8,29.6,0.73,737,11,80.93
TRJ_0152,0,21.64,17.5,1.2,0,0,21.64
TRJ_0152,4,21.64,17.5,1.2,71,2,34.0
TRJ_0152,8,21.64,17.5,1.2,145,3,44.82
TRJ_0152,12,21.64,17.5,1.2,220,5,53.98
TRJ_0152,16,21.64,17.5,1.2,289,7,61.01
TRJ_0152,20,21.64,17.5,1.2,362,10,67.32
TRJ_0152,24,21.64,17.5,1.2,424,13,71.85
TRJ_0153,0,30.3,17.7,1.14,0,0,30.3
TRJ_0153,4,30.3,17.7,1.14,70,3,40.59
TRJ_0153,8,30.3,17.7,1.14,150,6,50.55
TRJ_0153,12,30.3,17.7,1.14,216,8,57.48
TRJ_0153,16,30.3,17.7,1.14,279,11,63.25
TRJ_0153,20,30.3,17.7,1.14,343,14,68.27
TRJ_0153,24,30.3,17.7,1.14,411,17,72.83
TRJ_0154,0,36.24,12.8,1.22,0,0,36.24
TRJ_0154,4,36.24,12.8,1.22,54,1,44.15
TRJ_0154,8,36.24,12.8,1.22,101,2,50.27
TRJ_0154,12,36.24,12.8,1.22,156,5,56.55
TRJ_0154,16,36.24,12.8,1.22,208,7,61.76
TRJ_0154,20,36.24,12.8,1.22,262,8,66.48
TRJ_0154,24,36.24,12.8,1.22,319,9,70.91
TRJ_0155,0,24.82,28.0,1.12,0,0,24.82
TRJ_0155,4,24.82,28.0,1.12,102,1,40.21
TRJ_0155,8,24.82,28.0,1.12,227,2,54.88
TRJ_0155,12,24.82,28.0,1.12,336,3,64.74
TRJ_0155,16,24.82,28.0,1.12,438,5,71.95
TRJ_0155,20,24.82,28.0,1.12,542,8,77.79
TRJ_0155,24,24.82,28.0,1.12,661,10,83.01
TRJ_0156,0,52.72,11.0,1.25,0,0,52.72
TRJ_0156,4,52.72,11.0,1.25,38,3,57.03
TRJ_0156,8,52.72,11.0,1.25,77,6,61.03
TRJ_0156,12,52.72,11.0,1.25,119,9,64.93
TRJ_0156,16,52.72,11.0,1.25,164,11,68.67
TRJ_0156,20,52.72,11.0,1.25,208,13,72.0
TRJ_0156,24,52.72,11.0,1.25,245,15,74.54
TRJ_0157,0,16.45,21.5,0.97,0,0,16.45
TRJ_0157,4,16.45,21.5,0.97,85,2,29.22
TRJ_0157,8,16.45,21.5,0.97,158,4,38.67
TRJ_0157,12,16.45,21.5,0.97,256,5,49.38
TRJ_0157,16,16.45,21.5,0.97,344,6,57.35
TRJ_0157,20,16.45,21.5,0.97,440,8,64.64
TRJ_0157,24,16.45,21.5,0.97,522,11,69.87
TRJ_0158,0,37.43,15.6,0.77,0,0,37.43
TRJ_0158,4,37.43,15.6,0.77,61,2,43.06
TRJ_0158,8,37.43,15.6,0.77,118,5,47.88
TRJ_0158,12,37.43,15.6,0.77,175,6,52.33
TRJ_0158,16,37.43,15.6,0.77,242,9,57.01
TRJ_0158,20,37.43,15.6,0.77,301,11,60.77
TRJ_0158,24,37.43,15.6,0.77,367,14,64.61
TRJ_0159,0,54.32,13.1,0.84,0,0,54.32
TRJ_0159,4,54.32,13.1,0.84,56,2,58.45
TRJ_0159,8,54.32,13.1,0.84,109,5,62.02
TRJ_0159,12,54.32,13.1,0.84,166,6,65.5
TRJ_0159,16,54.32,13.1,0.84,213,7,68.12
TRJ_0159,20,54.32,13.1,0.84,267,10,70.92
TRJ_0159,24,54.32,13.1,0.84,322,11,73.53
TRJ_0160,0,20.36,8.8,1.26,0,0,20.36
TRJ_0160,4,20.36,8.8,1.26,31,2,26.52
TRJ_0160,8,20.36,8.8,1.26,68,4,33.09
TRJ_0160,12,20.36,8.8,1.26,103,5,38.84
TRJ_0160,16,20.36,8.8,1.26,141,7,44.52
TRJ_0160,20,20.36,8.8,1.26,171,9,48.61
TRJ_0160,24,20.36,8.8,1.26,201,10,52.36
TRJ_0161,0,45.01,27.0,1.08,0,0,45.01
TRJ_0161,4,45.01,27.0,1.08,104,2,56.1
TRJ_0161,8,45.01,27.0,1.08,210,3,65.09
TRJ_0161,12,45.01,27.0,1.08,326,5,72.88
TRJ_0161,16,45.01,27.0,1.08,434,8,78.55
TRJ_0161,20,45.01,27.0,1.08,548,11,83.23
TRJ_0161,24,45.01,27.0,1.08,670,13,87.13
TRJ_0162,0,25.98,8.9,1.21,0,0,25.98
TRJ_0162,4,25.98,8.9,1.21,37,3,32.43
TRJ_0162,8,25.98,8.9,1.21,72,6,37.98
TRJ_0162,12,25.98,8.9,1.21,108,8,43.2
TRJ_0162,16,25.98,8.9,1.21,147,10,48.44
TRJ_0162,20,25.98,8.9,1.21,187,12,53.25
TRJ_0162,24,25.98,8.9,1.21,217,13,56.57
TRJ_0163,0,43.97,29.4,0.81,0,0,43.97
TRJ_0163,4,43.97,29.4,0.81,106,1,52.83
TRJ_0163,8,43.97,29.4,0.81,210,2,60.17
TRJ_0163,12,43.97,29.4,0.81,324,3,66.94
TRJ_0163,16,43.97,29.4,0.81,451,5,73.11
TRJ_0163,20,43.97,29.4,0.81,570,8,77.82
TRJ_0163,24,43.97,29.4,0.81,683,10,81.55
TRJ_0164,0,37.94,13.8,1.0,0,0,37.94
TRJ_0164,4,37.94,13.8,1.0,54,2,44.37
TRJ_0164,8,37.94,13.8,1.0,116,4,50.87
TRJ_0164,12,37.94,13.8,1.0,171,6,56.05
TRJ_0164,16,37.94,13.8,1.0,228,8,60.85
TRJ_0164,20,37.94,13.8,1.0,279,10,64.71
TRJ_0164,24,37.94,13.8,1.0,331,13,68.25
TRJ_0165,0,54.07,20.2,0.88,0,0,54.07
TRJ_0165,4,54.07,20.2,0.88,70,3,59.42
TRJ_0165,8,54.07,20.2,0.88,153,5,64.96
TRJ_0165,12,54.07,20.2,0.88,223,7,69.06
TRJ_0165,16,54.07,20.2,0.88,295,9,72.77
TRJ_0165,20,54.07,20.2,0.88,368,11,76.09
TRJ_0165,24,54.07,20.2,0.88,452,12,79.39
TRJ_0166,0,31.13,23.3,0.83,0,0,31.13
TRJ_0166,4,31.13,23.3,0.83,103,3,42.04
TRJ_0166,8,31.13,23.3,0.83,188,6,49.68
TRJ_0166,12,31.13,23.3,0.83,268,8,55.95
TRJ_0166,16,31.13,23.3,0.83,359,9,62.18
TRJ_0166,20,31.13,23.3,0.83,441,10,67.03
TRJ_0166,24,31.13,23.3,0.83,532,12,71.66
TRJ_0167,0,53.8,25.0,0.98,0,0,53.8
TRJ_0167,4,53.8,25.0,0.98,106,3,62.53
TRJ_0167,8,53.8,25.0,0.98,203,6,69.06
TRJ_0167,12,53.8,25.0,0.98,288,7,73.81
TRJ_0167,16,53.8,25.0,0.98,397,9,78.85
TRJ_0167,20,53.8,25.0,0.98,504,12,82.88
TRJ_0167,24,53.8,25.0,0.98,616,14,86.27
TRJ_0168,0,19.61,25.3,1.19,0,0,19.61
TRJ_0168,4,19.61,25.3,1.19,97,2,36.19
TRJ_0168,8,19.61,25.3,1.19,195,5,49.49
TRJ_0168,12,19.61,25.3,1.19,293,6,60.08
TRJ_0168,16,19.61,25.3,1.19,389,7,68.29
TRJ_0168,20,19.61,25.3,1.19,492,10,75.22
TRJ_0168,24,19.61,25.3,1.19,593,11,80.55
TRJ_0169,0,38.04,20.0,1.12,0,0,38.04
TRJ_0169,4,38.04,20.0,1.12,75,3,47.63
TRJ_0169,8,38.04,20.0,1.12,147,6,55.49
TRJ_0169,12,38.04,20.0,1.12,227,8,62.85
TRJ_0169,16,38.04,20.0,1.12,305,11,68.83
TRJ_0169,20,38.04,20.0,1.12,390,13,74.24
TRJ_0169,24,38.04,20.0,1.12,471,16,78.55
TRJ_0170,0,42.71,9.9,1.29,0,0,42.71
TRJ_0170,4,42.71,9.9,1.29,36,2,47.84
TRJ_0170,8,42.71,9.9,1.29,74,5,52.76
TRJ_0170,12,42.71,9.9,1.29,116,7,57.64
TRJ_0170,16,42.71,9.9,1.29,149,8,61.19
TRJ_0170,20,42.71,9.9,1.29,192,10,65.31
TRJ_0170,24,42.71,9.9,1.29,232,12,68.75
TRJ_0171,0,50.23,18.6,0.72,0,0,50.23
TRJ_0171,4,50.23,18.6,0.72,74,3,55.28
TRJ_0171,8,50.23,18.6,0.72,157,6,60.33
TRJ_0171,12,50.23,18.6,0.72,226,9,64.08
TRJ_0171,16,50.23,18.6,0.72,296,12,67.54
TRJ_0171,20,50.23,18.6,0.72,359,13,70.4
TRJ_0171,24,50.23,18.6,0.72,441,16,73.71
TRJ_0172,0,49.68,9.1,0.83,0,0,49.68
TRJ_0172,4,49.68,9.1,0.83,36,3,52.66
TRJ_0172,8,49.68,9.1,0.83,69,5,55.2
TRJ_0172,12,49.68,9.1,0.83,102,6,57.61
TRJ_0172,16,49.68,9.1,0.83,137,7,60.03
TRJ_0172,20,49.68,9.1,0.83,174,10,62.41
TRJ_0172,24,49.68,9.1,0.83,205,11,64.31
TRJ_0173,0,50.15,23.1,0.75,0,0,50.15
TRJ_0173,4,50.15,23.1,0.75,94,2,56.74
TRJ_0173,8,50.15,23.1,0.75,176,5,61.76
TRJ_0173,12,50.15,23.1,0.75,273,7,66.96
TRJ_0173,16,50.15,23.1,0.75,356,8,70.87
TRJ_0173,20,50.15,23.1,0.75,441,11,74.36
TRJ_0173,24,50.15,23.1,0.75,542,13,77.99
TRJ_0174,0,27.45,25.9,1.16,0,0,27.45
TRJ_0174,4,27.45,25.9,1.16,97,2,42.2
TRJ_0174,8,27.45,25.9,1.16,206,4,55.17
TRJ_0174,12,27.45,25.9,1.16,294,6,63.47
TRJ_0174,16,27.45,25.9,1.16,399,9,71.43
TRJ_0174,20,27.45,25.9,1.16,512,11,78.06
TRJ_0174,24,27.45,25.9,1.16,626,13,83.17
TRJ_0175,0,39.78,13.8,1.28,0,0,39.78
TRJ_0175,4,39.78,13.8,1.28,63,1,48.79
TRJ_0175,8,39.78,13.8,1.28,110,4,54.63
TRJ_0175,12,39.78,13.8,1.28,159,5,60.04
TRJ_0175,16,39.78,13.8,1.28,222,8,66.0
TRJ_0175,20,39.78,13.8,1.28,285,11,71.09
TRJ_0175,24,39.78,13.8,1.28,347,13,75.37
TRJ_0176,0,18.09,21.4,0.74,0,0,18.09
TRJ_0176,4,18.09,21.4,0.74,84,1,27.76
TRJ_0176,8,18.09,21.4,0.74,181,3,37.5
TRJ_0176,12,18.09,21.4,0.74,276,4,45.7
TRJ_0176,16,18.09,21.4,0.74,352,6,51.48
TRJ_0176,20,18.09,21.4,0.74,438,8,57.32
TRJ_0176,24,18.09,21.4,0.74,514,11,61.88
TRJ_0177,0,21.05,8.1,0.76,0,0,21.05
TRJ_0177,4,21.05,8.1,0.76,29,1,24.52
TRJ_0177,8,21.05,8.1,0.76,65,4,28.58
TRJ_0177,12,21.05,8.1,0.76,96,6,31.87
TRJ_0177,16,21.05,8.1,0.76,131,7,35.48
TRJ_0177,20,21.05,8.1,0.76,158,10,38.16
TRJ_0177,24,21.05,8.1,0.76,191,11,41.21
TRJ_0178,0,38.2,28.0,0.78,0,0,38.2
TRJ_0178,4,38.2,28.0,0.78,120,1,48.8
TRJ_0178,8,38.2,28.0,0.78,241,3,57.65
TRJ_0178,12,38.2,28.0,0.78,353,4,64.49
TRJ_0178,16,38.2,28.0,0.78,455,6,69.75
TRJ_0178,20,38.2,28.0,0.78,561,7,74.39
TRJ_0178,24,38.2,28.0,0.78,674,8,78.53
TRJ_0179,0,34.65,22.5,0.85,0,0,34.65
TRJ_0179,4,34.65,22.5,0.85,84,3,43.39
TRJ_0179,8,34.65,22.5,0.85,184,6,52.32
TRJ_0179,12,34.65,22.5,0.85,280,8,59.54
TRJ_0179,16,34.65,22.5,0.85,366,9,65.04
TRJ_0179,20,34.65,22.5,0.85,461,10,70.31
TRJ_0179,24,34.65,22.5,0.85,538,13,73.96
TRJ_0180,0,29.17,8.6,0.87,0,0,29.17
TRJ_0180,4,29.17,8.6,0.87,35,1,33.36
TRJ_0180,8,29.17,8.6,0.87,70,3,37.4
TRJ_0180,12,29.17,8.6,0.87,109,6,41.52
TRJ_0180,16,29.17,8.6,0.87,144,9,45.03
TRJ_0180,20,29.17,8.6,0.87,176,10,48.03
TRJ_0180,24,29.17,8.6,0.87,213,12,51.3
TRJ_0181,0,30.55,8.0,1.06,0,0,30.55
TRJ_0181,4,30.55,8.0,1.06,32,1,35.16
TRJ_0181,8,30.55,8.0,1.06,59,2,38.83
TRJ_0181,12,30.55,8.0,1.06,88,3,42.49
TRJ_0181,16,30.55,8.0,1.06,116,4,45.87
TRJ_0181,20,30.55,8.0,1.06,147,7,49.35
TRJ_0181,24,30.55,8.0,1.06,183,8,53.15
TRJ_0182,0,45.21,12.8,1.27,0,0,45.21
TRJ_0182,4,45.21,12.8,1.27,51,1,51.95
TRJ_0182,8,45.21,12.8,1.27,107,2,58.37
TRJ_0182,12,45.21,12.8,1.27,165,3,64.13
TRJ_0182,16,45.21,12.8,1.27,220,6,68.88
TRJ_0182,20,45.21,12.8,1.27,276,9,73.03
TRJ_0182,24,45.21,12.8,1.27,334,10,76.73
TRJ_0183,0,23.65,26.2,0.8,0,0,23.65
TRJ_0183,4,23.65,26.2,0.8,106,2,35.62
TRJ_0183,8,23.65,26.2,0.8,198,4,44.47
TRJ_0183,12,23.65,26.2,0.8,297,6,52.65
TRJ_0183,16,23.65,26.2,0.8,390,7,59.24
TRJ_0183,20,23.65,26.2,0.8,505,9,66.11
TRJ_0183,24,23.65,26.2,0.8,613,12,71.5
TRJ_0184,0,22.91,26.4,1.09,0,0,22.91
TRJ_0184,4,22.91,26.4,1.09,92,1,36.95
TRJ_0184,8,22.91,26.4,1.09,191,3,49.27
TRJ_0184,12,22.91,26.4,1.09,284,6,58.67
TRJ_0184,16,22.91,26.4,1.09,376,8,66.23
TRJ_0184,20,22.91,26.4,1.09,487,11,73.5
TRJ_0184,24,22.91,26.4,1.09,580,12,78.41
TRJ_0185,0,20.89,24.5,1.25,0,0,20.89
TRJ_0185,4,20.89,24.5,1.25,91,3,36.99
TRJ_0185,8,20.89,24.5,1.25,202,4,52.28
TRJ_0185,12,20.89,24.5,1.25,293,6,62.04
TRJ_0185,16,20.89,24.5,1.25,387,9,69.99
TRJ_0185,20,20.89,24.5,1.25,489,11,76.77
TRJ_0185,24,20.89,24.5,1.25,594,14,82.14
TRJ_0186,0,54.5,24.2,0.96,0,0,54.5
TRJ_0186,4,54.5,24.2,0.96,85,1,61.38
TRJ_0186,8,54.5,24.2,0.96,185,2,68.16
TRJ_0186,12,54.5,24.2,0.96,291,4,74.06
TRJ_0186,16,54.5,24.2,0.96,397,6,78.85
TRJ_0186,20,54.5,24.2,0.96,500,9,82.65
TRJ_0186,24,54.5,24.2,0.96,604,11,85.8
TRJ_0187,0,20.19,8.2,1.05,0,0,20.19
TRJ_0187,4,20.19,8.2,1.05,28,2,24.83
TRJ_0187,8,20.19,8.2,1.05,57,3,29.37
TRJ_0187,12,20.19,8.2,1.05,92,6,34.39
TRJ_0187,16,20.19,8.2,1.05,120,8,38.15
TRJ_0187,20,20.19,8.2,1.05,149,9,41.86
TRJ_0187,24,20.19,8.2,1.05,184,10,46.06
TRJ_0188,0,51.98,11.3,1.01,0,0,51.98
TRJ_0188,4,51.98,11.3,1.01,50,3,56.63
TRJ_0188,8,51.98,11.3,1.01,99,5,60.74
TRJ_0188,12,51.98,11.3,1.01,149,6,64.52
TRJ_0188,16,51.98,11.3,1.01,191,8,67.45
TRJ_0188,20,51.98,11.3,1.01,233,11,70.12
TRJ_0188,24,51.98,11.3,1.01,281,12,72.9
TRJ_0189,0,35.82,26.7,1.15,0,0,35.82
TRJ_0189,4,35.82,26.7,1.15,101,1,49.24
TRJ_0189,8,35.82,26.7,1.15,218,3,61.24
TRJ_0189,12,35.82,26.7,1.15,338,5,70.61
TRJ_0189,16,35.82,26.7,1.15,432,7,76.35
TRJ_0189,20,35.82,26.7,1.15,540,10,81.55
TRJ_0189,24,35.82,26.7,1.15,649,13,85.65
TRJ_0190,0,17.39,5.4,0.81,0,0,17.39
TRJ_0190,4,17.39,5.4,0.81,23,2,20.51
TRJ_0190,8,17.39,5.4,0.81,45,4,23.36
TRJ_0190,12,17.39,5.4,0.81,64,7,25.74
TRJ_0190,16,17.39,5.4,0.81,86,9,28.38
TRJ_0190,20,17.39,5.4,0.81,108,11,30.93
TRJ_0190,24,17.39,5.4,0.81,129,12,33.29
TRJ_0191,0,36.01,22.3,1.24,0,0,36.01
TRJ_0191,4,36.01,22.3,1.24,98,1,49.91
TRJ_0191,8,36.01,22.3,1.24,192,2,60.4
TRJ_0191,12,36.01,22.3,1.24,290,5,69.0
TRJ_0191,16,36.01,22.3,1.24,382,8,75.36
TRJ_0191,20,36.01,22.3,1.24,477,11,80.58
TRJ_0191,24,36.01,22.3,1.24,576,12,84.82
TRJ_0192,0,50.16,25.3,1.03,0,0,50.16
TRJ_0192,4,50.16,25.3,1.03,91,2,58.75
TRJ_0192,8,50.16,25.3,1.03,202,3,67.21
TRJ_0192,12,50.16,25.3,1.03,311,5,73.81
TRJ_0192,16,50.16,25.3,1.03,420,7,79.1
TRJ_0192,20,50.16,25.3,1.03,509,9,82.63
TRJ_0192,24,50.16,25.3,1.03,621,10,86.21
TRJ_0193,0,46.92,14.9,0.99,0,0,46.92
TRJ_0193,4,46.92,14.9,0.99,67,3,53.58
TRJ_0193,8,46.92,14.9,0.99,118,4,58.08
TRJ_0193,12,46.92,14.9,0.99,171,6,62.25
TRJ_0193,16,46.92,14.9,0.99,236,7,66.83
TRJ_0193,20,46.92,14.9,0.99,297,9,70.64
TRJ_0193,24,46.92,14.9,0.99,348,11,73.49
TRJ_0194,0,42.95,14.7,0.97,0,0,42.95
TRJ_0194,4,42.95,14.7,0.97,53,2,48.62
TRJ_0194,8,42.95,14.7,0.97,106,3,53.65
TRJ_0194,12,42.95,14.7,0.97,163,5,58.54
TRJ_0194,16,42.95,14.7,0.97,223,7,63.12
TRJ_0194,20,42.95,14.7,0.97,276,8,66.77
TRJ_0194,24,42.95,14.7,0.97,333,10,70.31
TRJ_0195,0,38.48,17.1,0.98,0,0,38.48
TRJ_0195,4,38.48,17.1,0.98,64,3,45.74
TRJ_0195,8,38.48,17.1,0.98,124,5,51.8
TRJ_0195,12,38.48,17.1,0.98,201,8,58.6
TRJ_0195,16,38.48,17.1,0.98,277,11,64.38
TRJ_0195,20,38.48,17.1,0.98,354,14,69.38
TRJ_0195,24,38.48,17.1,0.98,423,16,73.28
TRJ_0196,0,25.45,13.2,1.06,0,0,25.45
TRJ_0196,4,25.45,13.2,1.06,56,3,33.82
TRJ_0196,8,25.45,13.2,1.06,111,5,41.12
TRJ_0196,12,25.45,13.2,1.06,158,6,46.78
TRJ_0196,16,25.45,13.2,1.06,216,9,53.03
TRJ_0196,20,25.45,13.2,1.06,270,10,58.17
TRJ_0196,24,25.45,13.2,1.06,328,11,63.05
TRJ_0197,0,39.71,15.1,0.75,0,0,39.71
TRJ_0197,4,39.71,15.1,0.75,56,1,44.64
TRJ_0197,8,39.71,15.1,0.75,110,4,49.01
TRJ_0197,12,39.71,15.1,0.75,178,7,54.0
TRJ_0197,16,39.71,15.1,0.75,236,8,57.87
TRJ_0197,20,39.71,15.1,0.75,303,9,61.94
TRJ_0197,24,39.71,15.1,0.75,360,10,65.08
TRJ_0198,0,19.95,25.2,0.98,0,0,19.95
TRJ_0198,4,19.95,25.2,0.98,111,1,35.65
TRJ_0198,8,19.95,25.2,0.98,213,2,47.4
TRJ_0198,12,19.95,25.2,0.98,301,4,55.79
TRJ_0198,16,19.95,25.2,0.98,387,5,62.69
TRJ_0198,20,19.95,25.2,0.98,477,6,68.76
TRJ_0198,24,19.95,25.2,0.98,572,9,74.09
TRJ_0199,0,31.36,26.6,1.23,0,0,31.36
TRJ_0199,4,31.36,26.6,1.23,105,3,46.99
TRJ_0199,8,31.36,26.6,1.23,216,5,59.69
TRJ_0199,12,31.36,26.6,1.23,310,8,68.06
TRJ_0199,16,31.36,26.6,1.23,430,10,76.27
TRJ_0199,20,31.36,26.6,1.23,531,12,81.5
TRJ_0199,24,31.36,26.6,1.23,642,13,85.93
TRJ_0200,0,37.1,24.2,1.3,0,0,37.1
TRJ_0200,4,37.1,24.2,1.3,94,3,50.86
TRJ_0200,8,37.1,24.2,1.3,184,6,61.2
TRJ_0200,12,37.1,24.2,1.3,269,9,68.91
TRJ_0200,16,37.1,24.2,1.3,374,10,76.36
TRJ_0200,20,37.1,24.2,1.3,465,13,81.35
TRJ_0200,24,37.1,24.2,1.3,560,15,85.44
TRJ_0201,0,53.27,28.7,1.12,0,0,53.27
TRJ_0201,4,53.27,28.7,1.12,101,3,62.74
TRJ_0201,8,53.27,28.7,1.12,214,6,71.08
TRJ_0201,12,53.27,28.7,1.12,342,8,78.33
TRJ_0201,16,53.27,28.7,1.12,456,9,83.25
TRJ_0201,20,53.27,28.7,1.12,587,12,87.52
TRJ_0201,24,53.27,28.7,1.12,691,14,90.12
TRJ_0202,0,38.91,9.7,1.18,0,0,38.91
TRJ_0202,4,38.91,9.7,1.18,43,1,44.89
TRJ_0202,8,38.91,9.7,1.18,76,4,49.1
TRJ_0202,12,38.91,9.7,1.18,113,5,53.46
TRJ_0202,16,38.91,9.7,1.18,146,7,56.99
TRJ_0202,20,38.91,9.7,1.18,179,8,60.29
TRJ_0202,24,38.91,9.7,1.18,216,10,63.63
TRJ_0203,0,38.33,26.3,1.27,0,0,38.33
TRJ_0203,4,38.33,26.3,1.27,97,3,51.91
TRJ_0203,8,38.33,26.3,1.27,193,5,62.36
TRJ_0203,12,38.33,26.3,1.27,287,7,70.39
TRJ_0203,16,38.33,26.3,1.27,377,8,76.44
TRJ_0203,20,38.33,26.3,1.27,483,11,82.02
TRJ_0203,24,38.33,26.3,1.27,589,12,86.27
TRJ_0204,0,18.42,5.4,0.93,0,0,18.42
TRJ_0204,4,18.42,5.4,0.93,18,2,21.23
TRJ_0204,8,18.42,5.4,0.93,36,5,23.93
TRJ_0204,12,18.42,5.4,0.93,57,8,26.92
TRJ_0204,16,18.42,5.4,0.93,80,10,30.06
TRJ_0204,20,18.42,5.4,0.93,102,12,32.95
TRJ_0204,24,18.42,5.4,0.93,121,14,35.32
TRJ_0205,0,41.43,13.8,0.75,0,0,41.43
TRJ_0205,4,41.43,13.8,0.75,53,1,45.91
TRJ_0205,8,41.43,13.8,0.75,114,3,50.66
TRJ_0205,12,41.43,13.8,0.75,164,4,54.24
TRJ_0205,16,41.43,13.8,0.75,219,5,57.87
TRJ_0205,20,41.43,13.8,0.75,271,6,61.07
TRJ_0205,24,41.43,13.8,0.75,331,7,64.43
TRJ_0206,0,38.95,15.2,0.96,0,0,38.95
TRJ_0206,4,38.95,15.2,0.96,68,3,46.44
TRJ_0206,8,38.95,15.2,0.96,124,6,51.92
TRJ_0206,12,38.95,15.2,0.96,177,9,56.59
TRJ_0206,16,38.95,15.2,0.96,244,10,61.85
TRJ_0206,20,38.95,15.2,0.96,304,12,66.03
TRJ_0206,24,38.95,15.2,0.96,356,13,69.29
TRJ_0207,0,51.19,20.7,0.85,0,0,51.19
TRJ_0207,4,51.19,20.7,0.85,87,1,57.95
TRJ_0207,8,51.19,20.7,0.85,164,3,63.11
TRJ_0207,12,51.19,20.7,0.85,244,4,67.81
TRJ_0207,16,51.19,20.7,0.85,323,7,71.86
TRJ_0207,20,51.19,20.7,0.85,411,8,75.81
TRJ_0207,24,51.19,20.7,0.85,484,9,78.63
TRJ_0208,0,26.27,27.5,1.23,0,0,26.27
TRJ_0208,4,26.27,27.5,1.23,125,3,45.86
TRJ_0208,8,26.27,27.5,1.23,219,5,57.08
TRJ_0208,12,26.27,27.5,1.23,316,7,66.21
TRJ_0208,16,26.27,27.5,1.23,441,9,75.18
TRJ_0208,20,26.27,27.5,1.23,544,12,80.74
TRJ_0208,24,26.27,27.5,1.23,661,13,85.58
TRJ_0209,0,52.87,25.7,0.93,0,0,52.87
TRJ_0209,4,52.87,25.7,0.93,106,1,61.33
TRJ_0209,8,52.87,25.7,0.93,206,2,67.92
TRJ_0209,12,52.87,25.7,0.93,302,3,73.21
TRJ_0209,16,52.87,25.7,0.93,412,6,78.18
TRJ_0209,20,52.87,25.7,0.93,529,7,82.47
TRJ_0209,24,52.87,25.7,0.93,630,10,85.48
TRJ_0210,0,37.07,15.9,1.29,0,0,37.07
TRJ_0210,4,37.07,15.9,1.29,67,3,47.18
TRJ_0210,8,37.07,15.9,1.29,130,6,55.18
TRJ_0210,12,37.07,15.9,1.29,198,7,62.45
TRJ_0210,16,37.07,15.9,1.29,254,8,67.58
TRJ_0210,20,37.07,15.9,1.29,308,11,71.84
TRJ_0210,24,37.07,15.9,1.29,371,13,76.12
TRJ_0211,0,42.73,7.6,0.86,0,0,42.73
TRJ_0211,4,42.73,7.6,0.86,34,2,46.06
TRJ_0211,8,42.73,7.6,0.86,61,4,48.54
TRJ_0211,12,42.73,7.6,0.86,88,6,50.91
TRJ_0211,16,42.73,7.6,0.86,117,8,53.32
TRJ_0211,20,42.73,7.6,0.86,151,9,56.04
TRJ_0211,24,42.73,7.6,0.86,179,11,58.16
TRJ_0212,0,23.14,9.4,1.18,0,0,23.14
TRJ_0212,4,23.14,9.4,1.18,41,2,30.29
TRJ_0212,8,23.14,9.4,1.18,81,5,36.57
TRJ_0212,12,23.14,9.4,1.18,122,7,42.55
TRJ_0212,16,23.14,9.4,1.18,164,10,47.99
TRJ_0212,20,23.14,9.4,1.18,204,11,52.77
TRJ_0212,24,23.14,9.4,1.18,243,14,56.95
TRJ_0213,0,45.85,29.0,1.13,0,0,45.85
TRJ_0213,4,45.85,29.0,1.13,124,3,59.12
TRJ_0213,8,45.85,29.0,1.13,234,4,68.15
TRJ_0213,12,45.85,29.0,1.13,349,5,75.46
TRJ_0213,16,45.85,29.0,1.13,481,7,81.79
TRJ_0213,20,45.85,29.0,1.13,610,9,86.41
TRJ_0213,24,45.85,29.0,1.13,713,11,89.25
TRJ_0214,0,18.81,16.4,0.81,0,0,18.81
TRJ_0214,4,18.81,16.4,0.81,74,1,28.06
TRJ_0214,8,18.81,16.4,0.81,144,3,35.83
TRJ_0214,12,18.81,16.4,0.81,216,5,42.92
TRJ_0214,16,18.81,16.4,0.81,284,8,48.93
TRJ_0214,20,18.81,16.4,0.81,355,11,54.5
TRJ_0214,24,18.81,16.4,0.81,415,12,58.73
TRJ_0215,0,54.49,19.8,0.9,0,0,54.49
TRJ_0215,4,54.49,19.8,0.9,90,1,61.35
TRJ_0215,8,54.49,19.8,0.9,157,3,65.79
TRJ_0215,12,54.49,19.8,0.9,240,4,70.58
TRJ_0215,16,54.49,19.8,0.9,326,6,74.84
TRJ_0215,20,54.49,19.8,0.9,395,9,77.79
TRJ_0215,24,54.49,19.8,0.9,481,12,81.0
TRJ_0216,0,43.19,12.5,0.77,0,0,43.19
TRJ_0216,4,43.19,12.5,0.77,54,3,47.73
TRJ_0216,8,43.19,12.5,0.77,110,5,52.07
TRJ_0216,12,43.19,12.5,0.77,158,7,55.55
TRJ_0216,16,43.19,12.5,0.77,209,9,58.92
TRJ_0216,20,43.19,12.5,0.77,257,10,61.87
TRJ_0216,24,43.19,12.5,0.77,310,11,64.91
TRJ_0217,0,49.44,20.3,0.99,0,0,49.44
TRJ_0217,4,49.44,20.3,0.99,86,1,57.38
TRJ_0217,8,49.44,20.3,0.99,165,4,63.58
TRJ_0217,12,49.44,20.3,0.99,249,6,69.16
TRJ_0217,16,49.44,20.3,0.99,330,7,73.76
TRJ_0217,20,49.44,20.3,0.99,403,9,77.31
TRJ_0217,24,49.44,20.3,0.99,481,12,80.58
TRJ_0218,0,25.4,11.9,0.71,0,0,25.4
TRJ_0218,4,25.4,11.9,0.71,52,2,30.74
TRJ_0218,8,25.4,11.9,0.71,92,4,34.64
TRJ_0218,12,25.4,11.9,0.71,143,7,39.24
TRJ_0218,16,25.4,11.9,0.71,185,10,42.83
TRJ_0218,20,25.4,11.9,0.71,238,11,47.04
TRJ_0218,24,25.4,11.9,0.71,289,12,50.8
TRJ_0219,0,19.62,25.1,0.91,0,0,19.62
TRJ_0219,4,19.62,25.1,0.91,112,1,34.55
TRJ_0219,8,19.62,25.1,0.91,212,4,45.5
TRJ_0219,12,19.62,25.1,0.91,319,6,55.18
TRJ_0219,16,19.62,25.1,0.91,405,9,61.68
TRJ_0219,20,19.62,25.1,0.91,492,11,67.29
TRJ_0219,24,19.62,25.1,0.91,577,12,72.0
TRJ_0220,0,16.29,18.8,1.17,0,0,16.29
TRJ_0220,4,16.29,18.8,1.17,65,1,28.12
TRJ_0220,8,16.29,18.8,1.17,135,4,38.99
TRJ_0220,12,16.29,18.8,1.17,209,7,48.73
TRJ_0220,16,16.29,18.8,1.17,284,8,57.02
TRJ_0220,20,16.29,18.8,1.17,362,10,64.26
TRJ_0220,24,16.29,18.8,1.17,427,13,69.35
TRJ_0221,0,45.7,8.7,0.95,0,0,45.7
TRJ_0221,4,45.7,8.7,0.95,32,3,48.96
TRJ_0221,8,45.7,8.7,0.95,66,6,52.21
TRJ_0221,12,45.7,8.7,0.95,97,7,55.01
TRJ_0221,16,45.7,8.7,0.95,134,9,58.07
TRJ_0221,20,45.7,8.7,0.95,169,10,60.84
TRJ_0221,24,45.7,8.7,0.95,205,11,63.44
TRJ_0222,0,43.75,10.3,1.04,0,0,43.75
TRJ_0222,4,43.75,10.3,1.04,41,2,48.45
TRJ_0222,8,43.75,10.3,1.04,84,4,52.87
TRJ_0222,12,43.75,10.3,1.04,128,6,57.05
TRJ_0222,16,43.75,10.3,1.04,174,9,60.98
TRJ_0222,20,43.75,10.3,1.04,210,10,63.84
TRJ_0222,24,43.75,10.3,1.04,246,11,66.48
TRJ_0223,0,19.56,27.3,0.91,0,0,19.56
TRJ_0223,4,19.56,27.3,0.91,114,1,34.71
TRJ_0223,8,19.56,27.3,0.91,218,3,46.05
TRJ_0223,12,19.56,27.3,0.91,326,5,55.71
TRJ_0223,16,19.56,27.3,0.91,439,6,63.96
TRJ_0223,20,19.56,27.3,0.91,545,8,70.32
TRJ_0223,24,19.56,27.3,0.91,640,11,75.06
TRJ_0224,0,38.09,27.1,1.01,0,0,38.09
TRJ_0224,4,38.09,27.1,1.01,121,3,51.58
TRJ_0224,8,38.09,27.1,1.01,231,6,61.31
TRJ_0224,12,38.09,27.1,1.01,344,8,69.26
TRJ_0224,16,38.09,27.1,1.01,446,11,75.01
TRJ_0224,20,38.09,27.1,1.01,551,14,79.81
TRJ_0224,24,38.09,27.1,1.01,662,15,83.9
TRJ_0225,0,46.8,22.9,1.09,0,0,46.8
TRJ_0225,4,46.8,22.9,1.09,103,3,57.59
TRJ_0225,8,46.8,22.9,1.09,182,6,64.31
TRJ_0225,12,46.8,22.9,1.09,284,8,71.45
TRJ_0225,16,46.8,22.9,1.09,373,9,76.51
TRJ_0225,20,46.8,22.9,1.09,455,10,80.39
TRJ_0225,24,46.8,22.9,1.09,535,12,83.56
TRJ_0226,0,54.22,28.9,1.29,0,0,54.22
TRJ_0226,4,54.22,28.9,1.29,119,1,66.33
TRJ_0226,8,54.22,28.9,1.29,234,4,75.03
TRJ_0226,12,54.22,28.9,1.29,355,5,81.75
TRJ_0226,16,54.22,28.9,1.29,464,8,86.25
TRJ_0226,20,54.22,28.9,1.29,573,10,89.62
TRJ_0226,24,54.22,28.9,1.29,690,12,92.34
TRJ_0227,0,49.74,29.0,0.91,0,0,49.74
TRJ_0227,4,49.74,29.0,0.91,129,3,60.32
TRJ_0227,8,49.74,29.0,0.91,232,5,67.11
TRJ_0227,12,49.74,29.0,0.91,335,8,72.75
TRJ_0227,16,49.74,29.0,0.91,466,9,78.57
TRJ_0227,20,49.74,29.0,0.91,597,10,83.11
TRJ_0227,24,49.74,29.0,0.91,699,13,85.99
TRJ_0228,0,51.5,17.1,1.2,0,0,51.5
TRJ_0228,4,51.5,17.1,1.2,64,1,58.42
TRJ_0228,8,51.5,17.1,1.2,136,3,65.07
TRJ_0228,12,51.5,17.1,1.2,212,4,70.91
TRJ_0228,16,51.5,17.1,1.2,286,7,75.67
TRJ_0228,20,51.5,17.1,1.2,351,8,79.21
TRJ_0228,24,51.5,17.1,1.2,410,9,81.99
TRJ_0229,0,49.07,14.4,1.06,0,0,49.07
TRJ_0229,4,49.07,14.4,1.06,49,1,54.12
TRJ_0229,8,49.07,14.4,1.06,114,4,60.08
TRJ_0229,12,49.07,14.4,1.06,165,5,64.2
TRJ_0229,16,49.07,14.4,1.06,225,8,68.49
TRJ_0229,20,49.07,14.4,1.06,287,11,72.42
TRJ_0229,24,49.07,14.4,1.06,337,14,75.24
TRJ_0230,0,37.84,29.1,1.25,0,0,37.84
TRJ_0230,4,37.84,29.1,1.25,108,2,52.61
TRJ_0230,8,37.84,29.1,1.25,240,3,65.97
TRJ_0230,12,37.84,29.1,1.25,372,4,75.57
TRJ_0230,16,37.84,29.1,1.25,486,5,81.67
TRJ_0230,20,37.84,29.1,1.25,590,8,85.88
TRJ_0230,24,37.84,29.1,1.25,691,9,89.04
TRJ_0231,0,32.99,18.4,0.86,0,0,32.99
TRJ_0231,4,32.99,18.4,0.86,62,3,39.83
TRJ_0231,8,32.99,18.4,0.86,127,5,46.25
TRJ_0231,12,32.99,18.4,0.86,194,6,52.17
TRJ_0231,16,32.99,18.4,0.86,263,8,57.56
TRJ_0231,20,32.99,18.4,0.86,334,11,62.49
TRJ_0231,24,32.99,18.4,0.86,412,14,67.22
TRJ_0232,0,46.31,13.8,1.25,0,0,46.31
TRJ_0232,4,46.31,13.8,1.25,49,1,52.6
TRJ_0232,8,46.31,13.8,1.25,101,3,58.4
TRJ_0232,12,46.31,13.8,1.25,150,6,63.22
TRJ_0232,16,46.31,13.8,1.25,208,8,68.19
TRJ_0232,20,46.31,13.8,1.25,258,11,71.97
TRJ_0232,24,46.31,13.8,1.25,316,12,75.76
TRJ_0233,0,16.64,10.2,0.99,0,0,16.64
TRJ_0233,4,16.64,10.2,0.99,44,3,23.62
TRJ_0233,8,16.64,10.2,0.99,80,4,28.96
TRJ_0233,12,16.64,10.2,0.99,117,6,34.02
TRJ_0233,16,16.64,10.2,0.99,159,9,39.3
TRJ_0233,20,16.64,10.2,0.99,203,12,44.44
TRJ_0233,24,16.64,10.2,0.99,244,14,48.83
TRJ_0234,0,39.62,29.5,1.18,0,0,39.62
TRJ_0234,4,39.62,29.5,1.18,116,2,54.14
TRJ_0234,8,39.62,29.5,1.18,219,3,64.07
TRJ_0234,12,39.62,29.5,1.18,350,4,73.66
TRJ_0234,16,39.62,29.5,1.18,478,6,80.57
TRJ_0234,20,39.62,29.5,1.18,593,7,85.2
TRJ_0234,24,39.62,29.5,1.18,721,10,89.08
TRJ_0235,0,44.1,10.0,0.81,0,0,44.1
TRJ_0235,4,44.1,10.0,0.81,43,3,47.89
TRJ_0235,8,44.1,10.0,0.81,83,5,51.22
TRJ_0235,12,44.1,10.0,0.81,122,6,54.23
TRJ_0235,16,44.1,10.0,0.81,160,8,57.0
TRJ_0235,20,44.1,10.0,0.81,202,11,59.87
TRJ_0235,24,44.1,10.0,0.81,240,12,62.31
TRJ_0236,0,15.48,12.8,1.24,0,0,15.48
TRJ_0236,4,15.48,12.8,1.24,49,1,25.19
TRJ_0236,8,15.48,12.8,1.24,93,3,32.94
TRJ_0236,12,15.48,12.8,1.24,147,5,41.46
TRJ_0236,16,15.48,12.8,1.24,194,7,47.99
TRJ_0236,20,15.48,12.8,1.24,238,9,53.42
TRJ_0236,24,15.48,12.8,1.24,293,12,59.44
TRJ_0237,0,15.25,9.0,0.82,0,0,15.25
TRJ_0237,4,15.25,9.0,0.82,38,1,20.38
TRJ_0237,8,15.25,9.0,0.82,69,3,24.42
TRJ_0237,12,15.25,9.0,0.82,107,4,29.01
TRJ_0237,16,15.25,9.0,0.82,141,6,32.87
TRJ_0237,20,15.25,9.0,0.82,177,9,36.73
TRJ_0237,24,15.25,9.0,0.82,216,11,40.69
TRJ_0238,0,32.68,8.8,0.78,0,0,32.68
TRJ_0238,4,32.68,8.8,0.78,33,1,36.16
TRJ_0238,8,32.68,8.8,0.78,64,4,39.22
TRJ_0238,12,32.68,8.8,0.78,100,6,42.59
TRJ_0238,16,32.68,8.8,0.78,136,7,45.75
TRJ_0238,20,32.68,8.8,0.78,173,9,48.82
TRJ_0238,24,32.68,8.8,0.78,209,10,51.64
TRJ_0239,0,29.36,19.9,1.22,0,0,29.36
TRJ_0239,4,29.36,19.9,1.22,68,2,40.26
TRJ_0239,8,29.36,19.9,1.22,137,5,49.62
TRJ_0239,12,29.36,19.9,1.22,228,6,59.65
TRJ_0239,16,29.36,19.9,1.22,313,9,67.29
TRJ_0239,20,29.36,19.9,1.22,382,12,72.38
TRJ_0239,24,29.36,19.9,1.22,472,13,77.83
TRJ_0240,0,52.69,22.0,1.25,0,0,52.69
TRJ_0240,4,52.69,22.0,1.25,83,3,61.63
TRJ_0240,8,52.69,22.0,1.25,168,4,69.01
TRJ_0240,12,52.69,22.0,1.25,254,5,75.04
TRJ_0240,16,52.69,22.0,1.25,352,7,80.51
TRJ_0240,20,52.69,22.0,1.25,451,10,84.81
TRJ_0240,24,52.69,22.0,1.25,541,13,87.88
TRJ_0241,0,51.22,26.4,0.95,0,0,51.22
TRJ_0241,4,51.22,26.4,0.95,112,2,60.57
TRJ_0241,8,51.22,26.4,0.95,207,5,67.12
TRJ_0241,12,51.22,26.4,0.95,301,7,72.52
TRJ_0241,16,51.22,26.4,0.95,412,8,77.76
TRJ_0241,20,51.22,26.4,0.95,515,11,81.73
TRJ_0241,24,51.22,26.4,0.95,626,13,85.23
TRJ_0242,0,46.77,15.5,1.27,0,0,46.77
TRJ_0242,4,46.77,15.5,1.27,69,3,55.41
TRJ_0242,8,46.77,15.5,1.27,123,5,61.17
TRJ_0242,12,46.77,15.5,1.27,178,7,66.25
TRJ_0242,16,46.77,15.5,1.27,233,8,70.67
TRJ_0242,20,46.77,15.5,1.27,295,10,74.97
TRJ_0242,24,46.77,15.5,1.27,356,12,78.59
TRJ_0243,0,50.35,14.2,0.97,0,0,50.35
TRJ_0243,4,50.35,14.2,0.97,63,1,56.09
TRJ_0243,8,50.35,14.2,0.97,120,4,60.73
TRJ_0243,12,50.35,14.2,0.97,178,6,64.95
TRJ_0243,16,50.35,14.2,0.97,228,7,68.21
TRJ_0243,20,50.35,14.2,0.97,276,10,71.08
TRJ_0243,24,50.35,14.2,0.97,337,12,74.34
TRJ_0244,0,26.58,17.5,1.21,0,0,26.58
TRJ_0244,4,26.58,17.5,1.21,68,2,37.72
TRJ_0244,8,26.58,17.5,1.21,147,5,48.57
TRJ_0244,12,26.58,17.5,1.21,220,7,56.97
TRJ_0244,16,26.58,17.5,1.21,280,10,62.85
TRJ_0244,20,26.58,17.5,1.21,342,12,68.03
TRJ_0244,24,26.58,17.5,1.21,418,13,73.44
TRJ_0245,0,54.65,9.2,1.03,0,0,54.65
TRJ_0245,4,54.65,9.2,1.03,36,3,57.89
TRJ_0245,8,54.65,9.2,1.03,71,5,60.84
TRJ_0245,12,54.65,9.2,1.03,110,7,63.89
TRJ_0245,16,54.65,9.2,1.03,141,9,66.16
TRJ_0245,20,54.65,9.2,1.03,179,10,68.76
TRJ_0245,24,54.65,9.2,1.03,211,12,70.79
TRJ_0246,0,30.83,14.6,0.89,0,0,30.83
TRJ_0246,4,30.83,14.6,0.89,66,2,38.53
TRJ_0246,8,30.83,14.6,0.89,127,5,44.86
TRJ_0246,12,30.83,14.6,0.89,183,7,50.14
TRJ_0246,16,30.83,14.6,0.89,234,8,54.53
TRJ_0246,20,30.83,14.6,0.89,285,11,58.5
TRJ_0246,24,30.83,14.6,0.89,346,14,62.83
TRJ_0247,0,21.87,22.1,1.27,0,0,21.87
TRJ_0247,4,21.87,22.1,1.27,94,3,38.59
TRJ_0247,8,21.87,22.1,1.27,181,4,50.8
TRJ_0247,12,21.87,22.1,1.27,273,5,61.1
TRJ_0247,16,21.87,22.1,1.27,351,8,68.16
TRJ_0247,20,21.87,22.1,1.27,436,11,74.39
TRJ_0247,24,21.87,22.1,1.27,525,12,79.59
TRJ_0248,0,28.29,19.1,0.8,0,0,28.29
TRJ_0248,4,28.29,19.1,0.8,83,1,37.21
TRJ_0248,8,28.29,19.1,0.8,156,3,44.17
TRJ_0248,12,28.29,19.1,0.8,226,6,50.08
TRJ_0248,16,28.29,19.1,0.8,302,9,55.82
TRJ_0248,20,28.29,19.1,0.8,380,10,61.05
TRJ_0248,24,28.29,19.1,0.8,456,13,65.54
TRJ_0249,0,17.63,13.3,0.83,0,0,17.63
TRJ_0249,4,17.63,13.3,0.83,57,2,25.19
TRJ_0249,8,17.63,13.3,0.83,117,3,32.35
TRJ_0249,12,17.63,13.3,0.83,172,5,38.34
TRJ_0249,16,17.63,13.3,0.83,232,7,44.19
TRJ_0249,20,17.63,13.3,0.83,290,10,49.32
TRJ_0249,24,17.63,13.3,0.83,336,12,53.06
TRJ_0250,0,48.31,22.7,0.85,0,0,48.31
TRJ_0250,4,48.31,22.7,0.85,85,1,55.34
TRJ_0250,8,48.31,22.7,0.85,182,4,62.18
TRJ_0250,12,48.31,22.7,0.85,284,5,68.23
TRJ_0250,16,48.31,22.7,0.85,366,8,72.41
TRJ_0250,20,48.31,22.7,0.85,464,9,76.65
TRJ_0250,24,48.31,22.7,0.85,561,12,80.21
TRJ_0251,0,46.42,17.4,0.72,0,0,46.42
TRJ_0251,4,46.42,17.4,0.72,61,2,50.99
TRJ_0251,8,46.42,17.4,0.72,129,3,55.56
TRJ_0251,12,46.42,17.4,0.72,203,6,60.07
TRJ_0251,16,46.42,17.4,0.72,279,7,64.23
TRJ_0251,20,46.42,17.4,0.72,354,9,67.93
TRJ_0251,24,46.42,17.4,0.72,427,12,71.16
TRJ_0252,0,48.04,19.2,0.7,0,0,48.04
TRJ_0252,4,48.04,19.2,0.7,79,2,53.53
TRJ_0252,8,48.04,19.2,0.7,164,4,58.76
TRJ_0252,12,48.04,19.2,0.7,240,5,62.96
TRJ_0252,16,48.04,19.2,0.7,319,7,66.87
TRJ_0252,20,48.04,19.2,0.7,404,9,70.6
TRJ_0252,24,48.04,19.2,0.7,489,10,73.93
TRJ_0253,0,44.46,11.5,0.75,0,0,44.46
TRJ_0253,4,44.46,11.5,0.75,42,2,47.93
TRJ_0253,8,44.46,11.5,0.75,94,3,51.88
TRJ_0253,12,44.46,11.5,0.75,140,5,55.09
TRJ_0253,16,44.46,11.5,0.75,190,7,58.35
TRJ_0253,20,44.46,11.5,0.75,232,10,60.93
TRJ_0253,24,44.46,11.5,0.75,282,13,63.8
TRJ_0254,0,27.48,29.3,1.05,0,0,27.48
TRJ_0254,4,27.48,29.3,1.05,130,1,44.89
TRJ_0254,8,27.48,29.3,1.05,229,2,55.3
TRJ_0254,12,27.48,29.3,1.05,340,4,64.63
TRJ_0254,16,27.48,29.3,1.05,453,6,72.11
TRJ_0254,20,27.48,29.3,1.05,575,9,78.45
TRJ_0254,24,27.48,29.3,1.05,693,10,83.21
TRJ_0255,0,42.08,15.8,0.86,0,0,42.08
TRJ_0255,4,42.08,15.8,0.86,71,1,48.8
TRJ_0255,8,42.08,15.8,0.86,128,2,53.64
TRJ_0255,12,42.08,15.8,0.86,197,4,58.87
TRJ_0255,16,42.08,15.8,0.86,267,7,63.59
TRJ_0255,20,42.08,15.8,0.86,325,8,67.1
TRJ_0255,24,42.08,15.8,0.86,389,9,70.57
TRJ_0256,0,44.53,26.9,1.2,0,0,44.53
TRJ_0256,4,44.53,26.9,1.2,117,3,58.2
TRJ_0256,8,44.53,26.9,1.2,210,4,66.61
TRJ_0256,12,44.53,26.9,1.2,332,7,75.15
TRJ_0256,16,44.53,26.9,1.2,440,9,80.84
TRJ_0256,20,44.53,26.9,1.2,541,12,84.98
TRJ_0256,24,44.53,26.9,1.2,638,13,88.12
TRJ_0257,0,53.45,6.5,1.26,0,0,53.45
TRJ_0257,4,53.45,6.5,1.26,23,1,56.16
TRJ_0257,8,53.45,6.5,1.26,52,4,59.32
TRJ_0257,12,53.45,6.5,1.26,74,6,61.55
TRJ_0257,16,53.45,6.5,1.26,97,7,63.73
TRJ_0257,20,53.45,6.5,1.26,119,9,65.7
TRJ_0257,24,53.45,6.5,1.26,141,10,67.57
TRJ_0258,0,52.02,24.2,1.24,0,0,52.02
TRJ_0258,4,52.02,24.2,1.24,83,1,60.96
TRJ_0258,8,52.02,24.2,1.24,167,4,68.32
TRJ_0258,12,52.02,24.2,1.24,278,5,75.95
TRJ_0258,16,52.02,24.2,1.24,374,7,81.07
TRJ_0258,20,52.02,24.2,1.24,460,8,84.71
TRJ_0258,24,52.02,24.2,1.24,555,9,87.93
TRJ_0259,0,19.18,29.5,1.13,0,0,19.18
TRJ_0259,4,19.18,29.5,1.13,107,2,36.59
TRJ_0259,8,19.18,29.5,1.13,227,4,51.67
TRJ_0259,12,19.18,29.5,1.13,352,5,63.64
TRJ_0259,16,19.18,29.5,1.13,478,7,72.68
TRJ_0259,20,19.18,29.5,1.13,588,9,78.74
TRJ_0259,24,19.18,29.5,1.13,690,11,83.15
TRJ_0260,0,50.2,28.3,1.03,0,0,50.2
TRJ_0260,4,50.2,28.3,1.03,125,2,61.55
TRJ_0260,8,50.2,28.3,1.03,239,5,69.64
TRJ_0260,12,50.2,28.3,1.03,344,6,75.55
TRJ_0260,16,50.2,28.3,1.03,462,7,80.84
TRJ_0260,20,50.2,28.3,1.03,577,10,84.9
TRJ_0260,24,50.2,28.3,1.03,704,11,88.38
TRJ_0261,0,52.67,16.0,0.8,0,0,52.67
TRJ_0261,4,52.67,16.0,0.8,69,3,57.65
TRJ_0261,8,52.67,16.0,0.8,127,5,61.46
TRJ_0261,12,52.67,16.0,0.8,192,6,65.3
TRJ_0261,16,52.67,16.0,0.8,259,9,68.84
TRJ_0261,20,52.67,16.0,0.8,329,10,72.17
TRJ_0261,24,52.67,16.0,0.8,387,11,74.65
TRJ_0262,0,48.4,17.8,1.02,0,0,48.4
TRJ_0262,4,48.4,17.8,1.02,80,2,56.22
TRJ_0262,8,48.4,17.8,1.02,148,5,61.94
TRJ_0262,12,48.4,17.8,1.02,209,8,66.4
TRJ_0262,16,48.4,17.8,1.02,275,11,70.65
TRJ_0262,20,48.4,17.8,1.02,351,13,74.91
TRJ_0262,24,48.4,17.8,1.02,429,15,78.63
TRJ_0263,0,35.13,16.7,0.91,0,0,35.13
TRJ_0263,4,35.13,16.7,0.91,73,2,43.24
TRJ_0263,8,35.13,16.7,0.91,138,3,49.58
TRJ_0263,12,35.13,16.7,0.91,199,4,54.94
TRJ_0263,16,35.13,16.7,0.91,270,7,60.43
TRJ_0263,20,35.13,16.7,0.91,337,10,64.98
TRJ_0263,24,35.13,16.7,0.91,395,13,68.51
TRJ_0264,0,42.17,15.3,1.21,0,0,42.17
TRJ_0264,4,42.17,15.3,1.21,69,1,51.1
TRJ_0264,8,42.17,15.3,1.21,138,4,58.7
TRJ_0264,12,42.17,15.3,1.21,208,6,65.15
TRJ_0264,16,42.17,15.3,1.21,275,9,70.42
TRJ_0264,20,42.17,15.3,1.21,333,11,74.34
TRJ_0264,24,42.17,15.3,1.21,389,14,77.63
TRJ_0265,0,23.11,23.5,1.08,0,0,23.11
TRJ_0265,4,23.11,23.5,1.08,96,2,37.53
TRJ_0265,8,23.11,23.5,1.08,187,5,48.74
TRJ_0265,12,23.11,23.5,1.08,288,7,58.84
TRJ_0265,16,23.11,23.5,1.08,379,9,66.21
TRJ_0265,20,23.11,23.5,1.08,471,10,72.33
TRJ_0265,24,23.11,23.5,1.08,560,12,77.19
TRJ_0266,0,33.75,8.1,1.25,0,0,33.75
TRJ_0266,4,33.75,8.1,1.25,34,1,39.28
TRJ_0266,8,33.75,8.1,1.25,67,4,44.09
TRJ_0266,12,33.75,8.1,1.25,102,5,48.89
TRJ_0266,16,33.75,8.1,1.25,130,6,52.46
TRJ_0266,20,33.75,8.1,1.25,158,7,55.77
TRJ_0266,24,33.75,8.1,1.25,193,9,59.48
TRJ_0267,0,30.2,24.5,1.18,0,0,30.2
TRJ_0267,4,30.2,24.5,1.18,110,1,46.18
TRJ_0267,8,30.2,24.5,1.18,202,4,56.75
TRJ_0267,12,30.2,24.5,1.18,286,6,64.6
TRJ_0267,16,30.2,24.5,1.18,383,8,71.88
TRJ_0267,20,30.2,24.5,1.18,468,11,77.03
TRJ_0267,24,30.2,24.5,1.18,566,12,81.79
TRJ_0268,0,49.78,18.4,0.81,0,0,49.78
TRJ_0268,4,49.78,18.4,0.81,67,2,54.99
TRJ_0268,8,49.78,18.4,0.81,148,4,60.57
TRJ_0268,12,49.78,18.4,0.81,229,5,65.43
TRJ_0268,16,49.78,18.4,0.81,301,6,69.28
TRJ_0268,20,49.78,18.4,0.81,380,9,72.98
TRJ_0268,24,49.78,18.4,0.81,442,10,75.6
TRJ_0269,0,49.63,9.9,0.84,0,0,49.63
TRJ_0269,4,49.63,9.9,0.84,40,1,52.91
TRJ_0269,8,49.63,9.9,0.84,79,4,55.91
TRJ_0269,12,49.63,9.9,0.84,114,7,58.45
TRJ_0269,16,49.63,9.9,0.84,155,8,61.28
TRJ_0269,20,49.63,9.9,0.84,195,11,63.83
TRJ_0269,24,49.63,9.9,0.84,239,12,66.43
TRJ_0270,0,53.6,14.8,0.93,0,0,53.6
TRJ_0270,4,53.6,14.8,0.93,65,3,58.92
TRJ_0270,8,53.6,14.8,0.93,117,6,62.74
TRJ_0270,12,53.6,14.8,0.93,167,7,66.11
TRJ_0270,16,53.6,14.8,0.93,217,9,69.15
TRJ_0270,20,53.6,14.8,0.93,284,11,72.78
TRJ_0270,24,53.6,14.8,0.93,342,13,75.57
TRJ_0271,0,40.67,8.4,0.72,0,0,40.67
TRJ_0271,4,40.67,8.4,0.72,37,2,43.79
TRJ_0271,8,40.67,8.4,0.72,73,3,46.63
TRJ_0271,12,40.67,8.4,0.72,109,6,49.34
TRJ_0271,16,40.67,8.4,0.72,142,8,51.71
TRJ_0271,20,40.67,8.4,0.72,176,10,54.07
TRJ_0271,24,40.67,8.4,0.72,210,11,56.32
TRJ_0272,0,54.54,16.7,0.94,0,0,54.54
TRJ_0272,4,54.54,16.7,0.94,71,2,60.22
TRJ_0272,8,54.54,16.7,0.94,141,5,65.16
TRJ_0272,12,54.54,16.7,0.94,209,7,69.39
TRJ_0272,16,54.54,16.7,0.94,273,8,72.89
TRJ_0272,20,54.54,16.7,0.94,338,11,76.04
TRJ_0272,24,54.54,16.7,0.94,399,14,78.66
TRJ_0273,0,24.38,26.5,0.83,0,0,24.38
TRJ_0273,4,24.38,26.5,0.83,117,2,37.73
TRJ_0273,8,24.38,26.5,0.83,212,4,46.88
TRJ_0273,12,24.38,26.5,0.83,319,6,55.56
TRJ_0273,16,24.38,26.5,0.83,424,9,62.68
TRJ_0273,20,24.38,26.5,0.83,538,10,69.14
TRJ_0273,24,24.38,26.5,0.83,656,13,74.64
TRJ_0274,0,25.17,16.4,0.81,0,0,25.17
TRJ_0274,4,25.17,16.4,0.81,62,2,32.38
TRJ_0274,8,25.17,16.4,0.81,122,3,38.7
TRJ_0274,12,25.17,16.4,0.81,196,6,45.7
TRJ_0274,16,25.17,16.4,0.81,260,7,51.07
TRJ_0274,20,25.17,16.4,0.81,321,8,55.68
TRJ_0274,24,25.17,16.4,0.81,378,10,59.64
TRJ_0275,0,28.93,27.5,1.13,0,0,28.93
TRJ_0275,4,28.93,27.5,1.13,98,3,43.06
TRJ_0275,8,28.93,27.5,1.13,191,5,53.95
TRJ_0275,12,28.93,27.5,1.13,304,8,64.37
TRJ_0275,16,28.93,27.5,1.13,429,9,73.14
TRJ_0275,20,28.93,27.5,1.13,531,12,78.71
TRJ_0275,24,28.93,27.5,1.13,637,15,83.25
TRJ_0276,0,47.75,14.4,1.02,0,0,47.75
TRJ_0276,4,47.75,14.4,1.02,49,3,52.77
TRJ_0276,8,47.75,14.4,1.02,109,4,58.27
TRJ_0276,12,47.75,14.4,1.02,158,7,62.26
TRJ_0276,16,47.75,14.4,1.02,213,9,66.29
TRJ_0276,20,47.75,14.4,1.02,263,11,69.58
TRJ_0276,24,47.75,14.4,1.02,312,13,72.52
TRJ_0277,0,15.18,5.5,1.05,0,0,15.18
TRJ_0277,4,15.18,5.5,1.05,18,2,18.47
TRJ_0277,8,15.18,5.5,1.05,37,5,21.69
TRJ_0277,12,15.18,5.5,1.05,58,6,25.13
TRJ_0277,16,15.18,5.5,1.05,79,9,28.42
TRJ_0277,20,15.18,5.5,1.05,99,10,31.43
TRJ_0277,24,15.18,5.5,1.05,122,12,34.67
TRJ_0278,0,17.68,12.2,1.12,0,0,17.68
TRJ_0278,4,17.68,12.2,1.12,43,1,25.24
TRJ_0278,8,17.68,12.2,1.12,94,4,33.45
TRJ_0278,12,17.68,12.2,1.12,135,7,39.38
TRJ_0278,16,17.68,12.2,1.12,186,9,46.02
TRJ_0278,20,17.68,12.2,1.12,238,12,52.06
TRJ_0278,24,17.68,12.2,1.12,289,13,57.3
TRJ_0279,0,45.36,25.7,0.98,0,0,45.36
TRJ_0279,4,45.36,25.7,0.98,98,2,54.97
TRJ_0279,8,45.36,25.7,0.98,205,4,63.55
TRJ_0279,12,45.36,25.7,0.98,310,5,70.34
TRJ_0279,16,45.36,25.7,0.98,419,8,76.06
TRJ_0279,20,45.36,25.7,0.98,531,11,80.8
TRJ_0279,24,45.36,25.7,0.98,619,14,83.86
TRJ_0280,0,38.82,19.7,1.15,0,0,38.82
TRJ_0280,4,38.82,19.7,1.15,88,1,50.06
TRJ_0280,8,38.82,19.7,1.15,160,4,57.72
TRJ_0280,12,38.82,19.7,1.15,248,6,65.48
TRJ_0280,16,38.82,19.7,1.15,332,7,71.6
TRJ_0280,20,38.82,19.7,1.15,404,10,75.97
TRJ_0280,24,38.82,19.7,1.15,486,12,80.13
TRJ_0281,0,41.94,13.2,0.93,0,0,41.94
TRJ_0281,4,41.94,13.2,0.93,46,3,46.73
TRJ_0281,8,41.94,13.2,0.93,99,6,51.75
TRJ_0281,12,41.94,13.2,0.93,159,7,56.87
TRJ_0281,16,41.94,13.2,0.93,204,9,60.39
TRJ_0281,20,41.94,13.2,0.93,258,11,64.22
TRJ_0281,24,41.94,13.2,0.93,303,12,67.1
TRJ_0282,0,16.78,19.6,1.12,0,0,16.78
TRJ_0282,4,16.78,19.6,1.12,81,1,30.59
TRJ_0282,8,16.78,19.6,1.12,159,4,41.78
TRJ_0282,12,16.78,19.6,1.12,243,5,51.84
TRJ_0282,16,16.78,19.6,1.12,313,6,58.89
TRJ_0282,20,16.78,19.6,1.12,401,7,66.28
TRJ_0282,24,16.78,19.6,1.12,484,8,72.03
TRJ_0283,0,46.11,6.2,1.04,0,0,46.11
TRJ_0283,4,46.11,6.2,1.04,24,2,48.83
TRJ_0283,8,46.11,6.2,1.04,51,3,51.66
TRJ_0283,12,46.11,6.2,1.04,77,5,54.3
TRJ_0283,16,46.11,6.2,1.04,100,7,56.48
TRJ_0283,20,46.11,6.2,1.04,122,8,58.44
TRJ_0283,24,46.11,6.2,1.04,145,11,60.39
TRJ_0284,0,50.92,14.6,1.26,0,0,50.92
TRJ_0284,4,50.92,14.6,1.26,56,3,57.43
TRJ_0284,8,50.92,14.6,1.26,122,4,64.04
TRJ_0284,12,50.92,14.6,1.26,176,5,68.67
TRJ_0284,16,50.92,14.6,1.26,232,6,72.86
TRJ_0284,20,50.92,14.6,1.26,287,7,76.38
TRJ_0284,24,50.92,14.6,1.26,353,9,80.05
TRJ_0285,0,32.04,25.3,0.79,0,0,32.04
TRJ_0285,4,32.04,25.3,0.79,88,2,40.95
TRJ_0285,8,32.04,25.3,0.79,201,3,50.63
TRJ_0285,12,32.04,25.3,0.79,299,4,57.72
TRJ_0285,16,32.04,25.3,0.79,406,5,64.34
TRJ_0285,20,32.04,25.3,0.79,504,7,69.49
TRJ_0285,24,32.04,25.3,0.79,614,9,74.39
TRJ_0286,0,39.52,23.1,1.16,0,0,39.52
TRJ_0286,4,39.52,23.1,1.16,83,2,50.16
TRJ_0286,8,39.52,23.1,1.16,171,3,59.39
TRJ_0286,12,39.52,23.1,1.16,258,6,66.84
TRJ_0286,16,39.52,23.1,1.16,353,9,73.44
TRJ_0286,20,39.52,23.1,1.16,432,12,77.93
TRJ_0286,24,39.52,23.1,1.16,514,14,81.8
TRJ_0287,0,15.1,14.7,0.96,0,0,15.1
TRJ_0287,4,15.1,14.7,0.96,53,1,23.34
TRJ_0287,8,15.1,14.7,0.96,106,4,30.75
TRJ_0287,12,15.1,14.7,0.96,163,6,38.0
TRJ_0287,16,15.1,14.7,0.96,217,7,44.14
TRJ_0287,20,15.1,14.7,0.96,268,8,49.38
TRJ_0287,24,15.1,14.7,0.96,334,9,55.43
TRJ_0288,0,49.62,6.3,0.82,0,0,49.62
TRJ_0288,4,49.62,6.3,0.82,26,1,51.78
TRJ_0288,8,49.62,6.3,0.82,47,3,53.49
TRJ_0288,12,49.62,6.3,0.82,75,4,55.6
TRJ_0288,16,49.62,6.3,0.82,96,6,57.14
TRJ_0288,20,49.62,6.3,0.82,121,7,58.9
TRJ_0288,24,49.62,6.3,0.82,145,9,60.51
TRJ_0289,0,34.08,23.1,0.72,0,0,34.08
TRJ_0289,4,34.08,23.1,0.72,95,1,42.57
TRJ_0289,8,34.08,23.1,0.72,196,2,50.4
TRJ_0289,12,34.08,23.1,0.72,294,3,56.93
TRJ_0289,16,34.08,23.1,0.72,382,4,62.1
TRJ_0289,20,34.08,23.1,0.72,465,6,66.4
TRJ_0289,24,34.08,23.1,0.72,563,7,70.84
TRJ_0290,0,29.49,25.0,0.72,0,0,29.49
TRJ_0290,4,29.49,25.0,0.72,85,1,37.64
TRJ_0290,8,29.49,25.0,0.72,184,3,45.99
TRJ_0290,12,29.49,25.0,0.72,272,6,52.45
TRJ_0290,16,29.49,25.0,0.72,381,7,59.4
TRJ_0290,20,29.49,25.0,0.72,468,9,64.21
TRJ_0290,24,29.49,25.0,0.72,581,11,69.6
TRJ_0291,0,26.28,26.9,0.87,0,0,26.28
TRJ_0291,4,26.28,26.9,0.87,104,2,38.55
TRJ_0291,8,26.28,26.9,0.87,202,5,48.21
TRJ_0291,12,26.28,26.9,0.87,295,7,55.95
TRJ_0291,16,26.28,26.9,0.87,405,8,63.67
TRJ_0291,20,26.28,26.9,0.87,522,11,70.38
TRJ_0291,24,26.28,26.9,0.87,637,13,75.75
TRJ_0292,0,53.82,27.7,0.78,0,0,53.82
TRJ_0292,4,53.82,27.7,0.78,114,3,61.4
TRJ_0292,8,53.82,27.7,0.78,223,6,67.49
TRJ_0292,12,53.82,27.7,0.78,323,7,72.2
TRJ_0292,16,53.82,27.7,0.78,442,9,76.92
TRJ_0292,20,53.82,27.7,0.78,552,10,80.56
TRJ_0292,24,53.82,27.7,0.78,669,11,83.82
TRJ_0293,0,17.44,7.8,0.97,0,0,17.44
TRJ_0293,4,17.44,7.8,0.97,26,3,21.61
TRJ_0293,8,17.44,7.8,0.97,54,6,25.79
TRJ_0293,12,17.44,7.8,0.97,88,9,30.58
TRJ_0293,16,17.44,7.8,0.97,118,11,34.62
TRJ_0293,20,17.44,7.8,0.97,151,13,38.7
TRJ_0293,24,17.44,7.8,0.97,179,15,41.95
TRJ_0294,0,30.31,25.5,0.73,0,0,30.31
TRJ_0294,4,30.31,25.5,0.73,96,2,39.46
TRJ_0294,8,30.31,25.5,0.73,198,3,47.86
TRJ_0294,12,30.31,25.5,0.73,303,4,55.32
TRJ_0294,16,30.31,25.5,0.73,394,7,60.89
TRJ_0294,20,30.31,25.5,0.73,509,10,66.93
TRJ_0294,24,30.31,25.5,0.73,618,11,71.81
TRJ_0295,0,17.55,16.1,1.23,0,0,17.55
TRJ_0295,4,17.55,16.1,1.23,72,2,30.96
TRJ_0295,8,17.55,16.1,1.23,143,4,42.13
TRJ_0295,12,17.55,16.1,1.23,200,5,49.7
TRJ_0295,16,17.55,16.1,1.23,264,6,57.07
TRJ_0295,20,17.55,16.1,1.23,327,8,63.28
TRJ_0295,24,17.55,16.1,1.23,389,9,68.54
TRJ_0296,0,30.19,26.5,1.18,0,0,30.19
TRJ_0296,4,30.19,26.5,1.18,96,3,44.35
TRJ_0296,8,30.19,26.5,1.18,211,4,57.58
TRJ_0296,12,30.19,26.5,1.18,322,6,67.41
TRJ_0296,16,30.19,26.5,1.18,413,9,73.74
TRJ_0296,20,30.19,26.5,1.18,506,10,78.94
TRJ_0296,24,30.19,26.5,1.18,626,13,84.14
TRJ_0297,0,36.21,30.0,1.28,0,0,36.21
TRJ_0297,4,36.21,30.0,1.28,129,1,54.23
TRJ_0297,8,36.21,30.0,1.28,242,2,65.78
TRJ_0297,12,36.21,30.0,1.28,350,5,74.11
TRJ_0297,16,36.21,30.0,1.28,452,7,80.08
TRJ_0297,20,36.21,30.0,1.28,559,8,84.88
TRJ_0297,24,36.21,30.0,1.28,692,10,89.26
TRJ_0298,0,43.53,26.2,1.2,0,0,43.53
TRJ_0298,4,43.53,26.2,1.2,119,3,57.63
TRJ_0298,8,43.53,26.2,1.2,230,6,67.55
TRJ_0298,12,43.53,26.2,1.2,336,7,74.88
TRJ_0298,16,43.53,26.2,1.2,443,10,80.6
TRJ_0298,20,43.53,26.2,1.2,553,13,85.12
TRJ_0298,24,43.53,26.2,1.2,656,15,88.39
TRJ_0299,0,42.29,19.8,0.8,0,0,42.29
TRJ_0299,4,42.29,19.8,0.8,69,3,48.4
TRJ_0299,8,42.29,19.8,0.8,141,5,54.06
TRJ_0299,12,42.29,19.8,0.8,226,6,59.95
TRJ_0299,16,42.29,19.8,0.8,299,9,64.39
TRJ_0299,20,42.29,19.8,0.8,386,12,69.05
TRJ_0299,24,42.29,19.8,0.8,460,14,72.51
TRJ_0300,0,39.75,26.7,1.21,0,0,39.75
TRJ_0300,4,39.75,26.7,1.21,117,1,54.67
TRJ_0300,8,39.75,26.7,1.21,234,3,65.85
TRJ_0300,12,39.75,26.7,1.21,346,6,74.01
TRJ_0300,16,39.75,26.7,1.21,459,8,80.27
TRJ_0300,20,39.75,26.7,1.21,580,10,85.29
TRJ_0300,24,39.75,26.7,1.21,695,12,88.89
TRJ_0301,0,20.71,10.8,0.9,0,0,20.71
TRJ_0301,4,20.71,10.8,0.9,37,2,25.93
TRJ_0301,8,20.71,10.8,0.9,85,3,32.08
TRJ_0301,12,20.71,10.8,0.9,127,5,37.05
TRJ_0301,16,20.71,10.8,0.9,169,7,41.66
TRJ_0301,20,20.71,10.8,0.9,211,8,45.91
TRJ_0301,24,20.71,10.8,0.9,253,9,49.92
TRJ_0302,0,22.91,23.3,1.23,0,0,22.91
TRJ_0302,4,22.91,23.3,1.23,99,3,39.63
TRJ_0302,8,22.91,23.3,1.23,185,6,51.25
TRJ_0302,12,22.91,23.3,1.23,265,9,59.96
TRJ_0302,16,22.91,23.3,1.23,348,10,67.36
TRJ_0302,20,22.91,23.3,1.23,446,12,74.36
TRJ_0302,24,22.91,23.3,1.23,546,14,79.98
TRJ_0303,0,34.59,5.7,0.99,0,0,34.59
TRJ_0303,4,34.59,5.7,0.99,25,1,37.8
TRJ_0303,8,34.59,5.7,0.99,45,2,40.24
TRJ_0303,12,34.59,5.7,0.99,70,4,43.2
TRJ_0303,16,34.59,5.7,0.99,95,5,46.03
TRJ_0303,20,34.59,5.7,0.99,118,8,48.53
TRJ_0303,24,34.59,5.7,0.99,137,10,50.51
TRJ_0304,0,28.42,26.6,1.13,0,0,28.42
TRJ_0304,4,28.42,26.6,1.13,106,1,43.68
TRJ_0304,8,28.42,26.6,1.13,201,2,54.63
TRJ_0304,12,28.42,26.6,1.13,306,5,64.28
TRJ_0304,16,28.42,26.6,1.13,399,8,71.08
TRJ_0304,20,28.42,26.6,1.13,509,11,77.45
TRJ_0304,24,28.42,26.6,1.13,624,14,82.62
TRJ_0305,0,40.12,5.3,1.1,0,0,40.12
TRJ_0305,4,40.12,5.3,1.1,21,2,42.84
TRJ_0305,8,40.12,5.3,1.1,41,5,45.39
TRJ_0305,12,40.12,5.3,1.1,60,7,47.72
TRJ_0305,16,40.12,5.3,1.1,78,8,49.83
TRJ_0305,20,40.12,5.3,1.1,99,10,52.16
TRJ_0305,24,40.12,5.3,1.1,122,11,54.55
TRJ_0306,0,54.43,20.8,0.89,0,0,54.43
TRJ_0306,4,54.43,20.8,0.89,81,1,60.55
TRJ_0306,8,54.43,20.8,0.89,169,2,66.32
TRJ_0306,12,54.43,20.8,0.89,251,4,70.92
TRJ_0306,16,54.43,20.8,0.89,334,6,74.95
TRJ_0306,20,54.43,20.8,0.89,408,7,78.05
TRJ_0306,24,54.43,20.8,0.89,492,9,81.1
TRJ_0307,0,53.87,13.4,0.8,0,0,53.87
TRJ_0307,4,53.87,13.4,0.8,53,1,57.63
TRJ_0307,8,53.87,13.4,0.8,106,3,61.13
TRJ_0307,12,53.87,13.4,0.8,167,4,64.78
TRJ_0307,16,53.87,13.4,0.8,216,5,67.44
TRJ_0307,20,53.87,13.4,0.8,270,7,70.15
TRJ_0307,24,53.87,13.4,0.8,321,10,72.51
TRJ_0308,0,44.87,26.8,1.16,0,0,44.87
TRJ_0308,4,44.87,26.8,1.16,97,3,56.0
TRJ_0308,8,44.87,26.8,1.16,209,6,66.07
TRJ_0308,12,44.87,26.8,1.16,307,8,73.01
TRJ_0308,16,44.87,26.8,1.16,429,11,79.7
TRJ_0308,20,44.87,26.8,1.16,538,13,84.24
TRJ_0308,24,44.87,26.8,1.16,642,16,87.65
TRJ_0309,0,40.85,20.0,1.25,0,0,40.85
TRJ_0309,4,40.85,20.0,1.25,80,3,51.61
TRJ_0309,8,40.85,20.0,1.25,166,5,60.98
TRJ_0309,12,40.85,20.0,1.25,257,8,68.97
TRJ_0309,16,40.85,20.0,1.25,340,10,74.8
TRJ_0309,20,40.85,20.0,1.25,411,12,78.91
TRJ_0309,24,40.85,20.0,1.25,502,13,83.24
TRJ_0310,0,40.74,29.7,1.01,0,0,40.74
TRJ_0310,4,40.74,29.7,1.01,102,2,51.85
TRJ_0310,8,40.74,29.7,1.01,236,3,63.27
TRJ_0310,12,40.74,29.7,1.01,368,6,71.9
TRJ_0310,16,40.74,29.7,1.01,486,7,77.87
TRJ_0310,20,40.74,29.7,1.01,599,10,82.4
TRJ_0310,24,40.74,29.7,1.01,705,12,85.8
TRJ_0311,0,52.15,18.1,1.17,0,0,52.15
TRJ_0311,4,52.15,18.1,1.17,74,1,59.85
TRJ_0311,8,52.15,18.1,1.17,138,4,65.44
TRJ_0311,12,52.15,18.1,1.17,200,5,70.15
TRJ_0311,16,52.15,18.1,1.17,269,8,74.64
TRJ_0311,20,52.15,18.1,1.17,330,11,78.05
TRJ_0311,24,52.15,18.1,1.17,396,12,81.2
TRJ_0312,0,51.69,19.5,1.12,0,0,51.69
TRJ_0312,4,51.69,19.5,1.12,84,1,60.02
TRJ_0312,8,51.69,19.5,1.12,172,2,67.21
TRJ_0312,12,51.69,19.5,1.12,241,3,71.96
TRJ_0312,16,51.69,19.5,1.12,320,5,76.55
TRJ_0312,20,51.69,19.5,1.12,395,7,80.19
TRJ_0312,24,51.69,19.5,1.12,470,10,83.27
TRJ_0313,0,42.23,10.1,1.08,0,0,42.23
TRJ_0313,4,42.23,10.1,1.08,38,1,46.87
TRJ_0313,8,42.23,10.1,1.08,73,2,50.82
TRJ_0313,12,42.23,10.1,1.08,117,5,55.34
TRJ_0313,16,42.23,10.1,1.08,153,6,58.69
TRJ_0313,20,42.23,10.1,1.08,193,9,62.14
TRJ_0313,24,42.23,10.1,1.08,230,10,65.1
TRJ_0314,0,53.14,20.3,1.08,0,0,53.14
TRJ_0314,4,53.14,20.3,1.08,82,2,60.77
TRJ_0314,8,53.14,20.3,1.08,172,5,67.76
TRJ_0314,12,53.14,20.3,1.08,248,8,72.66
TRJ_0314,16,53.14,20.3,1.08,330,11,77.14
TRJ_0314,20,53.14,20.3,1.08,404,14,80.54
TRJ_0314,24,53.14,20.3,1.08,477,15,83.41
TRJ_0315,0,34.26,11.9,1.15,0,0,34.26
TRJ_0315,4,34.26,11.9,1.15,41,3,40.19
TRJ_0315,8,34.26,11.9,1.15,83,6,45.71
TRJ_0315,12,34.26,11.9,1.15,132,7,51.53
TRJ_0315,16,34.26,11.9,1.15,173,8,55.95
TRJ_0315,20,34.26,11.9,1.15,218,10,60.28
TRJ_0315,24,34.26,11.9,1.15,267,12,64.54
TRJ_0316,0,23.67,24.5,1.28,0,0,23.67
TRJ_0316,4,23.67,24.5,1.28,110,3,42.53
TRJ_0316,8,23.67,24.5,1.28,195,4,53.87
TRJ_0316,12,23.67,24.5,1.28,299,6,64.69
TRJ_0316,16,23.67,24.5,1.28,404,7,73.05
TRJ_0316,20,23.67,24.5,1.28,492,10,78.52
TRJ_0316,24,23.67,24.5,1.28,578,13,82.76
TRJ_0317,0,19.15,17.4,1.22,0,0,19.15
TRJ_0317,4,19.15,17.4,1.22,66,1,31.19
TRJ_0317,8,19.15,17.4,1.22,128,3,40.94
TRJ_0317,12,19.15,17.4,1.22,199,6,50.43
TRJ_0317,16,19.15,17.4,1.22,266,8,57.9
TRJ_0317,20,19.15,17.4,1.22,345,11,65.34
TRJ_0317,24,19.15,17.4,1.22,415,14,70.8
TRJ_0318,0,15.62,24.1,1.26,0,0,15.62
TRJ_0318,4,15.62,24.1,1.26,103,3,35.01
TRJ_0318,8,15.62,24.1,1.26,193,5,48.2
TRJ_0318,12,15.62,24.1,1.26,299,6,60.44
TRJ_0318,16,15.62,24.1,1.26,397,9,69.17
TRJ_0318,20,15.62,24.1,1.26,493,12,75.85
TRJ_0318,24,15.62,24.1,1.26,580,14,80.62
TRJ_0319,0,32.12,22.4,1.2,0,0,32.12
TRJ_0319,4,32.12,22.4,1.2,99,2,46.59
TRJ_0319,8,32.12,22.4,1.2,189,5,57.07
TRJ_0319,12,32.12,22.4,1.2,288,6,66.2
TRJ_0319,16,32.12,22.4,1.2,389,8,73.54
TRJ_0319,20,32.12,22.4,1.2,484,11,78.94
TRJ_0319,24,32.12,22.4,1.2,583,12,83.41
TRJ_0320,0,52.99,13.8,1.19,0,0,52.99
TRJ_0320,4,52.99,13.8,1.19,57,3,58.96
TRJ_0320,8,52.99,13.8,1.19,116,6,64.4
TRJ_0320,12,52.99,13.8,1.19,164,8,68.3
TRJ_0320,16,52.99,13.8,1.19,225,10,72.65
TRJ_0320,20,52.99,13.8,1.19,283,12,76.22
TRJ_0320,24,52.99,13.8,1.19,334,15,78.94
TRJ_0321,0,42.15,21.5,1.03,0,0,42.15
TRJ_0321,4,42.15,21.5,1.03,77,3,50.71
TRJ_0321,8,42.15,21.5,1.03,163,4,58.75
TRJ_0321,12,42.15,21.5,1.03,252,6,65.7
TRJ_0321,16,42.15,21.5,1.03,339,8,71.35
TRJ_0321,20,42.15,21.5,1.03,420,9,75.79
TRJ_0321,24,42.15,21.5,1.03,511,12,79.93
TRJ_0322,0,40.57,10.8,0.93,0,0,40.57
TRJ_0322,4,40.57,10.8,0.93,42,1,45.12
TRJ_0322,8,40.57,10.8,0.93,89,2,49.79
TRJ_0322,12,40.57,10.8,0.93,127,4,53.22
TRJ_0322,16,40.57,10.8,0.93,168,5,56.73
TRJ_0322,20,40.57,10.8,0.93,205,8,59.68
TRJ_0322,24,40.57,10.8,0.93,250,10,62.95
TRJ_0323,0,31.32,12.3,1.21,0,0,31.32
TRJ_0323,4,31.32,12.3,1.21,56,1,40.1
TRJ_0323,8,31.32,12.3,1.21,108,2,47.25
TRJ_0323,12,31.32,12.3,1.21,149,5,52.35
TRJ_0323,16,31.32,12.3,1.21,205,8,58.41
TRJ_0323,20,31.32,12.3,1.21,248,11,62.6
TRJ_0323,24,31.32,12.3,1.21,294,12,66.55
TRJ_0324,0,31.63,8.6,0.96,0,0,31.63
TRJ_0324,4,31.63,8.6,0.96,38,3,36.51
TRJ_0324,8,31.63,8.6,0.96,69,6,40.29
TRJ_0324,12,31.63,8.6,0.96,100,8,43.84
TRJ_0324,16,31.63,8.6,0.96,135,10,47.53
TRJ_0324,20,31.63,8.6,0.96,171,11,51.04
TRJ_0324,24,31.63,8.6,0.96,206,14,54.26
TRJ_0325,0,18.11,27.0,1.14,0,0,18.11
TRJ_0325,4,18.11,27.0,1.14,110,1,36.33
TRJ_0325,8,18.11,27.0,1.14,216,3,50.03
TRJ_0325,12,18.11,27.0,1.14,339,4,62.28
TRJ_0325,16,18.11,27.0,1.14,457,6,71.24
TRJ_0325,20,18.11,27.0,1.14,557,8,77.12
TRJ_0325,24,18.11,27.0,1.14,669,10,82.28
TRJ_0326,0,24.35,19.3,1.14,0,0,24.35
TRJ_0326,4,24.35,19.3,1.14,76,1,36.44
TRJ_0326,8,24.35,19.3,1.14,148,3,46.14
TRJ_0326,12,24.35,19.3,1.14,221,6,54.45
TRJ_0326,16,24.35,19.3,1.14,306,7,62.53
TRJ_0326,20,24.35,19.3,1.14,373,10,67.85
TRJ_0326,24,24.35,19.3,1.14,459,13,73.62
TRJ_0327,0,25.34,20.4,1.0,0,0,25.34
TRJ_0327,4,25.34,20.4,1.0,77,3,36.0
TRJ_0327,8,25.34,20.4,1.0,168,4,46.69
TRJ_0327,12,25.34,20.4,1.0,257,7,55.44
TRJ_0327,16,25.34,20.4,1.0,339,8,62.25
TRJ_0327,20,25.34,20.4,1.0,418,9,67.78
TRJ_0327,24,25.34,20.4,1.0,503,11,72.87
TRJ_0328,0,19.74,28.7,1.23,0,0,19.74
TRJ_0328,4,19.74,28.7,1.23,115,3,39.54
TRJ_0328,8,19.74,28.7,1.23,241,5,55.69
TRJ_0328,12,19.74,28.7,1.23,370,8,67.76
TRJ_0328,16,19.74,28.7,1.23,472,11,74.92
TRJ_0328,20,19.74,28.7,1.23,578,14,80.71
TRJ_0328,24,19.74,28.7,1.23,682,17,85.09
TRJ_0329,0,41.59,29.6,0.72,0,0,41.59
TRJ_0329,4,41.59,29.6,0.72,135,3,51.98
TRJ_0329,8,41.59,29.6,0.72,239,5,58.7
TRJ_0329,12,41.59,29.6,0.72,361,6,65.39
TRJ_0329,16,41.59,29.6,0.72,485,9,71.08
TRJ_0329,20,41.59,29.6,0.72,586,11,75.03
TRJ_0329,24,41.59,29.6,0.72,698,13,78.77
TRJ_0330,0,33.7,27.7,1.12,0,0,33.7
TRJ_0330,4,33.7,27.7,1.12,115,2,48.76
TRJ_0330,8,33.7,27.7,1.12,213,5,58.9
TRJ_0330,12,33.7,27.7,1.12,316,8,67.43
TRJ_0330,16,33.7,27.7,1.12,424,9,74.48
TRJ_0330,20,33.7,27.7,1.12,528,11,79.79
TRJ_0330,24,33.7,27.7,1.12,636,13,84.16
TRJ_0331,0,51.8,20.1,1.01,0,0,51.8
TRJ_0331,4,51.8,20.1,1.01,81,1,59.1
TRJ_0331,8,51.8,20.1,1.01,167,3,65.69
TRJ_0331,12,51.8,20.1,1.01,258,5,71.5
TRJ_0331,16,51.8,20.1,1.01,350,7,76.34
TRJ_0331,20,51.8,20.1,1.01,434,9,80.04
TRJ_0331,24,51.8,20.1,1.01,511,12,82.92
TRJ_0332,0,38.63,6.7,0.8,0,0,38.63
TRJ_0332,4,38.63,6.7,0.8,29,1,41.5
TRJ_0332,8,38.63,6.7,0.8,57,3,44.13
TRJ_0332,12,38.63,6.7,0.8,81,5,46.3
TRJ_0332,16,38.63,6.7,0.8,107,8,48.5
TRJ_0332,20,38.63,6.7,0.8,130,11,50.38
TRJ_0332,24,38.63,6.7,0.8,159,14,52.69
TRJ_0333,0,27.05,18.7,1.29,0,0,27.05
TRJ_0333,4,27.05,18.7,1.29,67,2,38.73
TRJ_0333,8,27.05,18.7,1.29,150,4,50.59
TRJ_0333,12,27.05,18.7,1.29,219,6,58.69
TRJ_0333,16,27.05,18.7,1.29,285,7,65.17
TRJ_0333,20,27.05,18.7,1.29,349,10,70.48
TRJ_0333,24,27.05,18.7,1.29,431,12,76.13
TRJ_0334,0,15.08,28.8,0.81,0,0,15.08
TRJ_0334,4,15.08,28.8,0.81,125,2,30.76
TRJ_0334,8,15.08,28.8,0.81,252,3,43.7
TRJ_0334,12,15.08,28.8,0.81,352,4,52.18
TRJ_0334,16,15.08,28.8,0.81,463,6,60.06
TRJ_0334,20,15.08,28.8,0.81,570,8,66.45
TRJ_0334,24,15.08,28.8,0.81,668,10,71.39
TRJ_0335,0,31.93,17.1,1.11,0,0,31.93
TRJ_0335,4,31.93,17.1,1.11,63,2,40.83
TRJ_0335,8,31.93,17.1,1.11,138,3,49.97
TRJ_0335,12,31.93,17.1,1.11,205,5,56.97
TRJ_0335,16,31.93,17.1,1.11,276,8,63.32
TRJ_0335,20,31.93,17.1,1.11,343,11,68.44
TRJ_0335,24,31.93,17.1,1.11,402,13,72.37
TRJ_0336,0,54.96,24.5,1.29,0,0,54.96
TRJ_0336,4,54.96,24.5,1.29,107,2,65.87
TRJ_0336,8,54.96,24.5,1.29,203,3,73.41
TRJ_0336,12,54.96,24.5,1.29,306,5,79.64
TRJ_0336,16,54.96,24.5,1.29,413,6,84.59
TRJ_0336,20,54.96,24.5,1.29,515,7,88.16
TRJ_0336,24,54.96,24.5,1.29,617,10,90.91
TRJ_0337,0,23.03,7.7,1.14,0,0,23.03
TRJ_0337,4,23.03,7.7,1.14,31,1,28.35
TRJ_0337,8,23.03,7.7,1.14,63,4,33.53
TRJ_0337,12,23.03,7.7,1.14,94,7,38.15
TRJ_0337,16,23.03,7.7,1.14,120,9,41.75
TRJ_0337,20,23.03,7.7,1.14,155,10,46.24
TRJ_0337,24,23.03,7.7,1.14,182,13,49.48
TRJ_0338,0,43.42,20.4,0.85,0,0,43.42
TRJ_0338,4,43.42,20.4,0.85,89,1,51.42
TRJ_0338,8,43.42,20.4,0.85,164,2,57.29
TRJ_0338,12,43.42,20.4,0.85,235,5,62.15
TRJ_0338,16,43.42,20.4,0.85,321,6,67.32
TRJ_0338,20,43.42,20.4,0.85,398,7,71.34
TRJ_0338,24,43.42,20.4,0.85,471,9,74.7
TRJ_0339,0,22.05,5.4,0.88,0,0,22.05
TRJ_0339,4,22.05,5.4,0.88,20,3,24.77
TRJ_0339,8,22.05,5.4,0.88,41,5,27.56
TRJ_0339,12,22.05,5.4,0.88,62,7,30.24
TRJ_0339,16,22.05,5.4,0.88,84,9,32.98
TRJ_0339,20,22.05,5.4,0.88,105,10,35.49
TRJ_0339,24,22.05,5.4,0.88,128,11,38.12
TRJ_0340,0,49.98,18.8,1.21,0,0,49.98
TRJ_0340,4,49.98,18.8,1.21,86,2,59.4
TRJ_0340,8,49.98,18.8,1.21,164,5,66.46
TRJ_0340,12,49.98,18.8,1.21,232,7,71.56
TRJ_0340,16,49.98,18.8,1.21,307,9,76.34
TRJ_0340,20,49.98,18.8,1.21,372,10,79.8
TRJ_0340,24,49.98,18.8,1.21,453,11,83.41
TRJ_0341,0,16.7,17.1,1.26,0,0,16.7
TRJ_0341,4,16.7,17.1,1.26,75,3,31.14
TRJ_0341,8,16.7,17.1,1.26,134,4,40.68
TRJ_0341,12,16.7,17.1,1.26,199,5,49.77
TRJ_0341,16,16.7,17.1,1.26,263,7,57.34
TRJ_0341,20,16.7,17.1,1.26,322,9,63.29
TRJ_0341,24,16.7,17.1,1.26,382,12,68.47
TRJ_0342,0,37.59,13.1,0.73,0,0,37.59
TRJ_0342,4,37.59,13.1,0.73,57,3,42.65
TRJ_0342,8,37.59,13.1,0.73,110,5,46.93
TRJ_0342,12,37.59,13.1,0.73,165,6,51.07
TRJ_0342,16,37.59,13.1,0.73,220,9,54.87
TRJ_0342,20,37.59,13.1,0.73,265,10,57.79
TRJ_0342,24,37.59,13.1,0.73,309,12,60.45
TRJ_0343,0,48.79,29.3,1.04,0,0,48.79
TRJ_0343,4,48.79,29.3,1.04,117,1,59.91
TRJ_0343,8,48.79,29.3,1.04,220,3,67.7
TRJ_0343,12,48.79,29.3,1.04,339,5,74.8
TRJ_0343,16,48.79,29.3,1.04,439,8,79.55
TRJ_0343,20,48.79,29.3,1.04,566,10,84.31
TRJ_0343,24,48.79,29.3,1.04,683,13,87.72
TRJ_0344,0,43.67,16.9,1.14,0,0,43.67
TRJ_0344,4,43.67,16.9,1.14,68,1,51.83
TRJ_0344,8,43.67,16.9,1.14,136,2,58.77
TRJ_0344,12,43.67,16.9,1.14,200,3,64.45
TRJ_0344,16,43.67,16.9,1.14,263,4,69.23
TRJ_0344,20,43.67,16.9,1.14,335,6,73.94
TRJ_0344,24,43.67,16.9,1.14,406,9,77.88
TRJ_0345,0,51.05,24.7,0.74,0,0,51.05
TRJ_0345,4,51.05,24.7,0.74,112,1,58.54
TRJ_0345,8,51.05,24.7,0.74,218,2,64.57
TRJ_0345,12,51.05,24.7,0.74,312,4,69.18
TRJ_0345,16,51.05,24.7,0.74,415,6,73.55
TRJ_0345,20,51.05,24.7,0.74,521,8,77.41
TRJ_0345,24,51.05,24.7,0.74,609,10,80.17
TRJ_0346,0,53.64,21.3,0.71,0,0,53.64
TRJ_0346,4,53.64,21.3,0.71,86,1,59.0
TRJ_0346,8,53.64,21.3,0.71,163,4,63.27
TRJ_0346,12,53.64,21.3,0.71,241,5,67.16
TRJ_0346,16,53.64,21.3,0.71,315,7,70.44
TRJ_0346,20,53.64,21.3,0.71,398,9,73.73
TRJ_0346,24,53.64,21.3,0.71,477,12,76.53
TRJ_0347,0,48.46,26.5,0.72,0,0,48.46
TRJ_0347,4,48.46,26.5,0.72,114,1,56.3
TRJ_0347,8,48.46,26.5,0.72,205,4,61.69
TRJ_0347,12,48.46,26.5,0.72,309,7,67.03
TRJ_0347,16,48.46,26.5,0.72,402,10,71.18
TRJ_0347,20,48.46,26.5,0.72,509,11,75.33
TRJ_0347,24,48.46,26.5,0.72,629,14,79.26
TRJ_0348,0,24.23,26.0,1.17,0,0,24.23
TRJ_0348,4,24.23,26.0,1.17,112,3,41.71
TRJ_0348,8,24.23,26.0,1.17,208,6,53.52
TRJ_0348,12,24.23,26.0,1.17,315,9,63.88
TRJ_0348,16,24.23,26.0,1.17,406,10,70.81
TRJ_0348,20,24.23,26.0,1.17,509,13,77.09
TRJ_0348,24,24.23,26.0,1.17,626,15,82.58
TRJ_0349,0,35.47,5.8,1.12,0,0,35.47
TRJ_0349,4,35.47,5.8,1.12,25,2,39.09
TRJ_0349,8,35.47,5.8,1.12,46,5,41.9
TRJ_0349,12,35.47,5.8,1.12,66,7,44.55
TRJ_0349,16,35.47,5.8,1.12,85,8,46.97
TRJ_0349,20,35.47,5.8,1.12,110,11,49.86
TRJ_0349,24,35.47,5.8,1.12,136,14,52.7
TRJ_0350,0,34.55,11.9,1.26,0,0,34.55
TRJ_0350,4,34.55,11.9,1.26,43,2,41.31
TRJ_0350,8,34.55,11.9,1.26,89,3,47.81
TRJ_0350,12,34.55,11.9,1.26,142,5,54.37
TRJ_0350,16,34.55,11.9,1.26,196,7,60.24
TRJ_0350,20,34.55,11.9,1.26,240,8,64.43
TRJ_0350,24,34.55,11.9,1.26,294,10,68.96
TRJ_0351,0,34.26,20.9,1.16,0,0,34.26
TRJ_0351,4,34.26,20.9,1.16,80,1,45.44
TRJ_0351,8,34.26,20.9,1.16,171,2,55.93
TRJ_0351,12,34.26,20.9,1.16,265,3,64.58
TRJ_0351,16,34.26,20.9,1.16,355,5,71.27
TRJ_0351,20,34.26,20.9,1.16,428,6,75.8
TRJ_0351,24,34.26,20.9,1.16,500,9,79.54
TRJ_0352,0,27.06,24.3,1.22,0,0,27.06
TRJ_0352,4,27.06,24.3,1.22,94,1,42.09
TRJ_0352,8,27.06,24.3,1.22,180,4,53.08
TRJ_0352,12,27.06,24.3,1.22,284,5,63.63
TRJ_0352,16,27.06,24.3,1.22,391,6,72.0
TRJ_0352,20,27.06,24.3,1.22,476,7,77.29
TRJ_0352,24,27.06,24.3,1.22,571,10,81.99
TRJ_0353,0,40.69,23.8,1.27,0,0,40.69
TRJ_0353,4,40.69,23.8,1.27,86,1,52.41
TRJ_0353,8,40.69,23.8,1.27,192,3,63.72
TRJ_0353,12,40.69,23.8,1.27,297,4,72.22
TRJ_0353,16,40.69,23.8,1.27,392,6,78.19
TRJ_0353,20,40.69,23.8,1.27,489,7,82.99
TRJ_0353,24,40.69,23.8,1.27,589,10,86.84
TRJ_0354,0,50.86,18.9,0.83,0,0,50.86
TRJ_0354,4,50.86,18.9,0.83,73,2,56.54
TRJ_0354,8,50.86,18.9,0.83,144,5,61.42
TRJ_0354,12,50.86,18.9,0.83,229,6,66.54
TRJ_0354,16,50.86,18.9,0.83,295,7,70.04
TRJ_0354,20,50.86,18.9,0.83,369,9,73.54
TRJ_0354,24,50.86,18.9,0.83,455,12,77.09
TRJ_0355,0,35.18,15.9,1.1,0,0,35.18
TRJ_0355,4,35.18,15.9,1.1,58,3,42.99
TRJ_0355,8,35.18,15.9,1.1,128,5,51.15
TRJ_0355,12,35.18,15.9,1.1,191,6,57.49
TRJ_0355,16,35.18,15.9,1.1,252,8,62.9
TRJ_0355,20,35.18,15.9,1.1,314,11,67.64
TRJ_0355,24,35.18,15.9,1.1,381,14,72.08
TRJ_0356,0,41.29,17.8,1.06,0,0,41.29
TRJ_0356,4,41.29,17.8,1.06,79,3,50.35
TRJ_0356,8,41.29,17.8,1.06,156,5,57.89
TRJ_0356,12,41.29,17.8,1.06,227,7,63.83
TRJ_0356,16,41.29,17.8,1.06,307,9,69.5
TRJ_0356,20,41.29,17.8,1.06,377,11,73.72
TRJ_0356,24,41.29,17.8,1.06,444,13,77.21
TRJ_0357,0,21.32,10.6,1.11,0,0,21.32
TRJ_0357,4,21.32,10.6,1.11,43,1,28.54
TRJ_0357,8,21.32,10.6,1.11,80,4,34.28
TRJ_0357,12,21.32,10.6,1.11,122,7,40.15
TRJ_0357,16,21.32,10.6,1.11,159,9,44.99
TRJ_0357,20,21.32,10.6,1.11,200,12,49.8
TRJ_0357,24,21.32,10.6,1.11,239,13,53.97
TRJ_0358,0,34.55,26.6,0.88,0,0,34.55
TRJ_0358,4,34.55,26.6,0.88,121,2,47.15
TRJ_0358,8,34.55,26.6,0.88,227,3,56.17
TRJ_0358,12,34.55,26.6,0.88,323,6,62.99
TRJ_0358,16,34.55,26.6,0.88,434,9,69.59
TRJ_0358,20,34.55,26.6,0.88,552,11,75.3
TRJ_0358,24,34.55,26.6,0.88,657,12,79.49
TRJ_0359,0,50.64,24.3,0.77,0,0,50.64
TRJ_0359,4,50.64,24.3,0.77,107,1,58.17
TRJ_0359,8,50.64,24.3,0.77,192,3,63.36
TRJ_0359,12,50.64,24.3,0.77,285,4,68.29
TRJ_0359,16,50.64,24.3,0.77,394,6,73.22
TRJ_0359,20,50.64,24.3,0.77,484,8,76.71
TRJ_0359,24,50.64,24.3,0.77,566,11,79.5
TRJ_0360,0,32.09,28.5,0.95,0,0,32.09
TRJ_0360,4,32.09,28.5,0.95,100,2,43.9
TRJ_0360,8,32.09,28.5,0.95,211,3,54.59
TRJ_0360,12,32.09,28.5,0.95,341,4,64.57
TRJ_0360,16,32.09,28.5,0.95,444,5,70.91
TRJ_0360,20,32.09,28.5,0.95,572,6,77.2
TRJ_0360,24,32.09,28.5,0.95,672,7,81.18
TRJ_0361,0,19.3,6.2,0.8,0,0,19.3
TRJ_0361,4,19.3,6.2,0.8,28,1,22.85
TRJ_0361,8,19.3,6.2,0.8,55,2,26.13
TRJ_0361,12,19.3,6.2,0.8,78,3,28.86
TRJ_0361,16,19.3,6.2,0.8,100,5,31.34
TRJ_0361,20,19.3,6.2,0.8,125,6,34.06
TRJ_0361,24,19.3,6.2,0.8,146,8,36.34
TRJ_0362,0,41.97,27.1,1.01,0,0,41.97
TRJ_0362,4,41.97,27.1,1.01,99,2,52.55
TRJ_0362,8,41.97,27.1,1.01,201,5,61.42
TRJ_0362,12,41.97,27.1,1.01,305,7,68.76
TRJ_0362,16,41.97,27.1,1.01,428,9,75.65
TRJ_0362,20,41.97,27.1,1.01,548,10,80.9
TRJ_0362,24,41.97,27.1,1.01,657,11,84.7
TRJ_0363,0,42.33,7.4,0.81,0,0,42.33
TRJ_0363,4,42.33,7.4,0.81,30,2,45.07
TRJ_0363,8,42.33,7.4,0.81,56,3,47.36
TRJ_0363,12,42.33,7.4,0.81,81,6,49.48
TRJ_0363,16,42.33,7.4,0.81,107,8,51.57
TRJ_0363,20,42.33,7.4,0.81,133,11,53.57
TRJ_0363,24,42.33,7.4,0.81,164,14,55.9
TRJ_0364,0,49.0,25.3,1.29,0,0,49.0
TRJ_0364,4,49.0,25.3,1.29,112,3,61.89
TRJ_0364,8,49.0,25.3,1.29,210,4,70.48
TRJ_0364,12,49.0,25.3,1.29,309,6,77.17
TRJ_0364,16,49.0,25.3,1.29,404,7,82.15
TRJ_0364,20,49.0,25.3,1.29,496,10,85.95
TRJ_0364,24,49.0,25.3,1.29,606,13,89.42
TRJ_0365,0,40.52,8.5,1.12,0,0,40.52
TRJ_0365,4,40.52,8.5,1.12,30,1,44.49
TRJ_0365,8,40.52,8.5,1.12,63,4,48.46
TRJ_0365,12,40.52,8.5,1.12,100,5,52.67
TRJ_0365,16,40.52,8.5,1.12,129,7,55.7
TRJ_0365,20,40.52,8.5,1.12,161,8,58.83
TRJ_0365,24,40.52,8.5,1.12,190,10,61.43
TRJ_0366,0,32.85,21.9,0.7,0,0,32.85
TRJ_0366,4,32.85,21.9,0.7,91,2,40.94
TRJ_0366,8,32.85,21.9,0.7,182,4,48.04
TRJ_0366,12,32.85,21.9,0.7,280,5,54.72
TRJ_0366,16,32.85,21.9,0.7,366,8,59.86
TRJ_0366,20,32.85,21.9,0.7,444,11,64.05
TRJ_0366,24,32.85,21.9,0.7,536,12,68.41
TRJ_0367,0,30.42,9.3,1.08,0,0,30.42
TRJ_0367,4,30.42,9.3,1.08,32,1,35.19
TRJ_0367,8,30.42,9.3,1.08,65,2,39.7
TRJ_0367,12,30.42,9.3,1.08,104,5,44.67
TRJ_0367,16,30.42,9.3,1.08,143,6,49.17
TRJ_0367,20,30.42,9.3,1.08,181,8,53.21
TRJ_0367,24,30.42,9.3,1.08,221,11,57.12
TRJ_0368,0,21.01,6.9,1.3,0,0,21.01
TRJ_0368,4,21.01,6.9,1.3,27,3,26.5
TRJ_0368,8,21.01,6.9,1.3,58,5,32.28
TRJ_0368,12,21.01,6.9,1.3,86,7,37.1
TRJ_0368,16,21.01,6.9,1.3,115,9,41.72
TRJ_0368,20,21.01,6.9,1.3,140,12,45.51
TRJ_0368,24,21.01,6.9,1.3,170,15,49.69
TRJ_0369,0,30.46,27.0,0.87,0,0,30.46
TRJ_0369,4,30.46,27.0,0.87,110,1,42.67
TRJ_0369,8,30.46,27.0,0.87,227,4,53.24
TRJ_0369,12,30.46,27.0,0.87,344,7,61.87
TRJ_0369,16,30.46,27.0,0.87,461,9,68.91
TRJ_0369,20,30.46,27.0,0.87,585,10,74.95
TRJ_0369,24,30.46,27.0,0.87,707,12,79.77
TRJ_0370,0,23.11,14.2,1.01,0,0,23.11
TRJ_0370,4,23.11,14.2,1.01,60,1,31.98
TRJ_0370,8,23.11,14.2,1.01,119,3,39.72
TRJ_0370,12,23.11,14.2,1.01,178,4,46.58
TRJ_0370,16,23.11,14.2,1.01,231,6,52.01
TRJ_0370,20,23.11,14.2,1.01,285,8,56.97
TRJ_0370,24,23.11,14.2,1.01,336,11,61.24
TRJ_0371,0,50.21,15.5,0.98,0,0,50.21
TRJ_0371,4,50.21,15.5,0.98,70,2,56.64
TRJ_0371,8,50.21,15.5,0.98,139,5,62.18
TRJ_0371,12,50.21,15.5,0.98,196,7,66.24
TRJ_0371,16,50.21,15.5,0.98,265,9,70.52
TRJ_0371,20,50.21,15.5,0.98,327,11,73.94
TRJ_0371,24,50.21,15.5,0.98,391,12,77.05
TRJ_0372,0,32.17,29.6,1.11,0,0,32.17
TRJ_0372,4,32.17,29.6,1.11,113,1,47.23
TRJ_0372,8,32.17,29.6,1.11,233,2,59.65
TRJ_0372,12,32.17,29.6,1.11,364,3,69.87
TRJ_0372,16,32.17,29.6,1.11,466,5,76.02
TRJ_0372,20,32.17,29.6,1.11,574,8,81.15
TRJ_0372,24,32.17,29.6,1.11,674,11,84.93
TRJ_0373,0,21.35,18.7,0.92,0,0,21.35
TRJ_0373,4,21.35,18.7,0.92,74,1,31.45
TRJ_0373,8,21.35,18.7,0.92,148,3,40.23
TRJ_0373,12,21.35,18.7,0.92,215,6,47.24
TRJ_0373,16,21.35,18.7,0.92,297,9,54.63
TRJ_0373,20,21.35,18.7,0.92,368,11,60.21
TRJ_0373,24,21.35,18.7,0.92,450,12,65.8
TRJ_0374,0,22.79,13.6,1.09,0,0,22.79
TRJ_0374,4,22.79,13.6,1.09,51,3,31.02
TRJ_0374,8,22.79,13.6,1.09,100,4,38.11
TRJ_0374,12,22.79,13.6,1.09,161,5,45.88
TRJ_0374,16,22.79,13.6,1.09,214,7,51.85
TRJ_0374,20,22.79,13.6,1.09,275,8,57.87
TRJ_0374,24,22.79,13.6,1.09,337,10,63.22
TRJ_0375,0,29.68,13.7,0.83,0,0,29.68
TRJ_0375,4,29.68,13.7,0.83,54,1,35.81
TRJ_0375,8,29.68,13.7,0.83,104,3,40.94
TRJ_0375,12,29.68,13.7,0.83,154,5,45.7
TRJ_0375,16,29.68,13.7,0.83,213,6,50.77
TRJ_0375,20,29.68,13.7,0.83,266,7,54.97
TRJ_0375,24,29.68,13.7,0.83,316,8,58.57
TRJ_0376,0,26.93,9.8,0.84,0,0,26.93
TRJ_0376,4,26.93,9.8,0.84,42,1,31.92
TRJ_0376,8,26.93,9.8,0.84,85,4,36.7
TRJ_0376,12,26.93,9.8,0.84,129,5,41.27
TRJ_0376,16,26.93,9.8,0.84,173,8,45.54
TRJ_0376,20,26.93,9.8,0.84,211,9,48.92
TRJ_0376,24,26.93,9.8,0.84,245,11,51.76
TRJ_0377,0,39.12,6.7,1.12,0,0,39.12
TRJ_0377,4,39.12,6.7,1.12,28,3,42.88
TRJ_0377,8,39.12,6.7,1.12,51,5,45.86
TRJ_0377,12,39.12,6.7,1.12,79,8,49.26
TRJ_0377,16,39.12,6.7,1.12,103,11,52.01
TRJ_0377,20,39.12,6.7,1.12,128,12,54.71
TRJ_0377,24,39.12,6.7,1.12,151,14,57.01
TRJ_0378,0,32.25,12.6,1.08,0,0,32.25
TRJ_0378,4,32.25,12.6,1.08,46,1,38.78
TRJ_0378,8,32.25,12.6,1.08,98,4,45.31
TRJ_0378,12,32.25,12.6,1.08,145,5,50.63
TRJ_0378,16,32.25,12.6,1.08,191,8,55.34
TRJ_0378,20,32.25,12.6,1.08,245,11,60.26
TRJ_0378,24,32.25,12.6,1.08,292,13,64.13
TRJ_0379,0,23.46,29.0,1.21,0,0,23.46
TRJ_0379,4,23.46,29.0,1.21,115,1,42.09
TRJ_0379,8,23.46,29.0,1.21,216,3,54.67
TRJ_0379,12,23.46,29.0,1.21,333,4,65.86
TRJ_0379,16,23.46,29.0,1.21,432,5,73.18
TRJ_0379,20,23.46,29.0,1.21,559,7,80.3
TRJ_0379,24,23.46,29.0,1.21,672,9,85.03
TRJ_0380,0,23.57,24.1,0.8,0,0,23.57
TRJ_0380,4,23.57,24.1,0.8,102,1,35.09
TRJ_0380,8,23.57,24.1,0.8,202,4,44.72
TRJ_0380,12,23.57,24.1,0.8,288,7,51.87
TRJ_0380,16,23.57,24.1,0.8,389,10,59.07
TRJ_0380,20,23.57,24.1,0.8,493,11,65.37
TRJ_0380,24,23.57,24.1,0.8,597,12,70.7
TRJ_0381,0,39.14,7.4,0.8,0,0,39.14
TRJ_0381,4,39.14,7.4,0.8,27,3,41.79
TRJ_0381,8,39.14,7.4,0.8,60,6,44.82
TRJ_0381,12,39.14,7.4,0.8,86,7,47.07
TRJ_0381,16,39.14,7.4,0.8,116,10,49.56
TRJ_0381,20,39.14,7.4,0.8,149,12,52.16
TRJ_0381,24,39.14,7.4,0.8,178,14,54.33
TRJ_0382,0,50.24,13.1,0.97,0,0,50.24
TRJ_0382,4,50.24,13.1,0.97,53,3,55.18
TRJ_0382,8,50.24,13.1,0.97,107,6,59.7
TRJ_0382,12,50.24,13.1,0.97,157,9,63.48
TRJ_0382,16,50.24,13.1,0.97,208,10,66.97
TRJ_0382,20,50.24,13.1,0.97,262,12,70.26
TRJ_0382,24,50.24,13.1,0.97,319,15,73.42
TRJ_0383,0,29.26,19.0,1.16,0,0,29.26
TRJ_0383,4,29.26,19.0,1.16,86,2,42.13
TRJ_0383,8,29.26,19.0,1.16,153,4,50.5
TRJ_0383,12,29.26,19.0,1.16,219,7,57.57
TRJ_0383,16,29.26,19.0,1.16,284,10,63.55
TRJ_0383,20,29.26,19.0,1.16,353,13,68.97
TRJ_0383,24,29.26,19.0,1.16,429,14,74.03
TRJ_0384,0,21.74,11.2,0.8,0,0,21.74
TRJ_0384,4,21.74,11.2,0.8,49,2,27.75
TRJ_0384,8,21.74,11.2,0.8,98,3,33.28
TRJ_0384,12,21.74,11.2,0.8,142,4,37.85
TRJ_0384,16,21.74,11.2,0.8,184,5,41.93
TRJ_0384,20,21.74,11.2,0.8,234,7,46.44
TRJ_0384,24,21.74,11.2,0.8,280,8,50.28
TRJ_0385,0,21.51,25.3,0.89,0,0,21.51
TRJ_0385,4,21.51,25.3,0.89,112,2,35.72
TRJ_0385,8,21.51,25.3,0.89,214,3,46.42
TRJ_0385,12,21.51,25.3,0.89,321,4,55.71
TRJ_0385,16,21.51,25.3,0.89,428,5,63.44
TRJ_0385,20,21.51,25.3,0.89,515,8,68.71
TRJ_0385,24,21.51,25.3,0.89,623,9,74.2
TRJ_0386,0,24.26,24.1,0.88,0,0,24.26
TRJ_0386,4,24.26,24.1,0.88,84,1,34.74
TRJ_0386,8,24.26,24.1,0.88,183,4,45.22
TRJ_0386,12,24.26,24.1,0.88,293,7,54.9
TRJ_0386,16,24.26,24.1,0.88,375,8,61.01
TRJ_0386,20,24.26,24.1,0.88,457,10,66.28
TRJ_0386,24,24.26,24.1,0.88,544,11,71.08
TRJ_0387,0,20.42,23.2,1.06,0,0,20.42
TRJ_0387,4,20.42,23.2,1.06,81,2,33.0
TRJ_0387,8,20.42,23.2,1.06,163,3,43.71
TRJ_0387,12,20.42,23.2,1.06,263,6,54.47
TRJ_0387,16,20.42,23.2,1.06,347,9,61.96
TRJ_0387,20,20.42,23.2,1.06,429,10,68.09
TRJ_0387,24,20.42,23.2,1.06,509,11,73.1
TRJ_0388,0,46.71,28.5,1.21,0,0,46.71
TRJ_0388,4,46.71,28.5,1.21,97,2,57.9
TRJ_0388,8,46.71,28.5,1.21,202,5,67.38
TRJ_0388,12,46.71,28.5,1.21,326,6,75.87
TRJ_0388,16,46.71,28.5,1.21,449,8,82.1
TRJ_0388,20,46.71,28.5,1.21,552,11,86.05
TRJ_0388,24,46.71,28.5,1.21,675,14,89.65
TRJ_0389,0,27.52,29.7,1.25,0,0,27.52
TRJ_0389,4,27.52,29.7,1.25,132,1,47.92
TRJ_0389,8,27.52,29.7,1.25,249,3,61.19
TRJ_0389,12,27.52,29.7,1.25,368,5,71.24
TRJ_0389,16,27.52,29.7,1.25,493,7,78.98
TRJ_0389,20,27.52,29.7,1.25,599,8,83.91
TRJ_0389,24,27.52,29.7,1.25,719,11,88.1
TRJ_0390,0,45.67,6.4,0.83,0,0,45.67
TRJ_0390,4,45.67,6.4,0.83,28,2,48.15
TRJ_0390,8,45.67,6.4,0.83,52,4,50.25
TRJ_0390,12,45.67,6.4,0.83,74,5,52.11
TRJ_0390,16,45.67,6.4,0.83,98,8,53.98
TRJ_0390,20,45.67,6.4,0.83,125,11,56.02
TRJ_0390,24,45.67,6.4,0.83,151,13,57.92
TRJ_0391,0,38.93,15.2,1.14,0,0,38.93
TRJ_0391,4,38.93,15.2,1.14,65,1,47.39
TRJ_0391,8,38.93,15.2,1.14,129,3,54.63
TRJ_0391,12,38.93,15.2,1.14,195,5,60.99
TRJ_0391,16,38.93,15.2,1.14,251,6,65.72
TRJ_0391,20,38.93,15.2,1.14,319,8,70.67
TRJ_0391,24,38.93,15.2,1.14,376,11,74.29
TRJ_0392,0,26.08,21.5,1.28,0,0,26.08
TRJ_0392,4,26.08,21.5,1.28,79,3,39.72
TRJ_0392,8,26.08,21.5,1.28,157,5,50.63
TRJ_0392,12,26.08,21.5,1.28,231,8,59.2
TRJ_0392,16,26.08,21.5,1.28,316,9,67.2
TRJ_0392,20,26.08,21.5,1.28,412,10,74.37
TRJ_0392,24,26.08,21.5,1.28,508,11,79.97
TRJ_0393,0,45.89,11.3,0.99,0,0,45.89
TRJ_0393,4,45.89,11.3,0.99,39,1,50.01
TRJ_0393,8,45.89,11.3,0.99,85,2,54.38
TRJ_0393,12,45.89,11.3,0.99,136,4,58.8
TRJ_0393,16,45.89,11.3,0.99,184,6,62.58
TRJ_0393,20,45.89,11.3,0.99,228,8,65.73
TRJ_0393,24,45.89,11.3,0.99,275,10,68.8
TRJ_0394,0,37.99,21.4,0.74,0,0,37.99
TRJ_0394,4,37.99,21.4,0.74,89,2,45.64
TRJ_0394,8,37.99,21.4,0.74,176,4,52.24
TRJ_0394,12,37.99,21.4,0.74,274,5,58.7
TRJ_0394,16,37.99,21.4,0.74,348,6,63.01
TRJ_0394,20,37.99,21.4,0.74,430,8,67.25
TRJ_0394,24,37.99,21.4,0.74,524,10,71.53
TRJ_0395,0,31.32,29.8,0.75,0,0,31.32
TRJ_0395,4,31.32,29.8,0.75,102,3,41.08
TRJ_0395,8,31.32,29.8,0.75,229,5,51.35
TRJ_0395,12,31.32,29.8,0.75,364,8,60.28
TRJ_0395,16,31.32,29.8,0.75,467,10,65.98
TRJ_0395,20,31.32,29.8,0.75,593,11,71.85
TRJ_0395,24,31.32,29.8,0.75,710,13,76.39
TRJ_0396,0,35.12,22.7,0.84,0,0,35.12
TRJ_0396,4,35.12,22.7,0.84,91,3,44.35
TRJ_0396,8,35.12,22.7,0.84,186,5,52.6
TRJ_0396,12,35.12,22.7,0.84,267,6,58.7
TRJ_0396,16,35.12,22.7,0.84,354,7,64.37
TRJ_0396,20,35.12,22.7,0.84,444,8,69.37
TRJ_0396,24,35.12,22.7,0.84,523,10,73.18
TRJ_0397,0,54.52,5.1,0.76,0,0,54.52
TRJ_0397,4,54.52,5.1,0.76,21,2,55.98
TRJ_0397,8,54.52,5.1,0.76,38,4,57.14
TRJ_0397,12,54.52,5.1,0.76,61,7,58.62
TRJ_0397,16,54.52,5.1,0.76,84,10,60.06
TRJ_0397,20,54.52,5.1,0.76,104,13,61.27
TRJ_0397,24,54.52,5.1,0.76,124,16,62.48
TRJ_0398,0,50.28,10.7,0.95,0,0,50.28
TRJ_0398,4,50.28,10.7,0.95,47,3,54.59
TRJ_0398,8,50.28,10.7,0.95,87,5,57.99
TRJ_0398,12,50.28,10.7,0.95,135,6,61.68
TRJ_0398,16,50.28,10.7,0.95,180,9,64.83
TRJ_0398,20,50.28,10.7,0.95,225,10,67.77
TRJ_0398,24,50.28,10.7,0.95,269,11,70.4
TRJ_0399,0,45.15,26.4,1.27,0,0,45.15
TRJ_0399,4,45.15,26.4,1.27,96,3,57.04
TRJ_0399,8,45.15,26.4,1.27,216,4,68.38
TRJ_0399,12,45.15,26.4,1.27,331,7,76.44
TRJ_0399,16,45.15,26.4,1.27,437,8,82.01
TRJ_0399,20,45.15,26.4,1.27,539,10,86.14
TRJ_0399,24,45.15,26.4,1.27,642,13,89.34
TRJ_0400,0,39.2,22.6,1.11,0,0,39.2
TRJ_0400,4,39.2,22.6,1.11,83,3,49.44
TRJ_0400,8,39.2,22.6,1.11,174,5,58.77
TRJ_0400,12,39.2,22.6,1.11,265,6,66.34
TRJ_0400,16,39.2,22.6,1.11,347,7,71.97
TRJ_0400,20,39.2,22.6,1.11,434,10,76.92
TRJ_0400,24,39.2,22.6,1.11,526,12,81.23
TRJ_0401,0,50.96,13.6,0.85,0,0,50.96
TRJ_0401,4,50.96,13.6,0.85,47,2,54.79
TRJ_0401,8,50.96,13.6,0.85,103,3,58.9
TRJ_0401,12,50.96,13.6,0.85,161,4,62.78
TRJ_0401,16,50.96,13.6,0.85,210,6,65.79
TRJ_0401,20,50.96,13.6,0.85,266,7,68.91
TRJ_0401,24,50.96,13.6,0.85,328,8,72.02
TRJ_0402,0,42.55,20.0,0.74,0,0,42.55
TRJ_0402,4,42.55,20.0,0.74,91,1,49.84
TRJ_0402,8,42.55,20.0,0.74,170,3,55.39
TRJ_0402,12,42.55,20.0,0.74,250,5,60.37
TRJ_0402,16,42.55,20.0,0.74,337,7,65.17
TRJ_0402,20,42.55,20.0,0.74,416,8,69.02
TRJ_0402,24,42.55,20.0,0.74,496,9,72.48
TRJ_0403,0,47.89,10.3,0.82,0,0,47.89
TRJ_0403,4,47.89,10.3,0.82,38,3,51.1
TRJ_0403,8,47.89,10.3,0.82,79,6,54.34
TRJ_0403,12,47.89,10.3,0.82,121,9,57.43
TRJ_0403,16,47.89,10.3,0.82,165,10,60.46
TRJ_0403,20,47.89,10.3,0.82,204,12,62.93
TRJ_0403,24,47.89,10.3,0.82,241,14,65.15
TRJ_0404,0,31.51,9.3,0.86,0,0,31.51
TRJ_0404,4,31.51,9.3,0.86,32,2,35.22
TRJ_0404,8,31.51,9.3,0.86,64,3,38.74
TRJ_0404,12,31.51,9.3,0.86,97,4,42.21
TRJ_0404,16,31.51,9.3,0.86,132,7,45.62
TRJ_0404,20,31.51,9.3,0.86,174,8,49.42
TRJ_0404,24,31.51,9.3,0.86,211,9,52.54
TRJ_0405,0,20.04,9.6,0.86,0,0,20.04
TRJ_0405,4,20.04,9.6,0.86,43,1,25.75
TRJ_0405,8,20.04,9.6,0.86,79,4,30.31
TRJ_0405,12,20.04,9.6,0.86,122,7,35.32
TRJ_0405,16,20.04,9.6,0.86,155,9,38.95
TRJ_0405,20,20.04,9.6,0.86,197,12,43.26
TRJ_0405,24,20.04,9.6,0.86,234,14,46.84
TRJ_0406,0,50.78,23.6,0.86,0,0,50.78
TRJ_0406,4,50.78,23.6,0.86,91,2,57.93
TRJ_0406,8,50.78,23.6,0.86,191,4,64.6
TRJ_0406,12,50.78,23.6,0.86,277,5,69.51
TRJ_0406,16,50.78,23.6,0.86,376,6,74.31
TRJ_0406,20,50.78,23.6,0.86,472,8,78.23
TRJ_0406,24,50.78,23.6,0.86,561,9,81.35
TRJ_0407,0,42.57,28.2,1.24,0,0,42.57
TRJ_0407,4,42.57,28.2,1.24,114,2,56.72
TRJ_0407,8,42.57,28.2,1.24,234,3,67.89
TRJ_0407,12,42.57,28.2,1.24,343,5,75.51
TRJ_0407,16,42.57,28.2,1.24,446,7,81.07
TRJ_0407,20,42.57,28.2,1.24,563,8,85.87
TRJ_0407,24,42.57,28.2,1.24,668,9,89.12
TRJ_0408,0,26.13,23.3,1.23,0,0,26.13
TRJ_0408,4,26.13,23.3,1.23,93,2,41.32
TRJ_0408,8,26.13,23.3,1.23,173,4,51.86
TRJ_0408,12,26.13,23.3,1.23,272,6,62.28
TRJ_0408,16,26.13,23.3,1.23,372,9,70.53
TRJ_0408,20,26.13,23.3,1.23,477,11,77.26
TRJ_0408,24,26.13,23.3,1.23,571,13,81.98
TRJ_0409,0,38.17,22.9,1.0,0,0,38.17
TRJ_0409,4,38.17,22.9,1.0,83,3,47.68
TRJ_0409,8,38.17,22.9,1.0,183,5,57.18
TRJ_0409,12,38.17,22.9,1.0,278,8,64.61
TRJ_0409,16,38.17,22.9,1.0,363,10,70.18
TRJ_0409,20,38.17,22.9,1.0,467,13,75.81
TRJ_0409,24,38.17,22.9,1.0,567,16,80.22
TRJ_0410,0,28.91,5.4,1.28,0,0,28.91
TRJ_0410,4,28.91,5.4,1.28,19,3,32.29
TRJ_0410,8,28.91,5.4,1.28,39,6,35.75
TRJ_0410,12,28.91,5.4,1.28,58,9,38.89
TRJ_0410,16,28.91,5.4,1.28,82,11,42.56
TRJ_0410,20,28.91,5.4,1.28,102,14,45.5
TRJ_0410,24,28.91,5.4,1.28,122,16,48.23
TRJ_0411,0,33.12,29.9,1.01,0,0,33.12
TRJ_0411,4,33.12,29.9,1.01,102,3,45.65
TRJ_0411,8,33.12,29.9,1.01,226,4,57.71
TRJ_0411,12,33.12,29.9,1.01,347,6,66.91
TRJ_0411,16,33.12,29.9,1.01,451,7,73.2
TRJ_0411,20,33.12,29.9,1.01,583,10,79.48
TRJ_0411,24,33.12,29.9,1.01,687,11,83.39
TRJ_0412,0,17.45,23.5,0.99,0,0,17.45
TRJ_0412,4,17.45,23.5,0.99,81,2,29.74
TRJ_0412,8,17.45,23.5,0.99,176,3,41.8
TRJ_0412,12,17.45,23.5,0.99,266,4,51.4
TRJ_0412,16,17.45,23.5,0.99,366,5,60.18
TRJ_0412,20,17.45,23.5,0.99,447,7,66.09
TRJ_0412,24,17.45,23.5,0.99,536,9,71.62
TRJ_0413,0,34.55,18.8,1.12,0,0,34.55
TRJ_0413,4,34.55,18.8,1.12,72,1,44.34
TRJ_0413,8,34.55,18.8,1.12,140,2,52.29
TRJ_0413,12,34.55,18.8,1.12,213,4,59.52
TRJ_0413,16,34.55,18.8,1.12,283,6,65.41
TRJ_0413,20,34.55,18.8,1.12,363,7,71.09
TRJ_0413,24,34.55,18.8,1.12,428,10,75.01
TRJ_0414,0,52.78,27.1,0.89,0,0,52.78
TRJ_0414,4,52.78,27.1,0.89,95,2,60.17
TRJ_0414,8,52.78,27.1,0.89,208,4,67.46
TRJ_0414,12,52.78,27.1,0.89,331,7,73.86
TRJ_0414,16,52.78,27.1,0.89,453,9,78.97
TRJ_0414,20,52.78,27.1,0.89,548,12,82.25
TRJ_0414,24,52.78,27.1,0.89,653,13,85.3
TRJ_0415,0,38.69,25.8,0.98,0,0,38.69
TRJ_0415,4,38.69,25.8,0.98,102,1,49.84
TRJ_0415,8,38.69,25.8,0.98,207,2,59.2
TRJ_0415,12,38.69,25.8,0.98,324,4,67.58
TRJ_0415,16,38.69,25.8,0.98,420,7,73.15
TRJ_0415,20,38.69,25.8,0.98,527,8,78.26
TRJ_0415,24,38.69,25.8,0.98,644,9,82.73
TRJ_0416,0,33.13,13.1,0.88,0,0,33.13
TRJ_0416,4,33.13,13.1,0.88,54,1,39.28
TRJ_0416,8,33.13,13.1,0.88,105,3,44.58
TRJ_0416,12,33.13,13.1,0.88,162,4,49.94
TRJ_0416,16,33.13,13.1,0.88,210,7,54.04
TRJ_0416,20,33.13,13.1,0.88,270,10,58.67
TRJ_0416,24,33.13,13.1,0.88,328,12,62.71
TRJ_0417,0,29.46,26.5,1.3,0,0,29.46
TRJ_0417,4,29.46,26.5,1.3,121,1,48.6
TRJ_0417,8,29.46,26.5,1.3,221,2,60.38
TRJ_0417,12,29.46,26.5,1.3,327,4,69.97
TRJ_0417,16,29.46,26.5,1.3,433,7,77.22
TRJ_0417,20,29.46,26.5,1.3,545,8,82.99
TRJ_0417,24,29.46,26.5,1.3,637,9,86.62
TRJ_0418,0,47.87,9.9,0.98,0,0,47.87
TRJ_0418,4,47.87,9.9,0.98,40,1,51.87
TRJ_0418,8,47.87,9.9,0.98,79,3,55.44
TRJ_0418,12,47.87,9.9,0.98,113,5,58.35
TRJ_0418,16,47.87,9.9,0.98,151,7,61.35
TRJ_0418,20,47.87,9.9,0.98,189,8,64.19
TRJ_0418,24,47.87,9.9,0.98,228,10,66.85
TRJ_0419,0,54.02,15.5,1.07,0,0,54.02
TRJ_0419,4,54.02,15.5,1.07,54,2,59.11
TRJ_0419,8,54.02,15.5,1.07,110,5,63.8
TRJ_0419,12,54.02,15.5,1.07,163,7,67.74
TRJ_0419,16,54.02,15.5,1.07,224,9,71.72
TRJ_0419,20,54.02,15.5,1.07,286,11,75.24
TRJ_0419,24,54.02,15.5,1.07,355,12,78.68
TRJ_0420,0,42.48,10.6,0.74,0,0,42.48
TRJ_0420,4,42.48,10.6,0.74,37,1,45.58
TRJ_0420,8,42.48,10.6,0.74,73,2,48.47
TRJ_0420,12,42.48,10.6,0.74,121,5,52.03
TRJ_0420,16,42.48,10.6,0.74,166,8,55.12
TRJ_0420,20,42.48,10.6,0.74,203,11,57.51
TRJ_0420,24,42.48,10.6,0.74,241,13,59.84
TRJ_0421,0,43.5,10.7,1.03,0,0,43.5
TRJ_0421,4,43.5,10.7,1.03,38,3,47.79
TRJ_0421,8,43.5,10.7,1.03,85,6,52.68
TRJ_0421,12,43.5,10.7,1.03,128,9,56.74
TRJ_0421,16,43.5,10.7,1.03,168,11,60.18
TRJ_0421,20,43.5,10.7,1.03,216,14,63.93
TRJ_0421,24,43.5,10.7,1.03,259,16,67.0
TRJ_0422,0,36.76,14.9,0.78,0,0,36.76
TRJ_0422,4,36.76,14.9,0.78,54,2,41.92
TRJ_0422,8,36.76,14.9,0.78,113,3,47.04
TRJ_0422,12,36.76,14.9,0.78,176,4,52.02
TRJ_0422,16,36.76,14.9,0.78,230,7,55.92
TRJ_0422,20,36.76,14.9,0.78,283,8,59.45
TRJ_0422,24,36.76,14.9,0.78,342,10,63.07
TRJ_0423,0,20.14,15.9,1.04,0,0,20.14
TRJ_0423,4,20.14,15.9,1.04,63,3,30.0
TRJ_0423,8,20.14,15.9,1.04,134,4,39.64
TRJ_0423,12,20.14,15.9,1.04,189,5,46.2
TRJ_0423,16,20.14,15.9,1.04,260,8,53.62
TRJ_0423,20,20.14,15.9,1.04,325,9,59.57
TRJ_0423,24,20.14,15.9,1.04,382,11,64.09
TRJ_0424,0,19.16,25.8,0.72,0,0,19.16
TRJ_0424,4,19.16,25.8,0.72,105,1,30.57
TRJ_0424,8,19.16,25.8,0.72,219,2,41.16
TRJ_0424,12,19.16,25.8,0.72,335,3,50.25
TRJ_0424,16,19.16,25.8,0.72,441,5,57.35
TRJ_0424,20,19.16,25.8,0.72,558,8,63.99
TRJ_0424,24,19.16,25.8,0.72,666,11,69.18
TRJ_0425,0,52.47,26.4,0.72,0,0,52.47
TRJ_0425,4,52.47,26.4,0.72,102,3,59.0
TRJ_0425,8,52.47,26.4,0.72,204,6,64.63
TRJ_0425,12,52.47,26.4,0.72,304,7,69.37
TRJ_0425,16,52.47,26.4,0.72,425,9,74.29
TRJ_0425,20,52.47,26.4,0.72,519,12,77.56
TRJ_0425,24,52.47,26.4,0.72,616,14,80.49
TRJ_0426,0,18.82,19.3,1.2,0,0,18.82
TRJ_0426,4,18.82,19.3,1.2,70,2,31.51
TRJ_0426,8,18.82,19.3,1.2,148,3,43.29
TRJ_0426,12,18.82,19.3,1.2,218,6,52.08
TRJ_0426,16,18.82,19.3,1.2,285,8,59.2
TRJ_0426,20,18.82,19.3,1.2,353,11,65.38
TRJ_0426,24,18.82,19.3,1.2,428,12,71.11
TRJ_0427,0,23.23,7.3,0.95,0,0,23.23
TRJ_0427,4,23.23,7.3,0.95,30,3,27.57
TRJ_0427,8,23.23,7.3,0.95,59,6,31.56
TRJ_0427,12,23.23,7.3,0.95,88,8,35.27
TRJ_0427,16,23.23,7.3,0.95,116,11,38.73
TRJ_0427,20,23.23,7.3,0.95,145,13,42.04
TRJ_0427,24,23.23,7.3,0.95,177,14,45.51
TRJ_0428,0,16.24,16.7,1.23,0,0,16.24
TRJ_0428,4,16.24,16.7,1.23,67,1,29.01
TRJ_0428,8,16.24,16.7,1.23,128,3,38.94
TRJ_0428,12,16.24,16.7,1.23,189,4,47.51
TRJ_0428,16,16.24,16.7,1.23,258,7,55.77
TRJ_0428,20,16.24,16.7,1.23,330,9,63.01
TRJ_0428,24,16.24,16.7,1.23,403,11,69.15
TRJ_0429,0,35.31,25.6,0.85,0,0,35.31
TRJ_0429,4,35.31,25.6,0.85,104,3,45.85
TRJ_0429,8,35.31,25.6,0.85,215,4,55.18
TRJ_0429,12,35.31,25.6,0.85,330,6,63.14
TRJ_0429,16,35.31,25.6,0.85,441,9,69.49
TRJ_0429,20,35.31,25.6,0.85,554,11,74.85
TRJ_0429,24,35.31,25.6,0.85,668,14,79.29
TRJ_0430,0,25.79,13.1,1.18,0,0,25.79
TRJ_0430,4,25.79,13.1,1.18,59,3,35.46
TRJ_0430,8,25.79,13.1,1.18,116,4,43.62
TRJ_0430,12,25.79,13.1,1.18,164,5,49.67
TRJ_0430,16,25.79,13.1,1.18,224,8,56.33
TRJ_0430,20,25.79,13.1,1.18,278,11,61.6
TRJ_0430,24,25.79,13.1,1.18,330,13,66.04
TRJ_0431,0,53.6,27.4,1.05,0,0,53.6
TRJ_0431,4,53.6,27.4,1.05,105,3,62.79
TRJ_0431,8,53.6,27.4,1.05,213,5,70.38
TRJ_0431,12,53.6,27.4,1.05,324,7,76.55
TRJ_0431,16,53.6,27.4,1.05,437,10,81.51
TRJ_0431,20,53.6,27.4,1.05,553,11,85.51
TRJ_0431,24,53.6,27.4,1.05,665,14,88.57
TRJ_0432,0,49.85,7.5,1.27,0,0,49.85
TRJ_0432,4,49.85,7.5,1.27,27,1,53.2
TRJ_0432,8,49.85,7.5,1.27,55,3,56.42
TRJ_0432,12,49.85,7.5,1.27,88,6,59.93
TRJ_0432,16,49.85,7.5,1.27,117,8,62.8
TRJ_0432,20,49.85,7.5,1.27,147,11,65.6
TRJ_0432,24,49.85,7.5,1.27,177,13,68.19
TRJ_0433,0,20.28,15.0,1.25,0,0,20.28
TRJ_0433,4,20.28,15.0,1.25,52,3,30.01
TRJ_0433,8,20.28,15.0,1.25,115,4,40.31
TRJ_0433,12,20.28,15.0,1.25,174,6,48.61
TRJ_0433,16,20.28,15.0,1.25,225,9,54.82
TRJ_0433,20,20.28,15.0,1.25,284,10,61.08
TRJ_0433,24,20.28,15.0,1.25,342,11,66.33
TRJ_0434,0,40.45,10.1,0.92,0,0,40.45
TRJ_0434,4,40.45,10.1,0.92,41,2,44.83
TRJ_0434,8,40.45,10.1,0.92,84,5,49.08
TRJ_0434,12,40.45,10.1,0.92,121,6,52.5
TRJ_0434,16,40.45,10.1,0.92,164,7,56.12
TRJ_0434,20,40.45,10.1,0.92,203,9,59.23
TRJ_0434,24,40.45,10.1,0.92,243,12,62.16
TRJ_0435,0,36.67,9.3,0.87,0,0,36.67
TRJ_0435,4,36.67,9.3,0.87,40,2,40.97
TRJ_0435,8,36.67,9.3,0.87,76,4,44.6
TRJ_0435,12,36.67,9.3,0.87,111,5,47.93
TRJ_0435,16,36.67,9.3,0.87,143,7,50.81
TRJ_0435,20,36.67,9.3,0.87,176,8,53.61
TRJ_0435,24,36.67,9.3,0.87,213,10,56.56
TRJ_0436,0,34.23,29.4,0.81,0,0,34.23
TRJ_0436,4,34.23,29.4,0.81,107,2,44.75
TRJ_0436,8,34.23,29.4,0.81,231,5,54.83
TRJ_0436,12,34.23,29.4,0.81,344,8,62.44
TRJ_0436,16,34.23,29.4,0.81,454,9,68.6
TRJ_0436,20,34.23,29.4,0.81,555,11,73.38
TRJ_0436,24,34.23,29.4,0.81,677,12,78.18
TRJ_0437,0,49.47,29.5,0.97,0,0,49.47
TRJ_0437,4,49.47,29.5,0.97,122,2,60.16
TRJ_0437,8,49.47,29.5,0.97,229,4,67.65
TRJ_0437,12,49.47,29.5,0.97,356,7,74.73
TRJ_0437,16,49.47,29.5,0.97,467,8,79.64
TRJ_0437,20,49.47,29.5,0.97,597,9,84.2
TRJ_0437,24,49.47,29.5,0.97,727,12,87.72
TRJ_0438,0,18.88,21.0,1.2,0,0,18.88
TRJ_0438,4,18.88,21.0,1.2,84,1,33.79
TRJ_0438,8,18.88,21.0,1.2,173,3,46.58
TRJ_0438,12,18.88,21.0,1.2,249,4,55.58
TRJ_0438,16,18.88,21.0,1.2,336,6,63.97
TRJ_0438,20,18.88,21.0,1.2,422,7,70.73
TRJ_0438,24,18.88,21.0,1.2,500,9,75.74
TRJ_0439,0,51.95,15.7,1.12,0,0,51.95
TRJ_0439,4,51.95,15.7,1.12,55,3,57.52
TRJ_0439,8,51.95,15.7,1.12,108,6,62.31
TRJ_0439,12,51.95,15.7,1.12,179,9,67.87
TRJ_0439,16,51.95,15.7,1.12,245,12,72.34
TRJ_0439,20,51.95,15.7,1.12,301,13,75.61
TRJ_0439,24,51.95,15.7,1.12,364,15,78.86
TRJ_0440,0,19.07,24.5,0.92,0,0,19.07
TRJ_0440,4,19.07,24.5,0.92,84,2,30.73
TRJ_0440,8,19.07,24.5,0.92,168,4,40.66
TRJ_0440,12,19.07,24.5,0.92,258,6,49.76
TRJ_0440,16,19.07,24.5,0.92,346,8,57.33
TRJ_0440,20,19.07,24.5,0.92,458,9,65.31
TRJ_0440,24,19.07,24.5,0.92,569,12,71.74
TRJ_0441,0,50.2,14.6,0.71,0,0,50.2
TRJ_0441,4,50.2,14.6,0.71,56,3,54.03
TRJ_0441,8,50.2,14.6,0.71,119,6,57.97
TRJ_0441,12,50.2,14.6,0.71,170,9,60.93
TRJ_0441,16,50.2,14.6,0.71,222,11,63.76
TRJ_0441,20,50.2,14.6,0.71,276,12,66.45
TRJ_0441,24,50.2,14.6,0.71,326,13,68.79
TRJ_0442,0,29.27,13.7,0.98,0,0,29.27
TRJ_0442,4,29.27,13.7,0.98,47,2,35.55
TRJ_0442,8,29.27,13.7,0.98,97,5,41.59
TRJ_0442,12,29.27,13.7,0.98,151,8,47.54
TRJ_0442,16,29.27,13.7,0.98,211,11,53.38
TRJ_0442,20,29.27,13.7,0.98,259,13,57.57
TRJ_0442,24,29.27,13.7,0.98,307,15,61.39
TRJ_0443,0,18.07,17.3,0.81,0,0,18.07
TRJ_0443,4,18.07,17.3,0.81,66,2,26.44
TRJ_0443,8,18.07,17.3,0.81,132,3,34.0
TRJ_0443,12,18.07,17.3,0.81,193,4,40.22
TRJ_0443,16,18.07,17.3,0.81,271,7,47.37
TRJ_0443,20,18.07,17.3,0.81,342,10,53.13
TRJ_0443,24,18.07,17.3,0.81,416,11,58.45
TRJ_0444,0,41.6,16.2,1.27,0,0,41.6
TRJ_0444,4,41.6,16.2,1.27,61,2,50.06
TRJ_0444,8,41.6,16.2,1.27,134,5,58.56
TRJ_0444,12,41.6,16.2,1.27,201,6,65.07
TRJ_0444,16,41.6,16.2,1.27,264,8,70.28
TRJ_0444,20,41.6,16.2,1.27,332,11,75.01
TRJ_0444,24,41.6,16.2,1.27,403,12,79.15
TRJ_0445,0,52.05,20.4,1.11,0,0,52.05
TRJ_0445,4,52.05,20.4,1.11,92,3,60.97
TRJ_0445,8,52.05,20.4,1.11,173,6,67.46
TRJ_0445,12,52.05,20.4,1.11,263,8,73.4
TRJ_0445,16,52.05,20.4,1.11,345,10,77.86
TRJ_0445,20,52.05,20.4,1.11,434,13,81.86
TRJ_0445,24,52.05,20.4,1.11,517,16,84.94
TRJ_0446,0,24.46,9.8,0.89,0,0,24.46
TRJ_0446,4,24.46,9.8,0.89,36,1,29.21
TRJ_0446,8,24.46,9.8,0.89,74,3,33.85
TRJ_0446,12,24.46,9.8,0.89,115,5,38.56
TRJ_0446,16,24.46,9.8,0.89,158,6,43.13
TRJ_0446,20,24.46,9.8,0.89,193,9,46.59
TRJ_0446,24,24.46,9.8,0.89,232,12,50.26
TRJ_0447,0,41.47,18.5,0.74,0,0,41.47
TRJ_0447,4,41.47,18.5,0.74,77,1,47.78
TRJ_0447,8,41.47,18.5,0.74,147,3,52.93
TRJ_0447,12,41.47,18.5,0.74,215,4,57.45
TRJ_0447,16,41.47,18.5,0.74,287,7,61.79
TRJ_0447,20,41.47,18.5,0.74,365,8,66.0
TRJ_0447,24,41.47,18.5,0.74,440,10,69.57
TRJ_0448,0,25.12,9.1,0.91,0,0,25.12
TRJ_0448,4,25.12,9.1,0.91,31,1,29.27
TRJ_0448,8,25.12,9.1,0.91,71,2,34.3
TRJ_0448,12,25.12,9.1,0.91,105,3,38.26
TRJ_0448,16,25.12,9.1,0.91,145,6,42.66
TRJ_0448,20,25.12,9.1,0.91,183,7,46.57
TRJ_0448,24,25.12,9.1,0.91,224,8,50.43
TRJ_0449,0,38.13,24.1,0.8,0,0,38.13
TRJ_0449,4,38.13,24.1,0.8,101,3,47.39
TRJ_0449,8,38.13,24.1,0.8,198,6,54.99
TRJ_0449,12,38.13,24.1,0.8,293,7,61.38
TRJ_0449,16,38.13,24.1,0.8,381,8,66.48
TRJ_0449,20,38.13,24.1,0.8,482,10,71.52
TRJ_0449,24,38.13,24.1,0.8,578,12,75.61
TRJ_0450,0,49.5,7.3,0.74,0,0,49.5
TRJ_0450,4,49.5,7.3,0.74,25,1,51.39
TRJ_0450,8,49.5,7.3,0.74,52,3,53.33
TRJ_0450,12,49.5,7.3,0.74,83,4,55.48
TRJ_0450,16,49.5,7.3,0.74,112,7,57.4
TRJ_0450,20,49.5,7.3,0.74,142,9,59.26
TRJ_0450,24,49.5,7.3,0.74,171,10,61.01
TRJ_0451,0,38.63,5.4,1.12,0,0,38.63
TRJ_0451,4,38.63,5.4,1.12,23,3,41.77
TRJ_0451,8,38.63,5.4,1.12,47,5,44.9
TRJ_0451,12,38.63,5.4,1.12,69,7,47.64
TRJ_0451,16,38.63,5.4,1.12,90,10,50.13
TRJ_0451,20,38.63,5.4,1.12,111,13,52.51
TRJ_0451,24,38.63,5.4,1.12,131,16,54.64
TRJ_0452,0,33.92,6.0,1.28,0,0,33.92
TRJ_0452,4,33.92,6.0,1.28,21,3,37.39
TRJ_0452,8,33.92,6.0,1.28,42,4,40.75
TRJ_0452,12,33.92,6.0,1.28,66,5,44.3
TRJ_0452,16,33.92,6.0,1.28,89,6,47.55
TRJ_0452,20,33.92,6.0,1.28,115,7,51.01
TRJ_0452,24,33.92,6.0,1.28,137,8,53.76
TRJ_0453,0,43.77,15.6,0.93,0,0,43.77
TRJ_0453,4,43.77,15.6,0.93,56,1,49.42
TRJ_0453,8,43.77,15.6,0.93,124,4,55.46
TRJ_0453,12,43.77,15.6,0.93,180,7,59.92
TRJ_0453,16,43.77,15.6,0.93,233,10,63.69
TRJ_0453,20,43.77,15.6,0.93,301,13,68.04
TRJ_0453,24,43.77,15.6,0.93,358,14,71.26
TRJ_0454,0,21.02,10.0,1.26,0,0,21.02
TRJ_0454,4,21.02,10.0,1.26,42,3,28.96
TRJ_0454,8,21.02,10.0,1.26,84,4,36.14
TRJ_0454,12,21.02,10.0,1.26,119,7,41.66
TRJ_0454,16,21.02,10.0,1.26,160,9,47.43
TRJ_0454,20,21.02,10.0,1.26,204,12,52.99
TRJ_0454,24,21.02,10.0,1.26,246,14,57.73
TRJ_0455,0,18.07,15.8,1.13,0,0,18.07
TRJ_0455,4,18.07,15.8,1.13,55,3,27.72
TRJ_0455,8,18.07,15.8,1.13,115,6,36.97
TRJ_0455,12,18.07,15.8,1.13,182,7,45.85
TRJ_0455,16,18.07,15.8,1.13,251,10,53.73
TRJ_0455,20,18.07,15.8,1.13,316,13,60.13
TRJ_0455,24,18.07,15.8,1.13,385,16,65.93
TRJ_0456,0,41.17,28.3,0.71,0,0,41.17
TRJ_0456,4,41.17,28.3,0.71,108,3,49.54
TRJ_0456,8,41.17,28.3,0.71,206,5,56.12
TRJ_0456,12,41.17,28.3,0.71,315,7,62.42
TRJ_0456,16,41.17,28.3,0.71,419,8,67.61
TRJ_0456,20,41.17,28.3,0.71,523,9,72.08
TRJ_0456,24,41.17,28.3,0.71,629,12,75.98
TRJ_0457,0,26.57,19.5,1.09,0,0,26.57
TRJ_0457,4,26.57,19.5,1.09,72,1,37.29
TRJ_0457,8,26.57,19.5,1.09,141,2,46.12
TRJ_0457,12,26.57,19.5,1.09,217,3,54.35
TRJ_0457,16,26.57,19.5,1.09,290,5,61.09
TRJ_0457,20,26.57,19.5,1.09,377,8,67.87
TRJ_0457,24,26.57,19.5,1.09,461,10,73.3
TRJ_0458,0,50.4,7.6,0.93,0,0,50.4
TRJ_0458,4,50.4,7.6,0.93,33,3,53.4
TRJ_0458,8,50.4,7.6,0.93,60,4,55.72
TRJ_0458,12,50.4,7.6,0.93,92,6,58.35
TRJ_0458,16,50.4,7.6,0.93,125,9,60.89
TRJ_0458,20,50.4,7.6,0.93,153,11,62.9
TRJ_0458,24,50.4,7.6,0.93,187,14,65.22
TRJ_0459,0,48.46,9.2,1.04,0,0,48.46
TRJ_0459,4,48.46,9.2,1.04,33,1,51.96
TRJ_0459,8,48.46,9.2,1.04,69,4,55.46
TRJ_0459,12,48.46,9.2,1.04,105,6,58.75
TRJ_0459,16,48.46,9.2,1.04,143,8,61.94
TRJ_0459,20,48.46,9.2,1.04,181,10,64.84
TRJ_0459,24,48.46,9.2,1.04,216,13,67.32
TRJ_0460,0,36.28,7.0,1.04,0,0,36.28
TRJ_0460,4,36.28,7.0,1.04,32,2,40.38
TRJ_0460,8,36.28,7.0,1.04,60,3,43.82
TRJ_0460,12,36.28,7.0,1.04,91,6,47.34
TRJ_0460,16,36.28,7.0,1.04,122,7,50.64
TRJ_0460,20,36.28,7.0,1.04,153,8,53.8
TRJ_0460,24,36.28,7.0,1.04,177,9,56.09
TRJ_0461,0,40.66,28.0,1.17,0,0,40.66
TRJ_0461,4,40.66,28.0,1.17,110,3,54.15
TRJ_0461,8,40.66,28.0,1.17,214,6,64.08
TRJ_0461,12,40.66,28.0,1.17,320,7,72.02
TRJ_0461,16,40.66,28.0,1.17,419,8,77.82
TRJ_0461,20,40.66,28.0,1.17,521,9,82.54
TRJ_0461,24,40.66,28.0,1.17,640,11,86.79
TRJ_0462,0,21.94,25.8,0.85,0,0,21.94
TRJ_0462,4,21.94,25.8,0.85,100,1,34.18
TRJ_0462,8,21.94,25.8,0.85,196,2,44.19
TRJ_0462,12,21.94,25.8,0.85,293,5,52.74
TRJ_0462,16,21.94,25.8,0.85,405,8,60.99
TRJ_0462,20,21.94,25.8,0.85,515,10,67.65
TRJ_0462,24,21.94,25.8,0.85,614,12,72.69
TRJ_0463,0,29.39,21.8,1.11,0,0,29.39
TRJ_0463,4,29.39,21.8,1.11,75,1,40.26
TRJ_0463,8,29.39,21.8,1.11,154,3,49.96
TRJ_0463,12,29.39,21.8,1.11,243,5,58.96
TRJ_0463,16,29.39,21.8,1.11,332,6,66.36
TRJ_0463,20,29.39,21.8,1.11,411,9,71.78
TRJ_0463,24,29.39,21.8,1.11,486,12,76.15
TRJ_0464,0,54.19,8.2,1.22,0,0,54.19
TRJ_0464,4,54.19,8.2,1.22,31,3,57.56
TRJ_0464,8,54.19,8.2,1.22,67,6,61.15
TRJ_0464,12,54.19,8.2,1.22,101,7,64.25
TRJ_0464,16,54.19,8.2,1.22,129,8,66.64
TRJ_0464,20,54.19,8.2,1.22,165,9,69.51
TRJ_0464,24,54.19,8.2,1.22,200,10,72.04
TRJ_0465,0,33.56,19.9,0.9,0,0,33.56
TRJ_0465,4,33.56,19.9,0.9,71,2,41.55
TRJ_0465,8,33.56,19.9,0.9,140,4,48.38
TRJ_0465,12,33.56,19.9,0.9,220,5,55.35
TRJ_0465,16,33.56,19.9,0.9,291,8,60.77
TRJ_0465,20,33.56,19.9,0.9,367,11,65.79
TRJ_0465,24,33.56,19.9,0.9,441,13,70.11
TRJ_0466,0,30.0,9.3,1.17,0,0,30.0
TRJ_0466,4,30.0,9.3,1.17,39,3,36.23
TRJ_0466,8,30.0,9.3,1.17,79,4,42.03
TRJ_0466,12,30.0,9.3,1.17,116,6,46.84
TRJ_0466,16,30.0,9.3,1.17,155,9,51.53
TRJ_0466,20,30.0,9.3,1.17,188,10,55.15
TRJ_0466,24,30.0,9.3,1.17,226,12,58.98
TRJ_0467,0,52.37,12.7,1.07,0,0,52.37
TRJ_0467,4,52.37,12.7,1.07,46,3,56.89
TRJ_0467,8,52.37,12.7,1.07,93,6,61.07
TRJ_0467,12,52.37,12.7,1.07,150,9,65.59
TRJ_0467,16,52.37,12.7,1.07,194,10,68.72
TRJ_0467,20,52.37,12.7,1.07,248,12,72.19
TRJ_0467,24,52.37,12.7,1.07,304,14,75.36
TRJ_0468,0,38.95,5.4,1.16,0,0,38.95
TRJ_0468,4,38.95,5.4,1.16,20,2,41.85
TRJ_0468,8,38.95,5.4,1.16,43,4,44.91
TRJ_0468,12,38.95,5.4,1.16,62,5,47.31
TRJ_0468,16,38.95,5.4,1.16,84,6,49.97
TRJ_0468,20,38.95,5.4,1.16,104,7,52.33
TRJ_0468,24,38.95,5.4,1.16,122,8,54.33
TRJ_0469,0,36.24,19.8,1.26,0,0,36.24
TRJ_0469,4,36.24,19.8,1.26,89,3,49.08
TRJ_0469,8,36.24,19.8,1.26,172,6,58.79
TRJ_0469,12,36.24,19.8,1.26,248,7,66.0
TRJ_0469,16,36.24,19.8,1.26,316,10,71.35
TRJ_0469,20,36.24,19.8,1.26,400,13,76.84
TRJ_0469,24,36.24,19.8,1.26,476,16,80.91
TRJ_0470,0,27.34,13.5,0.75,0,0,27.34
TRJ_0470,4,27.34,13.5,0.75,48,1,32.49
TRJ_0470,8,27.34,13.5,0.75,105,4,38.06
TRJ_0470,12,27.34,13.5,0.75,156,5,42.67
TRJ_0470,16,27.34,13.5,0.75,202,7,46.55
TRJ_0470,20,27.34,13.5,0.75,252,8,50.47
TRJ_0470,24,27.34,13.5,0.75,312,11,54.75
TRJ_0471,0,50.84,23.9,0.75,0,0,50.84
TRJ_0471,4,50.84,23.9,0.75,107,1,58.17
TRJ_0471,8,50.84,23.9,0.75,213,4,64.36
TRJ_0471,12,50.84,23.9,0.75,298,6,68.64
TRJ_0471,16,50.84,23.9,0.75,391,8,72.73
TRJ_0471,20,50.84,23.9,0.75,487,9,76.39
TRJ_0471,24,50.84,23.9,0.75,568,10,79.1
TRJ_0472,0,26.7,11.9,1.02,0,0,26.7
TRJ_0472,4,26.7,11.9,1.02,40,2,32.52
TRJ_0472,8,26.7,11.9,1.02,86,5,38.67
TRJ_0472,12,26.7,11.9,1.02,131,6,44.07
TRJ_0472,16,26.7,11.9,1.02,179,8,49.33
TRJ_0472,20,26.7,11.9,1.02,224,11,53.85
TRJ_0472,24,26.7,11.9,1.02,266,13,57.72
TRJ_0473,0,45.6,7.7,1.04,0,0,45.6
TRJ_0473,4,45.6,7.7,1.04,27,3,48.64
TRJ_0473,8,45.6,7.7,1.04,60,6,52.11
TRJ_0473,12,45.6,7.7,1.04,90,9,55.05
TRJ_0473,16,45.6,7.7,1.04,122,11,58.0
TRJ_0473,20,45.6,7.7,1.04,150,12,60.42
TRJ_0473,24,45.6,7.7,1.04,176,13,62.58
TRJ_0474,0,29.05,15.7,1.15,0,0,29.05
TRJ_0474,4,29.05,15.7,1.15,58,2,37.98
TRJ_0474,8,29.05,15.7,1.15,128,3,47.28
TRJ_0474,12,29.05,15.7,1.15,198,6,55.2
TRJ_0474,16,29.05,15.7,1.15,257,8,60.95
TRJ_0474,20,29.05,15.7,1.15,314,10,65.81
TRJ_0474,24,29.05,15.7,1.15,381,12,70.74
TRJ_0475,0,34.06,17.4,1.17,0,0,34.06
TRJ_0475,4,34.06,17.4,1.17,68,2,43.78
TRJ_0475,8,34.06,17.4,1.17,137,5,52.23
TRJ_0475,12,34.06,17.4,1.17,212,8,59.95
TRJ_0475,16,34.06,17.4,1.17,275,10,65.51
TRJ_0475,20,34.06,17.4,1.17,353,11,71.3
TRJ_0475,24,34.06,17.4,1.17,425,14,75.75
TRJ_0476,0,41.31,29.0,0.74,0,0,41.31
TRJ_0476,4,41.31,29.0,0.74,106,3,49.88
TRJ_0476,8,41.31,29.0,0.74,226,5,58.08
TRJ_0476,12,41.31,29.0,0.74,329,8,64.01
TRJ_0476,16,41.31,29.0,0.74,441,11,69.53
TRJ_0476,20,41.31,29.0,0.74,560,14,74.48
TRJ_0476,24,41.31,29.0,0.74,663,16,78.11
TRJ_0477,0,29.75,18.4,1.15,0,0,29.75
TRJ_0477,4,29.75,18.4,1.15,63,3,39.31
TRJ_0477,8,29.75,18.4,1.15,129,4,47.9
TRJ_0477,12,29.75,18.4,1.15,199,5,55.69
TRJ_0477,16,29.75,18.4,1.15,262,6,61.75
TRJ_0477,20,29.75,18.4,1.15,335,8,67.72
TRJ_0477,24,29.75,18.4,1.15,416,9,73.21
TRJ_0478,0,38.34,28.2,1.02,0,0,38.34
TRJ_0478,4,38.34,28.2,1.02,114,1,51.14
TRJ_0478,8,38.34,28.2,1.02,237,2,62.03
TRJ_0478,12,38.34,28.2,1.02,365,4,70.78
TRJ_0478,16,38.34,28.2,1.02,491,6,77.41
TRJ_0478,20,38.34,28.2,1.02,592,7,81.64
TRJ_0478,24,38.34,28.2,1.02,721,10,85.9
TRJ_0479,0,29.15,13.3,1.13,0,0,29.15
TRJ_0479,4,29.15,13.3,1.13,52,3,37.15
TRJ_0479,8,29.15,13.3,1.13,98,6,43.43
TRJ_0479,12,29.15,13.3,1.13,156,7,50.44
TRJ_0479,16,29.15,13.3,1.13,215,9,56.63
TRJ_0479,20,29.15,13.3,1.13,273,12,62.02
TRJ_0479,24,29.15,13.3,1.13,326,14,66.38
TRJ_0480,0,26.81,26.4,1.24,0,0,26.81
TRJ_0480,4,26.81,26.4,1.24,118,2,45.49
TRJ_0480,8,26.81,26.4,1.24,229,3,58.63
TRJ_0480,12,26.81,26.4,1.24,335,5,68.25
TRJ_0480,16,26.81,26.4,1.24,424,7,74.59
TRJ_0480,20,26.81,26.4,1.24,517,10,79.86
TRJ_0480,24,26.81,26.4,1.24,622,12,84.48
TRJ_0481,0,43.96,6.2,1.02,0,0,43.96
TRJ_0481,4,43.96,6.2,1.02,24,3,46.69
TRJ_0481,8,43.96,6.2,1.02,46,6,49.05
TRJ_0481,12,43.96,6.2,1.02,70,9,51.5
TRJ_0481,16,43.96,6.2,1.02,93,12,53.79
TRJ_0481,20,43.96,6.2,1.02,120,13,56.28
TRJ_0481,24,43.96,6.2,1.02,142,16,58.25
TRJ_0482,0,54.39,27.6,1.14,0,0,54.39
TRJ_0482,4,54.39,27.6,1.14,120,2,65.33
TRJ_0482,8,54.39,27.6,1.14,217,5,72.22
TRJ_0482,12,54.39,27.6,1.14,336,6,78.83
TRJ_0482,16,54.39,27.6,1.14,436,8,83.17
TRJ_0482,20,54.39,27.6,1.14,559,11,87.29
TRJ_0482,24,54.39,27.6,1.14,666,13,90.04
TRJ_0483,0,42.49,24.3,1.01,0,0,42.49
TRJ_0483,4,42.49,24.3,1.01,94,3,52.52
TRJ_0483,8,42.49,24.3,1.01,188,4,60.8
TRJ_0483,12,42.49,24.3,1.01,295,5,68.48
TRJ_0483,16,42.49,24.3,1.01,406,7,74.82
TRJ_0483,20,42.49,24.3,1.01,509,10,79.56
TRJ_0483,24,42.49,24.3,1.01,605,11,83.17
TRJ_0484,0,24.42,17.7,0.78,0,0,24.42
TRJ_0484,4,24.42,17.7,0.78,78,3,33.18
TRJ_0484,8,24.42,17.7,0.78,155,4,40.83
TRJ_0484,12,24.42,17.7,0.78,231,5,47.5
TRJ_0484,16,24.42,17.7,0.78,293,8,52.39
TRJ_0484,20,24.42,17.7,0.78,364,11,57.4
TRJ_0484,24,24.42,17.7,0.78,433,13,61.8
TRJ_0485,0,24.18,21.6,1.25,0,0,24.18
TRJ_0485,4,24.18,21.6,1.25,88,2,39.2
TRJ_0485,8,24.18,21.6,1.25,185,3,52.31
TRJ_0485,12,24.18,21.6,1.25,280,5,62.43
TRJ_0485,16,24.18,21.6,1.25,364,6,69.56
TRJ_0485,20,24.18,21.6,1.25,438,7,74.75
TRJ_0485,24,24.18,21.6,1.25,523,9,79.59
TRJ_0486,0,33.3,14.4,0.83,0,0,33.3
TRJ_0486,4,33.3,14.4,0.83,57,1,39.37
TRJ_0486,8,33.3,14.4,0.83,119,4,45.3
TRJ_0486,12,33.3,14.4,0.83,176,6,50.31
TRJ_0486,16,33.3,14.4,0.83,230,8,54.63
TRJ_0486,20,33.3,14.4,0.83,281,11,58.32
TRJ_0486,24,33.3,14.4,0.83,341,12,62.31
TRJ_0487,0,49.64,17.6,0.78,0,0,49.64
TRJ_0487,4,49.64,17.6,0.78,64,1,54.47
TRJ_0487,8,49.64,17.6,0.78,138,2,59.49
TRJ_0487,12,49.64,17.6,0.78,200,3,63.26
TRJ_0487,16,49.64,17.6,0.78,270,5,67.1
TRJ_0487,20,49.64,17.6,0.78,330,8,70.06
TRJ_0487,24,49.64,17.6,0.78,396,10,72.99
TRJ_0488,0,22.14,15.9,1.09,0,0,22.14
TRJ_0488,4,22.14,15.9,1.09,61,1,31.87
TRJ_0488,8,22.14,15.9,1.09,127,4,41.1
TRJ_0488,12,22.14,15.9,1.09,190,5,48.67
TRJ_0488,16,22.14,15.9,1.09,258,6,55.81
TRJ_0488,20,22.14,15.9,1.09,314,9,60.94
TRJ_0488,24,22.14,15.9,1.09,380,11,66.2
TRJ_0489,0,49.99,27.6,1.24,0,0,49.99
TRJ_0489,4,49.99,27.6,1.24,124,2,63.24
TRJ_0489,8,49.99,27.6,1.24,247,5,72.92
TRJ_0489,12,49.99,27.6,1.24,366,8,79.87
TRJ_0489,16,49.99,27.6,1.24,466,11,84.31
TRJ_0489,20,49.99,27.6,1.24,576,14,88.07
TRJ_0489,24,49.99,27.6,1.24,678,16,90.75
TRJ_0490,0,28.71,27.3,1.27,0,0,28.71
TRJ_0490,4,28.71,27.3,1.27,96,2,44.19
TRJ_0490,8,28.71,27.3,1.27,204,3,57.64
TRJ_0490,12,28.71,27.3,1.27,307,6,67.44
TRJ_0490,16,28.71,27.3,1.27,410,8,74.96
TRJ_0490,20,28.71,27.3,1.27,521,11,81.15
TRJ_0490,24,28.71,27.3,1.27,629,12,85.68
TRJ_0491,0,54.91,22.7,1.29,0,0,54.91
TRJ_0491,4,54.91,22.7,1.29,80,3,63.35
TRJ_0491,8,54.91,22.7,1.29,172,5,71.15
TRJ_0491,12,54.91,22.7,1.29,275,7,77.92
TRJ_0491,16,54.91,22.7,1.29,361,10,82.32
TRJ_0491,20,54.91,22.7,1.29,452,12,86.04
TRJ_0491,24,54.91,22.7,1.29,549,14,89.14
TRJ_0492,0,46.04,26.5,1.15,0,0,46.04
TRJ_0492,4,46.04,26.5,1.15,121,1,59.17
TRJ_0492,8,46.04,26.5,1.15,234,4,68.57
TRJ_0492,12,46.04,26.5,1.15,325,7,74.56
TRJ_0492,16,46.04,26.5,1.15,438,8,80.39
TRJ_0492,20,46.04,26.5,1.15,539,10,84.49
TRJ_0492,24,46.04,26.5,1.15,645,13,87.84
TRJ_0493,0,32.43,19.3,1.23,0,0,32.43
TRJ_0493,4,32.43,19.3,1.23,69,2,43.08
TRJ_0493,8,32.43,19.3,1.23,152,4,53.69
TRJ_0493,12,32.43,19.3,1.23,239,7,62.69
TRJ_0493,16,32.43,19.3,1.23,320,8,69.46
TRJ_0493,20,32.43,19.3,1.23,402,9,75.08
TRJ_0493,24,32.43,19.3,1.23,476,10,79.26
TRJ_0494,0,35.38,23.4,1.02,0,0,35.38
TRJ_0494,4,35.38,23.4,1.02,80,2,45.16
TRJ_0494,8,35.38,23.4,1.02,177,5,55.02
TRJ_0494,12,35.38,23.4,1.02,283,6,63.79
TRJ_0494,16,35.38,23.4,1.02,382,8,70.44
TRJ_0494,20,35.38,23.4,1.02,486,10,76.12
TRJ_0494,24,35.38,23.4,1.02,571,11,79.95
TRJ_0495,0,35.54,15.8,1.08,0,0,35.54
TRJ_0495,4,35.54,15.8,1.08,56,1,42.94
TRJ_0495,8,35.54,15.8,1.08,118,4,50.09
TRJ_0495,12,35.54,15.8,1.08,184,7,56.81
TRJ_0495,16,35.54,15.8,1.08,247,9,62.36
TRJ_0495,20,35.54,15.8,1.08,303,10,66.66
TRJ_0495,24,35.54,15.8,1.08,366,12,70.96
TRJ_0496,0,44.41,21.6,1.17,0,0,44.41
TRJ_0496,4,44.41,21.6,1.17,82,2,54.16
TRJ_0496,8,44.41,21.6,1.17,175,5,63.19
TRJ_0496,12,44.41,21.6,1.17,263,7,70.1
TRJ_0496,16,44.41,21.6,1.17,355,9,75.93
TRJ_0496,20,44.41,21.6,1.17,440,10,80.28
TRJ_0496,24,44.41,21.6,1.17,518,11,83.59
TRJ_0497,0,54.63,25.3,1.16,0,0,54.63
TRJ_0497,4,54.63,25.3,1.16,113,1,65.17
TRJ_0497,8,54.63,25.3,1.16,228,3,73.36
TRJ_0497,12,54.63,25.3,1.16,325,6,78.75
TRJ_0497,16,54.63,25.3,1.16,413,8,82.7
TRJ_0497,20,54.63,25.3,1.16,520,11,86.51
TRJ_0497,24,54.63,25.3,1.16,632,12,89.6
TRJ_0498,0,42.67,18.9,1.03,0,0,42.67
TRJ_0498,4,42.67,18.9,1.03,67,1,50.1
TRJ_0498,8,42.67,18.9,1.03,136,2,56.72
TRJ_0498,12,42.67,18.9,1.03,204,3,62.39
TRJ_0498,16,42.67,18.9,1.03,277,4,67.67
TRJ_0498,20,42.67,18.9,1.03,353,7,72.37
TRJ_0498,24,42.67,18.9,1.03,428,8,76.36
TRJ_0499,0,26.36,9.8,1.06,0,0,26.36
TRJ_0499,4,26.36,9.8,1.06,37,2,31.94
TRJ_0499,8,26.36,9.8,1.06,71,4,36.73
TRJ_0499,12,26.36,9.8,1.06,111,5,41.92
TRJ_0499,16,26.36,9.8,1.06,153,6,46.93
TRJ_0499,20,26.36,9.8,1.06,186,9,50.62
TRJ_0499,24,26.36,9.8,1.06,223,12,54.37
TRJ_0500,0,22.76,22.4,1.23,0,0,22.76
TRJ_0500,4,22.76,22.4,1.23,81,3,36.72
TRJ_0500,8,22.76,22.4,1.23,182,4,50.65
TRJ_0500,12,22.76,22.4,1.23,265,7,59.84
TRJ_0500,16,22.76,22.4,1.23,346,8,67.12
TRJ_0500,20,22.76,22.4,1.23,448,11,74.44
TRJ_0500,24,22.76,22.4,1.23,545,13,79.87
TRJ_0501,0,29.23,19.3,1.03,0,0,29.23
TRJ_0501,4,29.23,19.3,1.03,68,3,38.58
TRJ_0501,8,29.23,19.3,1.03,155,6,48.7
TRJ_0501,12,29.23,19.3,1.03,233,7,56.39
TRJ_0501,16,29.23,19.3,1.03,315,10,63.22
TRJ_0501,20,29.23,19.3,1.03,399,12,69.07
TRJ_0501,24,29.23,19.3,1.03,477,13,73.7
TRJ_0502,0,28.58,18.5,1.29,0,0,28.58
TRJ_0502,4,28.58,18.5,1.29,80,1,42.01
TRJ_0502,8,28.58,18.5,1.29,165,2,53.44
TRJ_0502,12,28.58,18.5,1.29,231,3,60.73
TRJ_0502,16,28.58,18.5,1.29,296,5,66.8
TRJ_0502,20,28.58,18.5,1.29,374,8,72.89
TRJ_0502,24,28.58,18.5,1.29,451,11,77.82
TRJ_0503,0,27.72,15.9,0.81,0,0,27.72
TRJ_0503,4,27.72,15.9,0.81,61,3,34.54
TRJ_0503,8,27.72,15.9,0.81,132,6,41.73
TRJ_0503,12,27.72,15.9,0.81,192,7,47.21
TRJ_0503,16,27.72,15.9,0.81,250,8,51.95
TRJ_0503,20,27.72,15.9,0.81,309,9,56.33
TRJ_0503,24,27.72,15.9,0.81,372,12,60.61
TRJ_0504,0,34.01,7.4,0.77,0,0,34.01
TRJ_0504,4,34.01,7.4,0.77,27,2,36.72
TRJ_0504,8,34.01,7.4,0.77,58,3,39.74
TRJ_0504,12,34.01,7.4,0.77,87,6,42.38
TRJ_0504,16,34.01,7.4,0.77,113,8,44.66
TRJ_0504,20,34.01,7.4,0.77,144,10,47.26
TRJ_0504,24,34.01,7.4,0.77,169,12,49.27
TRJ_0505,0,38.83,13.7,0.73,0,0,38.83
TRJ_0505,4,38.83,13.7,0.73,48,3,43.02
TRJ_0505,8,38.83,13.7,0.73,106,5,47.71
TRJ_0505,12,38.83,13.7,0.73,156,6,51.44
TRJ_0505,16,38.83,13.7,0.73,207,7,54.93
TRJ_0505,20,38.83,13.7,0.73,261,8,58.38
TRJ_0505,24,38.83,13.7,0.73,310,10,61.26
TRJ_0506,0,53.76,14.5,0.97,0,0,53.76
TRJ_0506,4,53.76,14.5,0.97,50,1,58.08
TRJ_0506,8,53.76,14.5,0.97,109,2,62.61
TRJ_0506,12,53.76,14.5,0.97,172,3,66.93
TRJ_0506,16,53.76,14.5,0.97,228,6,70.37
TRJ_0506,20,53.76,14.5,0.97,280,8,73.22
TRJ_0506,24,53.76,14.5,0.97,329,9,75.69
TRJ_0507,0,28.89,26.5,0.76,0,0,28.89
TRJ_0507,4,28.89,26.5,0.76,120,3,40.79
TRJ_0507,8,28.89,26.5,0.76,237,5,50.51
TRJ_0507,12,28.89,26.5,0.76,328,6,56.93
TRJ_0507,16,28.89,26.5,0.76,420,9,62.59
TRJ_0507,20,28.89,26.5,0.76,524,11,68.07
TRJ_0507,24,28.89,26.5,0.76,616,13,72.26
TRJ_0508,0,53.14,5.6,1.27,0,0,53.14
TRJ_0508,4,53.14,5.6,1.27,23,3,55.84
TRJ_0508,8,53.14,5.6,1.27,45,4,58.32
TRJ_0508,12,53.14,5.6,1.27,68,6,60.73
TRJ_0508,16,53.14,5.6,1.27,87,9,62.66
TRJ_0508,20,53.14,5.6,1.27,111,12,64.88
TRJ_0508,24,53.14,5.6,1.27,131,13,66.68
TRJ_0509,0,46.08,25.7,0.96,0,0,46.08
TRJ_0509,4,46.08,25.7,0.96,101,2,55.62
TRJ_0509,8,46.08,25.7,0.96,195,5,62.95
TRJ_0509,12,46.08,25.7,0.96,300,8,69.74
TRJ_0509,16,46.08,25.7,0.96,389,10,74.54
TRJ_0509,20,46.08,25.7,0.96,485,11,78.84
TRJ_0509,24,46.08,25.7,0.96,577,14,82.28
TRJ_0510,0,50.48,22.5,1.15,0,0,50.48
TRJ_0510,4,50.48,22.5,1.15,97,2,60.46
TRJ_0510,8,50.48,22.5,1.15,177,4,67.12
TRJ_0510,12,50.48,22.5,1.15,277,5,73.88
TRJ_0510,16,50.48,22.5,1.15,371,6,78.96
TRJ_0510,20,50.48,22.5,1.15,452,9,82.57
TRJ_0510,24,50.48,22.5,1.15,553,12,86.21
TRJ_0511,0,32.53,14.0,0.87,0,0,32.53
TRJ_0511,4,32.53,14.0,0.87,58,3,39.05
TRJ_0511,8,32.53,14.0,0.87,113,5,44.63
TRJ_0511,12,32.53,14.0,0.87,163,7,49.28
TRJ_0511,16,32.53,14.0,0.87,223,9,54.35
TRJ_0511,20,32.53,14.0,0.87,273,10,58.18
TRJ_0511,24,32.53,14.0,0.87,327,13,61.94
TRJ_0512,0,37.68,6.2,1.12,0,0,37.68
TRJ_0512,4,37.68,6.2,1.12,21,3,40.63
TRJ_0512,8,37.68,6.2,1.12,42,4,43.4
TRJ_0512,12,37.68,6.2,1.12,66,5,46.4
TRJ_0512,16,37.68,6.2,1.12,90,7,49.27
TRJ_0512,20,37.68,6.2,1.12,113,8,51.87
TRJ_0512,24,37.68,6.2,1.12,137,9,54.4
TRJ_0513,0,18.32,20.5,1.15,0,0,18.32
TRJ_0513,4,18.32,20.5,1.15,74,3,31.24
TRJ_0513,8,18.32,20.5,1.15,148,4,42.02
TRJ_0513,12,18.32,20.5,1.15,218,7,50.71
TRJ_0513,16,18.32,20.5,1.15,299,9,59.11
TRJ_0513,20,18.32,20.5,1.15,385,12,66.5
TRJ_0513,24,18.32,20.5,1.15,472,15,72.6
TRJ_0514,0,16.31,29.2,1.29,0,0,16.31
TRJ_0514,4,16.31,29.2,1.29,128,2,39.89
TRJ_0514,8,16.31,29.2,1.29,251,5,56.27
TRJ_0514,12,16.31,29.2,1.29,363,6,67.26
TRJ_0514,16,16.31,29.2,1.29,475,7,75.54
TRJ_0514,20,16.31,29.2,1.29,606,9,82.56
TRJ_0514,24,16.31,29.2,1.29,714,10,86.83
TRJ_0515,0,50.02,8.8,0.9,0,0,50.02
TRJ_0515,4,50.02,8.8,0.9,34,1,53.02
TRJ_0515,8,50.02,8.8,0.9,70,4,56.0
TRJ_0515,12,50.02,8.8,0.9,107,5,58.9
TRJ_0515,16,50.02,8.8,0.9,138,6,61.15
TRJ_0515,20,50.02,8.8,0.9,172,7,63.47
TRJ_0515,24,50.02,8.8,0.9,205,9,65.63
TRJ_0516,0,27.05,16.3,1.14,0,0,27.05
TRJ_0516,4,27.05,16.3,1.14,66,1,37.29
TRJ_0516,8,27.05,16.3,1.14,131,3,45.96
TRJ_0516,12,27.05,16.3,1.14,196,4,53.46
TRJ_0516,16,27.05,16.3,1.14,265,5,60.27
TRJ_0516,20,27.05,16.3,1.14,331,6,65.84
TRJ_0516,24,27.05,16.3,1.14,400,8,70.83
TRJ_0517,0,35.11,22.3,1.21,0,0,35.11
TRJ_0517,4,35.11,22.3,1.21,77,1,46.26
TRJ_0517,8,35.11,22.3,1.21,172,2,57.4
TRJ_0517,12,35.11,22.3,1.21,269,5,66.36
TRJ_0517,16,35.11,22.3,1.21,364,8,73.32
TRJ_0517,20,35.11,22.3,1.21,445,11,78.12
TRJ_0517,24,35.11,22.3,1.21,523,12,81.93
TRJ_0518,0,51.65,13.5,0.81,0,0,51.65
TRJ_0518,4,51.65,13.5,0.81,56,1,55.9
TRJ_0518,8,51.65,13.5,0.81,115,4,59.99
TRJ_0518,12,51.65,13.5,0.81,176,5,63.8
TRJ_0518,16,51.65,13.5,0.81,230,8,66.87
TRJ_0518,20,51.65,13.5,0.81,290,10,69.95
TRJ_0518,24,51.65,13.5,0.81,343,13,72.45
TRJ_0519,0,36.65,19.2,1.22,0,0,36.65
TRJ_0519,4,36.65,19.2,1.22,70,1,46.7
TRJ_0519,8,36.65,19.2,1.22,152,4,56.42
TRJ_0519,12,36.65,19.2,1.22,225,6,63.54
TRJ_0519,16,36.65,19.2,1.22,292,7,69.08
TRJ_0519,20,36.65,19.2,1.22,379,9,75.04
TRJ_0519,24,36.65,19.2,1.22,465,11,79.79
TRJ_0520,0,35.29,8.8,1.22,0,0,35.29
TRJ_0520,4,35.29,8.8,1.22,34,1,40.47
TRJ_0520,8,35.29,8.8,1.22,69,4,45.38
TRJ_0520,12,35.29,8.8,1.22,109,5,50.51
TRJ_0520,16,35.29,8.8,1.22,143,7,54.54
TRJ_0520,20,35.29,8.8,1.22,174,10,57.9
TRJ_0520,24,35.29,8.8,1.22,210,11,61.53
TRJ_0521,0,37.05,9.5,0.81,0,0,37.05
TRJ_0521,4,37.05,9.5,0.81,42,3,41.27
TRJ_0521,8,37.05,9.5,0.81,74,4,44.3
TRJ_0521,12,37.05,9.5,0.81,113,7,47.75
TRJ_0521,16,37.05,9.5,0.81,154,8,51.13
TRJ_0521,20,37.05,9.5,0.81,190,10,53.94
TRJ_0521,24,37.05,9.5,0.81,223,13,56.4
TRJ_0522,0,51.82,11.5,0.81,0,0,51.82
TRJ_0522,4,51.82,11.5,0.81,39,2,54.84
TRJ_0522,8,51.82,11.5,0.81,90,3,58.45
TRJ_0522,12,51.82,11.5,0.81,136,4,61.47
TRJ_0522,16,51.82,11.5,0.81,180,6,64.15
TRJ_0522,20,51.82,11.5,0.81,229,8,66.92
TRJ_0522,24,51.82,11.5,0.81,275,11,69.31
TRJ_0523,0,27.19,14.7,1.16,0,0,27.19
TRJ_0523,4,27.19,14.7,1.16,54,2,35.87
TRJ_0523,8,27.19,14.7,1.16,113,5,44.13
TRJ_0523,12,27.19,14.7,1.16,178,7,51.98
TRJ_0523,16,27.19,14.7,1.16,243,10,58.74
TRJ_0523,20,27.19,14.7,1.16,308,13,64.58
TRJ_0523,24,27.19,14.7,1.16,371,15,69.43
TRJ_0524,0,35.42,17.5,1.27,0,0,35.42
TRJ_0524,4,35.42,17.5,1.27,75,1,46.71
TRJ_0524,8,35.42,17.5,1.27,138,2,54.7
TRJ_0524,12,35.42,17.5,1.27,204,3,61.73
TRJ_0524,16,35.42,17.5,1.27,270,4,67.68
TRJ_0524,20,35.42,17.5,1.27,345,6,73.33
TRJ_0524,24,35.42,17.5,1.27,414,8,77.64
TRJ_0525,0,44.18,6.1,1.1,0,0,44.18
TRJ_0525,4,44.18,6.1,1.1,23,2,46.94
TRJ_0525,8,44.18,6.1,1.1,45,4,49.48
TRJ_0525,12,44.18,6.1,1.1,70,5,52.25
TRJ_0525,16,44.18,6.1,1.1,91,6,54.46
TRJ_0525,20,44.18,6.1,1.1,116,8,56.95
TRJ_0525,24,44.18,6.1,1.1,144,9,59.52
TRJ_0526,0,51.69,24.1,0.9,0,0,51.69
TRJ_0526,4,51.69,24.1,0.9,90,2,58.96
TRJ_0526,8,51.69,24.1,0.9,199,4,66.33
TRJ_0526,12,51.69,24.1,0.9,283,6,71.1
TRJ_0526,16,51.69,24.1,0.9,371,9,75.33
TRJ_0526,20,51.69,24.1,0.9,476,11,79.61
TRJ_0526,24,51.69,24.1,0.9,572,12,82.86
TRJ_0527,0,51.08,14.3,0.88,0,0,51.08
TRJ_0527,4,51.08,14.3,0.88,58,1,55.89
TRJ_0527,8,51.08,14.3,0.88,118,4,60.34
TRJ_0527,12,51.08,14.3,0.88,178,7,64.32
TRJ_0527,16,51.08,14.3,0.88,230,9,67.49
TRJ_0527,20,51.08,14.3,0.88,293,11,70.91
TRJ_0527,24,51.08,14.3,0.88,349,14,73.67
TRJ_0528,0,18.29,18.8,0.87,0,0,18.29
TRJ_0528,4,18.29,18.8,0.87,77,2,28.56
TRJ_0528,8,18.29,18.8,0.87,145,5,36.55
TRJ_0528,12,18.29,18.8,0.87,227,6,45.04
TRJ_0528,16,18.29,18.8,0.87,294,7,51.15
TRJ_0528,20,18.29,18.8,0.87,367,9,57.01
TRJ_0528,24,18.29,18.8,0.87,431,12,61.59
TRJ_0529,0,40.93,7.3,1.13,0,0,40.93
TRJ_0529,4,40.93,7.3,1.13,30,3,44.89
TRJ_0529,8,40.93,7.3,1.13,58,4,48.32
TRJ_0529,12,40.93,7.3,1.13,87,6,51.61
TRJ_0529,16,40.93,7.3,1.13,119,8,55.0
TRJ_0529,20,40.93,7.3,1.13,146,10,57.67
TRJ_0529,24,40.93,7.3,1.13,176,11,60.49
TRJ_0530,0,37.94,23.1,0.94,0,0,37.94
TRJ_0530,4,37.94,23.1,0.94,102,3,48.86
TRJ_0530,8,37.94,23.1,0.94,187,5,56.42
TRJ_0530,12,37.94,23.1,0.94,287,8,63.95
TRJ_0530,16,37.94,23.1,0.94,382,9,69.86
TRJ_0530,20,37.94,23.1,0.94,482,12,75.06
TRJ_0530,24,37.94,23.1,0.94,587,13,79.53
TRJ_0531,0,15.12,5.7,0.7,0,0,15.12
TRJ_0531,4,15.12,5.7,0.7,21,3,17.64
TRJ_0531,8,15.12,5.7,0.7,43,4,20.15
TRJ_0531,12,15.12,5.7,0.7,64,6,22.56
TRJ_0531,16,15.12,5.7,0.7,83,7,24.67
TRJ_0531,20,15.12,5.7,0.7,108,8,27.32
TRJ_0531,24,15.12,5.7,0.7,128,10,29.35
TRJ_0532,0,36.58,27.6,1.02,0,0,36.58
TRJ_0532,4,36.58,27.6,1.02,106,1,48.92
TRJ_0532,8,36.58,27.6,1.02,223,3,59.78
TRJ_0532,12,36.58,27.6,1.02,349,4,68.95
TRJ_0532,16,36.58,27.6,1.02,462,7,75.38
TRJ_0532,20,36.58,27.6,1.02,577,10,80.54
TRJ_0532,24,36.58,27.6,1.02,676,12,84.12
TRJ_0533,0,25.54,24.9,1.15,0,0,25.54
TRJ_0533,4,25.54,24.9,1.15,91,3,39.71
TRJ_0533,8,25.54,24.9,1.15,190,6,52.07
TRJ_0533,12,25.54,24.9,1.15,300,9,62.86
TRJ_0533,16,25.54,24.9,1.15,389,11,69.81
TRJ_0533,20,25.54,24.9,1.15,495,12,76.36
TRJ_0533,24,25.54,24.9,1.15,590,15,81.0
TRJ_0534,0,17.64,12.0,0.95,0,0,17.64
TRJ_0534,4,17.64,12.0,0.95,51,3,25.32
TRJ_0534,8,17.64,12.0,0.95,93,4,31.13
TRJ_0534,12,17.64,12.0,0.95,146,5,37.75
TRJ_0534,16,17.64,12.0,0.95,191,7,42.9
TRJ_0534,20,17.64,12.0,0.95,233,8,47.37
TRJ_0534,24,17.64,12.0,0.95,279,11,51.79
TRJ_0535,0,52.11,19.1,0.91,0,0,52.11
TRJ_0535,4,52.11,19.1,0.91,74,2,58.2
TRJ_0535,8,52.11,19.1,0.91,155,4,63.99
TRJ_0535,12,52.11,19.1,0.91,220,5,68.06
TRJ_0535,16,52.11,19.1,0.91,306,8,72.73
TRJ_0535,20,52.11,19.1,0.91,390,9,76.59
TRJ_0535,24,52.11,19.1,0.91,475,12,79.96
TRJ_0536,0,41.69,19.8,0.91,0,0,41.69
TRJ_0536,4,41.69,19.8,0.91,74,1,49.08
TRJ_0536,8,41.69,19.8,0.91,143,2,55.13
TRJ_0536,12,41.69,19.8,0.91,211,5,60.36
TRJ_0536,16,41.69,19.8,0.91,279,8,65.01
TRJ_0536,20,41.69,19.8,0.91,350,9,69.28
TRJ_0536,24,41.69,19.8,0.91,421,11,73.02
TRJ_0537,0,46.41,7.6,1.16,0,0,46.41
TRJ_0537,4,46.41,7.6,1.16,29,3,50.0
TRJ_0537,8,46.41,7.6,1.16,63,6,53.85
TRJ_0537,12,46.41,7.6,1.16,94,7,57.09
TRJ_0537,16,46.41,7.6,1.16,124,9,60.06
TRJ_0537,20,46.41,7.6,1.16,155,12,62.89
TRJ_0537,24,46.41,7.6,1.16,185,14,65.42
TRJ_0538,0,37.84,22.7,1.21,0,0,37.84
TRJ_0538,4,37.84,22.7,1.21,102,3,51.47
TRJ_0538,8,37.84,22.7,1.21,197,5,61.52
TRJ_0538,12,37.84,22.7,1.21,299,6,69.95
TRJ_0538,16,37.84,22.7,1.21,391,8,75.95
TRJ_0538,20,37.84,22.7,1.21,474,10,80.36
TRJ_0538,24,37.84,22.7,1.21,560,13,84.06
TRJ_0539,0,49.54,21.1,0.87,0,0,49.54
TRJ_0539,4,49.54,21.1,0.87,86,1,56.58
TRJ_0539,8,49.54,21.1,0.87,174,4,62.78
TRJ_0539,12,49.54,21.1,0.87,271,7,68.56
TRJ_0539,16,49.54,21.1,0.87,355,9,72.86
TRJ_0539,20,49.54,21.1,0.87,449,11,76.98
TRJ_0539,24,49.54,21.1,0.87,529,13,79.98
TRJ_0540,0,40.53,24.8,1.26,0,0,40.53
TRJ_0540,4,40.53,24.8,1.26,98,1,53.62
TRJ_0540,8,40.53,24.8,1.26,207,3,64.83
TRJ_0540,12,40.53,24.8,1.26,306,6,72.66
TRJ_0540,16,40.53,24.8,1.26,409,9,78.94
TRJ_0540,20,40.53,24.8,1.26,500,10,83.28
TRJ_0540,24,40.53,24.8,1.26,608,13,87.29
TRJ_0541,0,53.73,24.5,0.86,0,0,53.73
TRJ_0541,4,53.73,24.5,0.86,85,2,60.05
TRJ_0541,8,53.73,24.5,0.86,170,3,65.49
TRJ_0541,12,53.73,24.5,0.86,274,4,71.16
TRJ_0541,16,53.73,24.5,0.86,380,5,75.98
TRJ_0541,20,53.73,24.5,0.86,482,6,79.88
TRJ_0541,24,53.73,24.5,0.86,584,8,83.14
TRJ_0542,0,51.76,16.1,1.0,0,0,51.76
TRJ_0542,4,51.76,16.1,1.0,59,1,57.17
TRJ_0542,8,51.76,16.1,1.0,133,3,63.07
TRJ_0542,12,51.76,16.1,1.0,205,5,68.08
TRJ_0542,16,51.76,16.1,1.0,264,8,71.65
TRJ_0542,20,51.76,16.1,1.0,323,11,74.81
TRJ_0542,24,51.76,16.1,1.0,392,13,78.09
TRJ_0543,0,22.43,10.0,1.21,0,0,22.43
TRJ_0543,4,22.43,10.0,1.21,41,1,29.78
TRJ_0543,8,22.43,10.0,1.21,78,3,35.85
TRJ_0543,12,22.43,10.0,1.21,116,5,41.6
TRJ_0543,16,22.43,10.0,1.21,152,8,46.48
TRJ_0543,20,22.43,10.0,1.21,193,11,51.55
TRJ_0543,24,22.43,10.0,1.21,228,14,55.58
TRJ_0544,0,27.77,29.2,1.04,0,0,27.77
TRJ_0544,4,27.77,29.2,1.04,111,3,42.72
TRJ_0544,8,27.77,29.2,1.04,242,4,56.44
TRJ_0544,12,27.77,29.2,1.04,354,6,65.51
TRJ_0544,16,27.77,29.2,1.04,478,7,73.39
TRJ_0544,20,27.77,29.2,1.04,588,8,78.87
TRJ_0544,24,27.77,29.2,1.04,697,9,83.19
TRJ_0545,0,33.94,18.9,0.96,0,0,33.94
TRJ_0545,4,33.94,18.9,0.96,83,2,43.69
TRJ_0545,8,33.94,18.9,0.96,162,4,51.7
TRJ_0545,12,33.94,18.9,0.96,248,7,59.06
TRJ_0545,16,33.94,18.9,0.96,320,10,64.41
TRJ_0545,20,33.94,18.9,0.96,396,11,69.27
TRJ_0545,24,33.94,18.9,0.96,479,12,73.85
TRJ_0546,0,25.97,23.7,1.05,0,0,25.97
TRJ_0546,4,25.97,23.7,1.05,97,1,39.67
TRJ_0546,8,25.97,23.7,1.05,185,3,49.85
TRJ_0546,12,25.97,23.7,1.05,273,5,58.33
TRJ_0546,16,25.97,23.7,1.05,380,8,66.72
TRJ_0546,20,25.97,23.7,1.05,461,11,71.97
TRJ_0546,24,25.97,23.7,1.05,557,12,77.09
TRJ_0547,0,42.62,9.5,1.02,0,0,42.62
TRJ_0547,4,42.62,9.5,1.02,42,3,47.4
TRJ_0547,8,42.62,9.5,1.02,83,6,51.67
TRJ_0547,12,42.62,9.5,1.02,125,8,55.67
TRJ_0547,16,42.62,9.5,1.02,162,9,58.9
TRJ_0547,20,42.62,9.5,1.02,201,12,62.07
TRJ_0547,24,42.62,9.5,1.02,235,14,64.64
TRJ_0548,0,49.57,8.8,0.77,0,0,49.57
TRJ_0548,4,49.57,8.8,0.77,38,1,52.47
TRJ_0548,8,49.57,8.8,0.77,71,3,54.88
TRJ_0548,12,49.57,8.8,0.77,108,4,57.42
TRJ_0548,16,49.57,8.8,0.77,148,5,59.98
TRJ_0548,20,49.57,8.8,0.77,181,8,61.99
TRJ_0548,24,49.57,8.8,0.77,220,9,64.26
TRJ_0549,0,25.44,24.4,1.03,0,0,25.44
TRJ_0549,4,25.44,24.4,1.03,105,2,40.02
TRJ_0549,8,25.44,24.4,1.03,195,5,50.17
TRJ_0549,12,25.44,24.4,1.03,300,7,59.94
TRJ_0549,16,25.44,24.4,1.03,404,10,67.67
TRJ_0549,20,25.44,24.4,1.03,490,12,72.92
TRJ_0549,24,25.44,24.4,1.03,591,15,78.01
TRJ_0550,0,30.4,26.8,0.9,0,0,30.4
TRJ_0550,4,30.4,26.8,0.9,113,3,43.31
TRJ_0550,8,30.4,26.8,0.9,223,5,53.51
TRJ_0550,12,30.4,26.8,0.9,334,8,61.93
TRJ_0550,16,30.4,26.8,0.9,429,9,67.95
TRJ_0550,20,30.4,26.8,0.9,527,10,73.17
TRJ_0550,24,30.4,26.8,0.9,638,12,78.06
TRJ_0551,0,16.42,27.4,1.13,0,0,16.42
TRJ_0551,4,16.42,27.4,1.13,95,3,32.67
TRJ_0551,8,16.42,27.4,1.13,207,5,47.77
TRJ_0551,12,16.42,27.4,1.13,332,8,60.7
TRJ_0551,16,16.42,27.4,1.13,428,10,68.37
TRJ_0551,20,16.42,27.4,1.13,521,12,74.42
TRJ_0551,24,16.42,27.4,1.13,625,14,79.82
TRJ_0552,0,33.87,18.9,0.97,0,0,33.87
TRJ_0552,4,33.87,18.9,0.97,78,2,43.26
TRJ_0552,8,33.87,18.9,0.97,159,4,51.59
TRJ_0552,12,33.87,18.9,0.97,224,7,57.38
TRJ_0552,16,33.87,18.9,0.97,297,10,63.07
TRJ_0552,20,33.87,18.9,0.97,364,11,67.6
TRJ_0552,24,33.87,18.9,0.97,443,12,72.21
TRJ_0553,0,41.88,25.4,1.21,0,0,41.88
TRJ_0553,4,41.88,25.4,1.21,116,3,56.18
TRJ_0553,8,41.88,25.4,1.21,204,4,64.63
TRJ_0553,12,41.88,25.4,1.21,316,6,73.05
TRJ_0553,16,41.88,25.4,1.21,430,9,79.58
TRJ_0553,20,41.88,25.4,1.21,545,12,84.54
TRJ_0553,24,41.88,25.4,1.21,632,13,87.49
TRJ_0554,0,41.37,26.5,0.81,0,0,41.37
TRJ_0554,4,41.37,26.5,0.81,108,1,50.81
TRJ_0554,8,41.37,26.5,0.81,212,4,58.49
TRJ_0554,12,41.37,26.5,0.81,307,6,64.47
TRJ_0554,16,41.37,26.5,0.81,409,8,69.91
TRJ_0554,20,41.37,26.5,0.81,508,10,74.39
TRJ_0554,24,41.37,26.5,0.81,625,12,78.82
TRJ_0555,0,44.33,5.2,1.03,0,0,44.33
TRJ_0555,4,44.33,5.2,1.03,17,1,46.34
TRJ_0555,8,44.33,5.2,1.03,40,3,48.87
TRJ_0555,12,44.33,5.2,1.03,57,5,50.72
TRJ_0555,16,44.33,5.2,1.03,75,7,52.6
TRJ_0555,20,44.33,5.2,1.03,93,10,54.41
TRJ_0555,24,44.33,5.2,1.03,115,11,56.5
TRJ_0556,0,33.72,9.2,0.78,0,0,33.72
TRJ_0556,4,33.72,9.2,0.78,35,1,37.28
TRJ_0556,8,33.72,9.2,0.78,72,3,40.85
TRJ_0556,12,33.72,9.2,0.78,112,4,44.44
TRJ_0556,16,33.72,9.2,0.78,151,7,47.78
TRJ_0556,20,33.72,9.2,0.78,182,10,50.3
TRJ_0556,24,33.72,9.2,0.78,220,12,53.2
TRJ_0557,0,15.64,19.3,0.81,0,0,15.64
TRJ_0557,4,15.64,19.3,0.81,85,3,26.56
TRJ_0557,8,15.64,19.3,0.81,159,6,34.91
TRJ_0557,12,15.64,19.3,0.81,244,8,43.29
TRJ_0557,16,15.64,19.3,0.81,330,9,50.73
TRJ_0557,20,15.64,19.3,0.81,404,10,56.36
TRJ_0557,24,15.64,19.3,0.81,483,12,61.62
TRJ_0558,0,52.27,11.1,0.75,0,0,52.27
TRJ_0558,4,52.27,11.1,0.75,44,3,55.36
TRJ_0558,8,52.27,11.1,0.75,89,4,58.28
TRJ_0558,12,52.27,11.1,0.75,132,5,60.92
TRJ_0558,16,52.27,11.1,0.75,182,6,63.78
TRJ_0558,20,52.27,11.1,0.75,225,7,66.06
TRJ_0558,24,52.27,11.1,0.75,270,8,68.28
TRJ_0559,0,17.36,6.1,1.05,0,0,17.36
TRJ_0559,4,17.36,6.1,1.05,27,2,21.99
TRJ_0559,8,17.36,6.1,1.05,53,5,26.25
TRJ_0559,12,17.36,6.1,1.05,77,8,30.0
TRJ_0559,16,17.36,6.1,1.05,101,11,33.5
TRJ_0559,20,17.36,6.1,1.05,127,13,37.08
TRJ_0559,24,17.36,6.1,1.05,147,14,39.76
TRJ_0560,0,30.92,7.4,0.99,0,0,30.92
TRJ_0560,4,30.92,7.4,0.99,32,1,35.17
TRJ_0560,8,30.92,7.4,0.99,61,4,38.84
TRJ_0560,12,30.92,7.4,0.99,88,5,42.12
TRJ_0560,16,30.92,7.4,0.99,117,7,45.38
TRJ_0560,20,30.92,7.4,0.99,145,9,48.35
TRJ_0560,24,30.92,7.4,0.99,171,11,51.01
TRJ_0561,0,45.21,10.0,1.2,0,0,45.21
TRJ_0561,4,45.21,10.0,1.2,41,3,50.43
TRJ_0561,8,45.21,10.0,1.2,84,6,55.38
TRJ_0561,12,45.21,10.0,1.2,119,7,59.04
TRJ_0561,16,45.21,10.0,1.2,157,8,62.67
TRJ_0561,20,45.21,10.0,1.2,192,11,65.72
TRJ_0561,24,45.21,10.0,1.2,226,14,68.41
TRJ_0562,0,45.24,29.4,1.09,0,0,45.24
TRJ_0562,4,45.24,29.4,1.09,103,3,56.33
TRJ_0562,8,45.24,29.4,1.09,235,6,67.27
TRJ_0562,12,45.24,29.4,1.09,358,9,74.97
TRJ_0562,16,45.24,29.4,1.09,488,12,81.15
TRJ_0562,20,45.24,29.4,1.09,611,15,85.6
TRJ_0562,24,45.24,29.4,1.09,728,18,88.85
TRJ_0563,0,18.03,7.0,1.28,0,0,18.03
TRJ_0563,4,18.03,7.0,1.28,24,1,23.06
TRJ_0563,8,18.03,7.0,1.28,53,2,28.72
TRJ_0563,12,18.03,7.0,1.28,79,5,33.31
TRJ_0563,16,18.03,7.0,1.28,110,7,38.55
TRJ_0563,20,18.03,7.0,1.28,138,9,42.81
TRJ_0563,24,18.03,7.0,1.28,164,11,46.54
TRJ_0564,0,27.4,15.9,0.71,0,0,27.4
TRJ_0564,4,27.4,15.9,0.71,60,1,33.4
TRJ_0564,8,27.4,15.9,0.71,117,4,38.63
TRJ_0564,12,27.4,15.9,0.71,189,5,44.66
TRJ_0564,16,27.4,15.9,0.71,249,8,49.2
TRJ_0564,20,27.4,15.9,0.71,306,9,53.18
TRJ_0564,24,27.4,15.9,0.71,378,12,57.76
TRJ_0565,0,19.26,22.5,0.76,0,0,19.26
TRJ_0565,4,19.26,22.5,0.76,76,3,28.16
TRJ_0565,8,19.26,22.5,0.76,173,6,38.05
TRJ_0565,12,19.26,22.5,0.76,250,9,44.95
TRJ_0565,16,19.26,22.5,0.76,337,11,51.82
TRJ_0565,20,19.26,22.5,0.76,433,14,58.37
TRJ_0565,24,19.26,22.5,0.76,527,17,63.96
TRJ_0566,0,16.05,5.7,0.92,0,0,16.05
TRJ_0566,4,16.05,5.7,0.92,25,1,19.88
TRJ_0566,8,16.05,5.7,0.92,50,3,23.56
TRJ_0566,12,16.05,5.7,0.92,72,4,26.69
TRJ_0566,16,16.05,5.7,0.92,92,7,29.4
TRJ_0566,20,16.05,5.7,0.92,116,9,32.51
TRJ_0566,24,16.05,5.7,0.92,137,12,35.14
TRJ_0567,0,54.02,24.5,0.76,0,0,54.02
TRJ_0567,4,54.02,24.5,0.76,106,2,60.89
TRJ_0567,8,54.02,24.5,0.76,214,3,66.81
TRJ_0567,12,54.02,24.5,0.76,308,4,71.27
TRJ_0567,16,54.02,24.5,0.76,395,5,74.83
TRJ_0567,20,54.02,24.5,0.76,493,8,78.34
TRJ_0567,24,54.02,24.5,0.76,598,11,81.55
TRJ_0568,0,54.9,27.7,1.25,0,0,54.9
TRJ_0568,4,54.9,27.7,1.25,119,2,66.51
TRJ_0568,8,54.9,27.7,1.25,238,5,75.19
TRJ_0568,12,54.9,27.7,1.25,344,8,80.98
TRJ_0568,16,54.9,27.7,1.25,442,11,85.13
TRJ_0568,20,54.9,27.7,1.25,569,14,89.18
TRJ_0568,24,54.9,27.7,1.25,663,16,91.47
TRJ_0569,0,35.92,21.4,1.0,0,0,35.92
TRJ_0569,4,35.92,21.4,1.0,85,1,46.03
TRJ_0569,8,35.92,21.4,1.0,169,4,54.46
TRJ_0569,12,35.92,21.4,1.0,256,6,61.8
TRJ_0569,16,35.92,21.4,1.0,340,9,67.75
TRJ_0569,20,35.92,21.4,1.0,427,12,72.92
TRJ_0569,24,35.92,21.4,1.0,501,15,76.68
TRJ_0570,0,30.73,28.8,1.03,0,0,30.73
TRJ_0570,4,30.73,28.8,1.03,131,3,47.14
TRJ_0570,8,30.73,28.8,1.03,241,6,57.88
TRJ_0570,12,30.73,28.8,1.03,341,8,65.74
TRJ_0570,16,30.73,28.8,1.03,439,11,72.03
TRJ_0570,20,30.73,28.8,1.03,568,14,78.57
TRJ_0570,24,30.73,28.8,1.03,676,15,82.84
TRJ_0571,0,25.47,27.5,0.8,0,0,25.47
TRJ_0571,4,25.47,27.5,0.8,107,3,37.29
TRJ_0571,8,25.47,27.5,0.8,231,5,48.64
TRJ_0571,12,25.47,27.5,0.8,345,6,57.24
TRJ_0571,16,25.47,27.5,0.8,470,9,65.01
TRJ_0571,20,25.47,27.5,0.8,571,11,70.25
TRJ_0571,24,25.47,27.5,0.8,673,13,74.77
TRJ_0572,0,42.05,29.8,1.11,0,0,42.05
TRJ_0572,4,42.05,29.8,1.11,127,3,56.31
TRJ_0572,8,42.05,29.8,1.11,234,4,65.61
TRJ_0572,12,42.05,29.8,1.11,364,5,74.26
TRJ_0572,16,42.05,29.8,1.11,490,8,80.58
TRJ_0572,20,42.05,29.8,1.11,607,11,85.06
TRJ_0572,24,42.05,29.8,1.11,728,12,88.6
TRJ_0573,0,39.94,7.0,1.28,0,0,39.94
TRJ_0573,4,39.94,7.0,1.28,28,3,44.23
TRJ_0573,8,39.94,7.0,1.28,56,4,48.15
TRJ_0573,12,39.94,7.0,1.28,84,6,51.78
TRJ_0573,16,39.94,7.0,1.28,116,7,55.57
TRJ_0573,20,39.94,7.0,1.28,147,9,59.01
TRJ_0573,24,39.94,7.0,1.28,172,12,61.64
TRJ_0574,0,16.39,24.1,0.84,0,0,16.39
TRJ_0574,4,16.39,24.1,0.84,86,2,27.65
TRJ_0574,8,16.39,24.1,0.84,196,5,39.94
TRJ_0574,12,16.39,24.1,0.84,289,8,48.68
TRJ_0574,16,16.39,24.1,0.84,392,11,56.86
TRJ_0574,20,16.39,24.1,0.84,483,14,62.99
TRJ_0574,24,16.39,24.1,0.84,565,17,67.79
TRJ_0575,0,24.19,6.8,0.77,0,0,24.19
TRJ_0575,4,24.19,6.8,0.77,29,2,27.57
TRJ_0575,8,24.19,6.8,0.77,59,4,30.91
TRJ_0575,12,24.19,6.8,0.77,89,6,34.13
TRJ_0575,16,24.19,6.8,0.77,115,8,36.75
TRJ_0575,20,24.19,6.8,0.77,140,11,39.18
TRJ_0575,24,24.19,6.8,0.77,169,14,41.89
TRJ_0576,0,33.69,25.5,1.21,0,0,33.69
TRJ_0576,4,33.69,25.5,1.21,116,3,49.94
TRJ_0576,8,33.69,25.5,1.21,212,5,60.41
TRJ_0576,12,33.69,25.5,1.21,307,7,68.56
TRJ_0576,16,33.69,25.5,1.21,410,9,75.51
TRJ_0576,20,33.69,25.5,1.21,511,10,80.85
TRJ_0576,24,33.69,25.5,1.21,626,11,85.53
TRJ_0577,0,28.24,23.1,0.92,0,0,28.24
TRJ_0577,4,28.24,23.1,0.92,78,2,37.95
TRJ_0577,8,28.24,23.1,0.92,158,4,46.49
TRJ_0577,12,28.24,23.1,0.92,240,7,54.04
TRJ_0577,16,28.24,23.1,0.92,329,8,61.04
TRJ_0577,20,28.24,23.1,0.92,426,11,67.44
TRJ_0577,24,28.24,23.1,0.92,514,13,72.36
TRJ_0578,0,47.52,28.5,1.26,0,0,47.52
TRJ_0578,4,47.52,28.5,1.26,97,1,58.98
TRJ_0578,8,47.52,28.5,1.26,194,3,67.92
TRJ_0578,12,47.52,28.5,1.26,316,6,76.47
TRJ_0578,16,47.52,28.5,1.26,434,8,82.53
TRJ_0578,20,47.52,28.5,1.26,541,10,86.67
TRJ_0578,24,47.52,28.5,1.26,669,13,90.35
TRJ_0579,0,16.91,11.4,0.86,0,0,16.91
TRJ_0579,4,16.91,11.4,0.86,40,1,22.46
TRJ_0579,8,16.91,11.4,0.86,86,3,28.42
TRJ_0579,12,16.91,11.4,0.86,126,5,33.27
TRJ_0579,16,16.91,11.4,0.86,173,7,38.54
TRJ_0579,20,16.91,11.4,0.86,221,10,43.42
TRJ_0579,24,16.91,11.4,0.86,268,11,47.87
TRJ_0580,0,44.79,29.9,1.18,0,0,44.79
TRJ_0580,4,44.79,29.9,1.18,118,3,58.22
TRJ_0580,8,44.79,29.9,1.18,230,5,67.93
TRJ_0580,12,44.79,29.9,1.18,339,6,75.24
TRJ_0580,16,44.79,29.9,1.18,470,9,81.86
TRJ_0580,20,44.79,29.9,1.18,599,11,86.64
TRJ_0580,24,44.79,29.9,1.18,704,12,89.59
TRJ_0581,0,52.73,18.3,0.77,0,0,52.73
TRJ_0581,4,52.73,18.3,0.77,83,2,58.43
TRJ_0581,8,52.73,18.3,0.77,154,5,62.76
TRJ_0581,12,52.73,18.3,0.77,226,8,66.7
TRJ_0581,16,52.73,18.3,0.77,303,11,70.44
TRJ_0581,20,52.73,18.3,0.77,372,12,73.45
TRJ_0581,24,52.73,18.3,0.77,435,15,75.91
TRJ_0582,0,41.62,14.0,1.08,0,0,41.62
TRJ_0582,4,41.62,14.0,1.08,60,3,48.77
TRJ_0582,8,41.62,14.0,1.08,108,5,53.83
TRJ_0582,12,41.62,14.0,1.08,166,8,59.31
TRJ_0582,16,41.62,14.0,1.08,227,11,64.37
TRJ_0582,20,41.62,14.0,1.08,274,14,67.87
TRJ_0582,24,41.62,14.0,1.08,327,17,71.34
TRJ_0583,0,42.59,26.0,1.12,0,0,42.59
TRJ_0583,4,42.59,26.0,1.12,114,3,55.56
TRJ_0583,8,42.59,26.0,1.12,228,4,65.64
TRJ_0583,12,42.59,26.0,1.12,341,6,73.34
TRJ_0583,16,42.59,26.0,1.12,439,9,78.61
TRJ_0583,20,42.59,26.0,1.12,534,12,82.74
TRJ_0583,24,42.59,26.0,1.12,637,15,86.31
TRJ_0584,0,37.95,5.8,1.24,0,0,37.95
TRJ_0584,4,37.95,5.8,1.24,22,2,41.29
TRJ_0584,8,37.95,5.8,1.24,42,4,44.25
TRJ_0584,12,37.95,5.8,1.24,63,7,47.1
TRJ_0584,16,37.95,5.8,1.24,84,9,49.89
TRJ_0584,20,37.95,5.8,1.24,106,11,52.58
TRJ_0584,24,37.95,5.8,1.24,132,14,55.55
TRJ_0585,0,29.17,10.8,0.93,0,0,29.17
TRJ_0585,4,29.17,10.8,0.93,39,1,34.13
TRJ_0585,8,29.17,10.8,0.93,82,4,39.19
TRJ_0585,12,29.17,10.8,0.93,130,6,44.47
TRJ_0585,16,29.17,10.8,0.93,176,8,49.06
TRJ_0585,20,29.17,10.8,0.93,224,10,53.43
TRJ_0585,24,29.17,10.8,0.93,273,13,57.52
TRJ_0586,0,30.35,9.5,1.09,0,0,30.35
TRJ_0586,4,30.35,9.5,1.09,39,3,36.16
TRJ_0586,8,30.35,9.5,1.09,78,4,41.44
TRJ_0586,12,30.35,9.5,1.09,119,6,46.46
TRJ_0586,16,30.35,9.5,1.09,153,8,50.35
TRJ_0586,20,30.35,9.5,1.09,185,11,53.74
TRJ_0586,24,30.35,9.5,1.09,223,13,57.42
TRJ_0587,0,20.88,5.7,0.98,0,0,20.88
TRJ_0587,4,20.88,5.7,0.98,24,1,24.52
TRJ_0587,8,20.88,5.7,0.98,47,3,27.85
TRJ_0587,12,20.88,5.7,0.98,66,6,30.57
TRJ_0587,16,20.88,5.7,0.98,86,7,33.33
TRJ_0587,20,20.88,5.7,0.98,108,9,36.19
TRJ_0587,24,20.88,5.7,0.98,132,12,39.24
TRJ_0588,0,26.82,26.4,1.2,0,0,26.82
TRJ_0588,4,26.82,26.4,1.2,109,1,43.74
TRJ_0588,8,26.82,26.4,1.2,225,2,57.47
TRJ_0588,12,26.82,26.4,1.2,335,4,67.38
TRJ_0588,16,26.82,26.4,1.2,430,7,74.08
TRJ_0588,20,26.82,26.4,1.2,520,10,79.12
TRJ_0588,24,26.82,26.4,1.2,628,11,83.91
TRJ_0589,0,23.22,20.3,0.83,0,0,23.22
TRJ_0589,4,23.22,20.3,0.83,72,3,31.88
TRJ_0589,8,23.22,20.3,0.83,151,5,40.28
TRJ_0589,12,23.22,20.3,0.83,238,7,48.34
TRJ_0589,16,23.22,20.3,0.83,312,9,54.37
TRJ_0589,20,23.22,20.3,0.83,401,10,60.66
TRJ_0589,24,23.22,20.3,0.83,491,13,66.16
TRJ_0590,0,25.24,11.5,0.91,0,0,25.24
TRJ_0590,4,25.24,11.5,0.91,48,3,31.61
TRJ_0590,8,25.24,11.5,0.91,88,4,36.5
TRJ_0590,12,25.24,11.5,0.91,138,6,42.03
TRJ_0590,16,25.24,11.5,0.91,184,9,46.71
TRJ_0590,20,25.24,11.5,0.91,231,10,51.11
TRJ_0590,24,25.24,11.5,0.91,281,13,55.39
TRJ_0591,0,19.03,26.6,1.27,0,0,19.03
TRJ_0591,4,19.03,26.6,1.27,112,3,39.13
TRJ_0591,8,19.03,26.6,1.27,226,4,54.55
TRJ_0591,12,19.03,26.6,1.27,320,6,64.25
TRJ_0591,16,19.03,26.6,1.27,426,9,72.75
TRJ_0591,20,19.03,26.6,1.27,524,12,78.78
TRJ_0591,24,19.03,26.6,1.27,639,13,84.18
TRJ_0592,0,46.75,14.5,1.13,0,0,46.75
TRJ_0592,4,46.75,14.5,1.13,58,2,53.33
TRJ_0592,8,46.75,14.5,1.13,116,5,59.08
TRJ_0592,12,46.75,14.5,1.13,176,6,64.35
TRJ_0592,16,46.75,14.5,1.13,235,7,68.83
TRJ_0592,20,46.75,14.5,1.13,287,8,72.3
TRJ_0592,24,46.75,14.5,1.13,347,9,75.82
TRJ_0593,0,32.17,16.3,1.18,0,0,32.17
TRJ_0593,4,32.17,16.3,1.18,70,3,42.52
TRJ_0593,8,32.17,16.3,1.18,139,6,51.21
TRJ_0593,12,32.17,16.3,1.18,210,9,58.81
TRJ_0593,16,32.17,16.3,1.18,269,11,64.19
TRJ_0593,20,32.17,16.3,1.18,334,13,69.3
TRJ_0593,24,32.17,16.3,1.18,408,14,74.23
TRJ_0594,0,19.04,28.4,0.79,0,0,19.04
TRJ_0594,4,19.04,28.4,0.79,97,1,30.65
TRJ_0594,8,19.04,28.4,0.79,200,2,41.08
TRJ_0594,12,19.04,28.4,0.79,311,4,50.63
TRJ_0594,16,19.04,28.4,0.79,416,7,58.23
TRJ_0594,20,19.04,28.4,0.79,527,10,65.0
TRJ_0594,24,19.04,28.4,0.79,639,13,70.71
TRJ_0595,0,54.69,18.8,1.16,0,0,54.69
TRJ_0595,4,54.69,18.8,1.16,66,2,61.13
TRJ_0595,8,54.69,18.8,1.16,143,3,67.52
TRJ_0595,12,54.69,18.8,1.16,213,6,72.4
TRJ_0595,16,54.69,18.8,1.16,282,8,76.53
TRJ_0595,20,54.69,18.8,1.16,368,11,80.79
TRJ_0595,24,54.69,18.8,1.16,438,12,83.71
TRJ_0596,0,49.86,16.5,0.93,0,0,49.86
TRJ_0596,4,49.86,16.5,0.93,58,3,55.06
TRJ_0596,8,49.86,16.5,0.93,127,4,60.49
TRJ_0596,12,49.86,16.5,0.93,193,5,65.1
TRJ_0596,16,49.86,16.5,0.93,261,6,69.27
TRJ_0596,20,49.86,16.5,0.93,333,7,73.15
TRJ_0596,24,49.86,16.5,0.93,404,10,76.51
TRJ_0597,0,19.04,6.2,1.02,0,0,19.04
TRJ_0597,4,19.04,6.2,1.02,22,2,22.59
TRJ_0597,8,19.04,6.2,1.02,50,4,26.94
TRJ_0597,12,19.04,6.2,1.02,76,5,30.72
TRJ_0597,16,19.04,6.2,1.02,103,6,34.51
TRJ_0597,20,19.04,6.2,1.02,124,8,37.29
TRJ_0597,24,19.04,6.2,1.02,148,9,40.35
TRJ_0598,0,33.43,11.1,0.75,0,0,33.43
TRJ_0598,4,33.43,11.1,0.75,41,2,37.44
TRJ_0598,8,33.43,11.1,0.75,87,5,41.69
TRJ_0598,12,33.43,11.1,0.75,125,8,44.93
TRJ_0598,16,33.43,11.1,0.75,169,11,48.48
TRJ_0598,20,33.43,11.1,0.75,212,13,51.74
TRJ_0598,24,33.43,11.1,0.75,253,14,54.64
TRJ_0599,0,26.9,10.4,1.09,0,0,26.9
TRJ_0599,4,26.9,10.4,1.09,41,2,33.18
TRJ_0599,8,26.9,10.4,1.09,86,5,39.43
TRJ_0599,12,26.9,10.4,1.09,130,7,44.99
TRJ_0599,16,26.9,10.4,1.09,172,8,49.83
TRJ_0599,20,26.9,10.4,1.09,219,10,54.76
TRJ_0599,24,26.9,10.4,1.09,259,13,58.56
TRJ_0600,0,50.02,16.9,0.83,0,0,50.02
TRJ_0600,4,50.02,16.9,0.83,70,3,55.53
TRJ_0600,8,50.02,16.9,0.83,137,4,60.24
TRJ_0600,12,50.02,16.9,0.83,201,5,64.27
TRJ_0600,16,50.02,16.9,0.83,275,6,68.44
TRJ_0600,20,50.02,16.9,0.83,333,7,71.37
TRJ_0600,24,50.02,16.9,0.83,397,8,74.26
TRJ_0601,0,44.23,9.5,1.0,0,0,44.23
TRJ_0601,4,44.23,9.5,1.0,36,2,48.15
TRJ_0601,8,44.23,9.5,1.0,72,4,51.76
TRJ_0601,12,44.23,9.5,1.0,109,6,55.2
TRJ_0601,16,44.23,9.5,1.0,147,7,58.52
TRJ_0601,20,44.23,9.5,1.0,182,9,61.38
TRJ_0601,24,44.23,9.5,1.0,218,11,64.13
TRJ_0602,0,39.92,13.3,1.22,0,0,39.92
TRJ_0602,4,39.92,13.3,1.22,58,3,47.85
TRJ_0602,8,39.92,13.3,1.22,105,5,53.56
TRJ_0602,12,39.92,13.3,1.22,163,6,59.76
TRJ_0602,16,39.92,13.3,1.22,211,9,64.22
TRJ_0602,20,39.92,13.3,1.22,258,10,68.1
TRJ_0602,24,39.92,13.3,1.22,318,13,72.5
TRJ_0603,0,37.0,26.7,0.85,0,0,37.0
TRJ_0603,4,37.0,26.7,0.85,121,2,48.72
TRJ_0603,8,37.0,26.7,0.85,240,4,58.15
TRJ_0603,12,37.0,26.7,0.85,348,6,65.17
TRJ_0603,16,37.0,26.7,0.85,465,8,71.49
TRJ_0603,20,37.0,26.7,0.85,568,11,76.07
TRJ_0603,24,37.0,26.7,0.85,678,13,80.16
TRJ_0604,0,41.61,26.2,1.09,0,0,41.61
TRJ_0604,4,41.61,26.2,1.09,119,1,55.04
TRJ_0604,8,41.61,26.2,1.09,208,2,63.0
TRJ_0604,12,41.61,26.2,1.09,323,3,71.23
TRJ_0604,16,41.61,26.2,1.09,421,4,76.79
TRJ_0604,20,41.61,26.2,1.09,513,6,81.03
TRJ_0604,24,41.61,26.2,1.09,608,7,84.61
TRJ_0605,0,46.85,15.0,1.1,0,0,46.85
TRJ_0605,4,46.85,15.0,1.1,62,2,53.71
TRJ_0605,8,46.85,15.0,1.1,119,4,59.19
TRJ_0605,12,46.85,15.0,1.1,179,5,64.28
TRJ_0605,16,46.85,15.0,1.1,239,6,68.71
TRJ_0605,20,46.85,15.0,1.1,297,8,72.51
TRJ_0605,24,46.85,15.0,1.1,352,10,75.66
TRJ_0606,0,33.44,6.9,1.13,0,0,33.44
TRJ_0606,4,33.44,6.9,1.13,27,2,37.46
TRJ_0606,8,33.44,6.9,1.13,57,4,41.57
TRJ_0606,12,33.44,6.9,1.13,82,7,44.81
TRJ_0606,16,33.44,6.9,1.13,108,9,48.05
TRJ_0606,20,33.44,6.9,1.13,139,11,51.57
TRJ_0606,24,33.44,6.9,1.13,166,13,54.52
TRJ_0607,0,51.51,14.9,1.26,0,0,51.51
TRJ_0607,4,51.51,14.9,1.26,59,1,58.26
TRJ_0607,8,51.51,14.9,1.26,113,2,63.59
TRJ_0607,12,51.51,14.9,1.26,172,3,68.68
TRJ_0607,16,51.51,14.9,1.26,234,6,73.25
TRJ_0607,20,51.51,14.9,1.26,297,9,77.19
TRJ_0607,24,51.51,14.9,1.26,356,10,80.38
TRJ_0608,0,35.18,10.9,0.75,0,0,35.18
TRJ_0608,4,35.18,10.9,0.75,37,3,38.75
TRJ_0608,8,35.18,10.9,0.75,79,6,42.5
TRJ_0608,12,35.18,10.9,0.75,119,7,45.9
TRJ_0608,16,35.18,10.9,0.75,167,10,49.72
TRJ_0608,20,35.18,10.9,0.75,204,11,52.48
TRJ_0608,24,35.18,10.9,0.75,251,13,55.76
TRJ_0609,0,35.45,24.8,0.79,0,0,35.45
TRJ_0609,4,35.45,24.8,0.79,111,3,45.84
TRJ_0609,8,35.45,24.8,0.79,205,6,53.37
TRJ_0609,12,35.45,24.8,0.79,318,7,61.02
TRJ_0609,16,35.45,24.8,0.79,425,9,67.09
TRJ_0609,20,35.45,24.8,0.79,534,11,72.32
TRJ_0609,24,35.45,24.8,0.79,619,12,75.81
TRJ_0610,0,15.33,9.7,1.12,0,0,15.33
TRJ_0610,4,15.33,9.7,1.12,40,2,22.6
TRJ_0610,8,15.33,9.7,1.12,82,5,29.58
TRJ_0610,12,15.33,9.7,1.12,124,7,35.95
TRJ_0610,16,15.33,9.7,1.12,166,8,41.78
TRJ_0610,20,15.33,9.7,1.12,210,9,47.31
TRJ_0610,24,15.33,9.7,1.12,250,10,51.87
TRJ_0611,0,35.22,14.4,1.28,0,0,35.22
TRJ_0611,4,35.22,14.4,1.28,60,1,44.47
TRJ_0611,8,35.22,14.4,1.28,121,4,52.53
TRJ_0611,12,35.22,14.4,1.28,182,7,59.46
TRJ_0611,16,35.22,14.4,1.28,235,8,64.68
TRJ_0611,20,35.22,14.4,1.28,296,11,69.82
TRJ_0611,24,35.22,14.4,1.28,348,14,73.64
TRJ_0612,0,35.86,8.4,1.02,0,0,35.86
TRJ_0612,4,35.86,8.4,1.02,37,3,40.6
TRJ_0612,8,35.86,8.4,1.02,69,4,44.38
TRJ_0612,12,35.86,8.4,1.02,102,6,48.01
TRJ_0612,16,35.86,8.4,1.02,136,8,51.57
TRJ_0612,20,35.86,8.4,1.02,174,10,55.24
TRJ_0612,24,35.86,8.4,1.02,211,12,58.57
TRJ_0613,0,31.4,29.6,1.15,0,0,31.4
TRJ_0613,4,31.4,29.6,1.15,104,2,46.05
TRJ_0613,8,31.4,29.6,1.15,239,5,60.5
TRJ_0613,12,31.4,29.6,1.15,364,8,70.41
TRJ_0613,16,31.4,29.6,1.15,487,10,77.72
TRJ_0613,20,31.4,29.6,1.15,621,11,83.67
TRJ_0613,24,31.4,29.6,1.15,739,14,87.57
TRJ_0614,0,22.54,12.1,1.05,0,0,22.54
TRJ_0614,4,22.54,12.1,1.05,44,1,29.43
TRJ_0614,8,22.54,12.1,1.05,89,3,35.82
TRJ_0614,12,22.54,12.1,1.05,143,5,42.76
TRJ_0614,16,22.54,12.1,1.05,190,7,48.14
TRJ_0614,20,22.54,12.1,1.05,242,9,53.57
TRJ_0614,24,22.54,12.1,1.05,289,11,58.0
TRJ_0615,0,39.44,29.3,0.71,0,0,39.44
TRJ_0615,4,39.44,29.3,0.71,102,3,47.62
TRJ_0615,8,39.44,29.3,0.71,211,5,55.15
TRJ_0615,12,39.44,29.3,0.71,328,6,62.04
TRJ_0615,16,39.44,29.3,0.71,461,7,68.59
TRJ_0615,20,39.44,29.3,0.71,573,9,73.25
TRJ_0615,24,39.44,29.3,0.71,687,10,77.26
TRJ_0616,0,41.02,29.5,0.86,0,0,41.02
TRJ_0616,4,41.02,29.5,0.86,122,3,52.24
TRJ_0616,8,41.02,29.5,0.86,249,5,61.65
TRJ_0616,12,41.02,29.5,0.86,356,7,68.12
TRJ_0616,16,41.02,29.5,0.86,463,8,73.51
TRJ_0616,20,41.02,29.5,0.86,584,10,78.52
TRJ_0616,24,41.02,29.5,0.86,711,12,82.76
TRJ_0617,0,29.73,26.4,0.97,0,0,29.73
TRJ_0617,4,29.73,26.4,0.97,105,2,42.68
TRJ_0617,8,29.73,26.4,0.97,205,5,52.88
TRJ_0617,12,29.73,26.4,0.97,302,8,60.97
TRJ_0617,16,29.73,26.4,0.97,399,11,67.69
TRJ_0617,20,29.73,26.4,0.97,511,13,74.0
TRJ_0617,24,29.73,26.4,0.97,614,14,78.72
TRJ_0618,0,26.2,17.7,0.72,0,0,26.2
TRJ_0618,4,26.2,17.7,0.72,71,1,33.38
TRJ_0618,8,26.2,17.7,0.72,143,4,40.01
TRJ_0618,12,26.2,17.7,0.72,223,5,46.55
TRJ_0618,16,26.2,17.7,0.72,297,7,52.01
TRJ_0618,20,26.2,17.7,0.72,366,9,56.6
TRJ_0618,24,26.2,17.7,0.72,437,10,60.87
TRJ_0619,0,54.27,8.9,1.1,0,0,54.27
TRJ_0619,4,54.27,8.9,1.1,38,3,57.95
TRJ_0619,8,54.27,8.9,1.1,72,6,61.02
TRJ_0619,12,54.27,8.9,1.1,105,9,63.76
TRJ_0619,16,54.27,8.9,1.1,138,10,66.33
TRJ_0619,20,54.27,8.9,1.1,172,12,68.77
TRJ_0619,24,54.27,8.9,1.1,204,15,70.93
TRJ_0620,0,30.6,24.0,1.06,0,0,30.6
TRJ_0620,4,30.6,24.0,1.06,103,2,44.23
TRJ_0620,8,30.6,24.0,1.06,212,3,55.74
TRJ_0620,12,30.6,24.0,1.06,300,4,63.33
TRJ_0620,16,30.6,24.0,1.06,391,7,69.77
TRJ_0620,20,30.6,24.0,1.06,481,8,75.07
TRJ_0620,24,30.6,24.0,1.06,582,11,79.87
TRJ_0621,0,31.28,12.0,1.08,0,0,31.28
TRJ_0621,4,31.28,12.0,1.08,53,3,38.83
TRJ_0621,8,31.28,12.0,1.08,98,4,44.52
TRJ_0621,12,31.28,12.0,1.08,148,6,50.3
TRJ_0621,16,31.28,12.0,1.08,194,9,55.08
TRJ_0621,20,31.28,12.0,1.08,247,11,59.99
TRJ_0621,24,31.28,12.0,1.08,296,14,64.02
TRJ_0622,0,30.76,25.0,1.01,0,0,30.76
TRJ_0622,4,30.76,25.0,1.01,105,3,44.0
TRJ_0622,8,30.76,25.0,1.01,210,4,54.79
TRJ_0622,12,30.76,25.0,1.01,323,6,64.02
TRJ_0622,16,30.76,25.0,1.01,410,9,69.82
TRJ_0622,20,30.76,25.0,1.01,509,10,75.3
TRJ_0622,24,30.76,25.0,1.01,610,11,79.9
TRJ_0623,0,51.54,7.7,0.84,0,0,51.54
TRJ_0623,4,51.54,7.7,0.84,34,3,54.29
TRJ_0623,8,51.54,7.7,0.84,64,4,56.59
TRJ_0623,12,51.54,7.7,0.84,96,5,58.88
TRJ_0623,16,51.54,7.7,0.84,127,6,60.99
TRJ_0623,20,51.54,7.7,0.84,161,9,63.18
TRJ_0623,24,51.54,7.7,0.84,188,11,64.82
TRJ_0624,0,17.05,16.5,1.24,0,0,17.05
TRJ_0624,4,17.05,16.5,1.24,68,2,29.92
TRJ_0624,8,17.05,16.5,1.24,137,4,41.09
TRJ_0624,12,17.05,16.5,1.24,210,7,50.93
TRJ_0624,16,17.05,16.5,1.24,268,8,57.61
TRJ_0624,20,17.05,16.5,1.24,336,10,64.23
TRJ_0624,24,17.05,16.5,1.24,395,11,69.15
TRJ_0625,0,46.45,24.2,0.75,0,0,46.45
TRJ_0625,4,46.45,24.2,0.75,109,2,54.57
TRJ_0625,8,46.45,24.2,0.75,202,5,60.54
TRJ_0625,12,46.45,24.2,0.75,287,6,65.3
TRJ_0625,16,46.45,24.2,0.75,376,8,69.64
TRJ_0625,20,46.45,24.2,0.75,484,11,74.21
TRJ_0625,24,46.45,24.2,0.75,580,13,77.68
TRJ_0626,0,42.0,16.3,0.76,0,0,42.0
TRJ_0626,4,42.0,16.3,0.76,68,1,47.71
TRJ_0626,8,42.0,16.3,0.76,142,4,53.34
TRJ_0626,12,42.0,16.3,0.76,207,5,57.76
TRJ_0626,16,42.0,16.3,0.76,266,7,61.43
TRJ_0626,20,42.0,16.3,0.76,326,10,64.83
TRJ_0626,24,42.0,16.3,0.76,386,11,67.91
TRJ_0627,0,52.78,28.8,0.87,0,0,52.78
TRJ_0627,4,52.78,28.8,0.87,98,1,60.19
TRJ_0627,8,52.78,28.8,0.87,206,2,67.06
TRJ_0627,12,52.78,28.8,0.87,323,3,73.16
TRJ_0627,16,52.78,28.8,0.87,449,4,78.45
TRJ_0627,20,52.78,28.8,0.87,561,7,82.28
TRJ_0627,24,52.78,28.8,0.87,675,8,85.48
TRJ_0628,0,20.06,19.3,1.07,0,0,20.06
TRJ_0628,4,20.06,19.3,1.07,68,2,31.01
TRJ_0628,8,20.06,19.3,1.07,140,4,40.98
TRJ_0628,12,20.06,19.3,1.07,212,7,49.43
TRJ_0628,16,20.06,19.3,1.07,298,8,57.94
TRJ_0628,20,20.06,19.3,1.07,376,10,64.47
TRJ_0628,24,20.06,19.3,1.07,458,12,70.19
TRJ_0629,0,31.45,14.8,0.89,0,0,31.45
TRJ_0629,4,31.45,14.8,0.89,54,3,37.82
TRJ_0629,8,31.45,14.8,0.89,121,5,44.85
TRJ_0629,12,31.45,14.8,0.89,179,6,50.26
TRJ_0629,16,31.45,14.8,0.89,235,7,55.02
TRJ_0629,20,31.45,14.8,0.89,291,9,59.33
TRJ_0629,24,31.45,14.8,0.89,347,10,63.24
TRJ_0630,0,22.13,10.1,1.1,0,0,22.13
TRJ_0630,4,22.13,10.1,1.1,34,3,27.82
TRJ_0630,8,22.13,10.1,1.1,77,4,34.37
TRJ_0630,12,22.13,10.1,1.1,113,7,39.42
TRJ_0630,16,22.13,10.1,1.1,156,10,45.0
TRJ_0630,20,22.13,10.1,1.1,194,11,49.46
TRJ_0630,24,22.13,10.1,1.1,229,14,53.31
TRJ_0631,0,45.43,16.4,0.8,0,0,45.43
TRJ_0631,4,45.43,16.4,0.8,67,1,51.04
TRJ_0631,8,45.43,16.4,0.8,134,4,56.06
TRJ_0631,12,45.43,16.4,0.8,202,5,60.59
TRJ_0631,16,45.43,16.4,0.8,263,8,64.27
TRJ_0631,20,45.43,16.4,0.8,318,11,67.32
TRJ_0631,24,45.43,16.4,0.8,388,14,70.81
TRJ_0632,0,15.54,12.7,0.89,0,0,15.54
TRJ_0632,4,15.54,12.7,0.89,46,1,22.28
TRJ_0632,8,15.54,12.7,0.89,94,4,28.74
TRJ_0632,12,15.54,12.7,0.89,148,7,35.37
TRJ_0632,16,15.54,12.7,0.89,202,8,41.4
TRJ_0632,20,15.54,12.7,0.89,247,11,45.92
TRJ_0632,24,15.54,12.7,0.89,302,13,51.0
TRJ_0633,0,20.08,24.9,0.89,0,0,20.08
TRJ_0633,4,20.08,24.9,0.89,86,3,31.48
TRJ_0633,8,20.08,24.9,0.89,198,6,43.93
TRJ_0633,12,20.08,24.9,0.89,302,7,53.47
TRJ_0633,16,20.08,24.9,0.89,399,8,60.91
TRJ_0633,20,20.08,24.9,0.89,487,9,66.61
TRJ_0633,24,20.08,24.9,0.89,573,11,71.36
TRJ_0634,0,44.23,28.5,1.23,0,0,44.23
TRJ_0634,4,44.23,28.5,1.23,113,1,57.81
TRJ_0634,8,44.23,28.5,1.23,220,2,67.58
TRJ_0634,12,44.23,28.5,1.23,321,4,74.76
TRJ_0634,16,44.23,28.5,1.23,428,5,80.65
TRJ_0634,20,44.23,28.5,1.23,552,6,85.76
TRJ_0634,24,44.23,28.5,1.23,673,7,89.44
TRJ_0635,0,52.54,9.8,0.8,0,0,52.54
TRJ_0635,4,52.54,9.8,0.8,40,2,55.5
TRJ_0635,8,52.54,9.8,0.8,81,3,58.36
TRJ_0635,12,52.54,9.8,0.8,118,4,60.79
TRJ_0635,16,52.54,9.8,0.8,158,7,63.26
TRJ_0635,20,52.54,9.8,0.8,200,8,65.67
TRJ_0635,24,52.54,9.8,0.8,241,9,67.88
TRJ_0636,0,23.48,19.5,1.03,0,0,23.48
TRJ_0636,4,23.48,19.5,1.03,80,3,35.18
TRJ_0636,8,23.48,19.5,1.03,156,4,44.66
TRJ_0636,12,23.48,19.5,1.03,235,7,53.04
TRJ_0636,16,23.48,19.5,1.03,310,9,59.82
TRJ_0636,20,23.48,19.5,1.03,396,11,66.36
TRJ_0636,24,23.48,19.5,1.03,468,14,71.01
TRJ_0637,0,18.76,9.8,1.11,0,0,18.76
TRJ_0637,4,18.76,9.8,1.11,36,2,25.15
TRJ_0637,8,18.76,9.8,1.11,72,3,30.96
TRJ_0637,12,18.76,9.8,1.11,108,5,36.32
TRJ_0637,16,18.76,9.8,1.11,142,6,40.97
TRJ_0637,20,18.76,9.8,1.11,186,8,46.53
TRJ_0637,24,18.76,9.8,1.11,223,10,50.78
TRJ_0638,0,40.78,23.2,0.93,0,0,40.78
TRJ_0638,4,40.78,23.2,0.93,103,3,51.12
TRJ_0638,8,40.78,23.2,0.93,201,6,59.32
TRJ_0638,12,40.78,23.2,0.93,281,8,64.98
TRJ_0638,16,40.78,23.2,0.93,382,10,71.02
TRJ_0638,20,40.78,23.2,0.93,467,13,75.26
TRJ_0638,24,40.78,23.2,0.93,556,16,79.07
TRJ_0639,0,54.6,11.5,1.26,0,0,54.6
TRJ_0639,4,54.6,11.5,1.26,49,3,59.96
TRJ_0639,8,54.6,11.5,1.26,98,5,64.62
TRJ_0639,12,54.6,11.5,1.26,150,6,69.02
TRJ_0639,16,54.6,11.5,1.26,201,9,72.79
TRJ_0639,20,54.6,11.5,1.26,251,10,76.06
TRJ_0639,24,54.6,11.5,1.26,290,11,78.35
TRJ_0640,0,30.18,13.4,0.74,0,0,30.18
TRJ_0640,4,30.18,13.4,0.74,47,2,34.91
TRJ_0640,8,30.18,13.4,0.74,103,3,40.14
TRJ_0640,12,30.18,13.4,0.74,161,4,45.11
TRJ_0640,16,30.18,13.4,0.74,216,5,49.44
TRJ_0640,20,30.18,13.4,0.74,274,8,53.6
TRJ_0640,24,30.18,13.4,0.74,329,11,57.25
TRJ_0641,0,43.57,23.1,1.19,0,0,43.57
TRJ_0641,4,43.57,23.1,1.19,87,3,54.14
TRJ_0641,8,43.57,23.1,1.19,187,6,63.89
TRJ_0641,12,43.57,23.1,1.19,279,9,71.02
TRJ_0641,16,43.57,23.1,1.19,384,12,77.44
TRJ_0641,20,43.57,23.1,1.19,467,13,81.49
TRJ_0641,24,43.57,23.1,1.19,572,14,85.61
TRJ_0642,0,18.66,20.0,1.11,0,0,18.66
TRJ_0642,4,18.66,20.0,1.11,89,1,33.33
TRJ_0642,8,18.66,20.0,1.11,175,3,44.95
TRJ_0642,12,18.66,20.0,1.11,245,6,52.9
TRJ_0642,16,18.66,20.0,1.11,327,9,60.81
TRJ_0642,20,18.66,20.0,1.11,411,10,67.54
TRJ_0642,24,18.66,20.0,1.11,483,12,72.39
TRJ_0643,0,41.3,7.3,0.78,0,0,41.3
TRJ_0643,4,41.3,7.3,0.78,27,2,43.81
TRJ_0643,8,41.3,7.3,0.78,53,4,46.09
TRJ_0643,12,41.3,7.3,0.78,77,7,48.14
TRJ_0643,16,41.3,7.3,0.78,107,9,50.53
TRJ_0643,20,41.3,7.3,0.78,135,11,52.71
TRJ_0643,24,41.3,7.3,0.78,161,14,54.64
TRJ_0644,0,23.49,19.8,0.76,0,0,23.49
TRJ_0644,4,23.49,19.8,0.76,73,3,31.55
TRJ_0644,8,23.49,19.8,0.76,141,5,38.3
TRJ_0644,12,23.49,19.8,0.76,226,6,45.82
TRJ_0644,16,23.49,19.8,0.76,316,9,52.78
TRJ_0644,20,23.49,19.8,0.76,389,11,57.78
TRJ_0644,24,23.49,19.8,0.76,467,13,62.52
TRJ_0645,0,32.49,18.5,0.93,0,0,32.49
TRJ_0645,4,32.49,18.5,0.93,65,2,40.27
TRJ_0645,8,32.49,18.5,0.93,133,3,47.41
TRJ_0645,12,32.49,18.5,0.93,213,6,54.73
TRJ_0645,16,32.49,18.5,0.93,289,8,60.71
TRJ_0645,20,32.49,18.5,0.93,353,11,65.15
TRJ_0645,24,32.49,18.5,0.93,420,12,69.27
TRJ_0646,0,31.0,21.2,1.17,0,0,31.0
TRJ_0646,4,31.0,21.2,1.17,86,3,43.7
TRJ_0646,8,31.0,21.2,1.17,180,5,54.92
TRJ_0646,12,31.0,21.2,1.17,272,7,63.7
TRJ_0646,16,31.0,21.2,1.17,356,9,70.19
TRJ_0646,20,31.0,21.2,1.17,446,10,75.89
TRJ_0646,24,31.0,21.2,1.17,522,13,79.82
TRJ_0647,0,28.91,5.5,1.15,0,0,28.91
TRJ_0647,4,28.91,5.5,1.15,24,3,32.86
TRJ_0647,8,28.91,5.5,1.15,45,5,36.05
TRJ_0647,12,28.91,5.5,1.15,65,7,39.03
TRJ_0647,16,28.91,5.5,1.15,85,8,41.83
TRJ_0647,20,28.91,5.5,1.15,103,10,44.28
TRJ_0647,24,28.91,5.5,1.15,123,12,46.88
TRJ_0648,0,15.67,19.0,1.11,0,0,15.67
TRJ_0648,4,15.67,19.0,1.11,72,1,28.25
TRJ_0648,8,15.67,19.0,1.11,145,3,39.09
TRJ_0648,12,15.67,19.0,1.11,216,6,48.07
TRJ_0648,16,15.67,19.0,1.11,286,8,55.61
TRJ_0648,20,15.67,19.0,1.11,357,11,62.17
TRJ_0648,24,15.67,19.0,1.11,434,13,68.14
TRJ_0649,0,37.46,23.4,0.78,0,0,37.46
TRJ_0649,4,37.46,23.4,0.78,106,2,47.03
TRJ_0649,8,37.46,23.4,0.78,200,4,54.27
TRJ_0649,12,37.46,23.4,0.78,303,7,61.08
TRJ_0649,16,37.46,23.4,0.78,384,10,65.72
TRJ_0649,20,37.46,23.4,0.78,473,12,70.19
TRJ_0649,24,37.46,23.4,0.78,573,13,74.5
TRJ_0650,0,18.88,9.2,1.04,0,0,18.88
TRJ_0650,4,18.88,9.2,1.04,36,2,24.84
TRJ_0650,8,18.88,9.2,1.04,71,3,30.21
TRJ_0650,12,18.88,9.2,1.04,104,6,34.85
TRJ_0650,16,18.88,9.2,1.04,135,9,38.97
TRJ_0650,20,18.88,9.2,1.04,166,12,42.83
TRJ_0650,24,18.88,9.2,1.04,204,14,47.17
TRJ_0651,0,32.15,24.6,0.9,0,0,32.15
TRJ_0651,4,32.15,24.6,0.9,83,2,41.63
TRJ_0651,8,32.15,24.6,0.9,181,4,51.13
TRJ_0651,12,32.15,24.6,0.9,277,6,58.95
TRJ_0651,16,32.15,24.6,0.9,366,8,65.05
TRJ_0651,20,32.15,24.6,0.9,479,10,71.49
TRJ_0651,24,32.15,24.6,0.9,565,11,75.62
TRJ_0652,0,30.41,18.2,0.91,0,0,30.41
TRJ_0652,4,30.41,18.2,0.91,69,2,38.71
TRJ_0652,8,30.41,18.2,0.91,150,3,47.16
TRJ_0652,12,30.41,18.2,0.91,220,4,53.55
TRJ_0652,16,30.41,18.2,0.91,291,7,59.25
TRJ_0652,20,30.41,18.2,0.91,363,10,64.3
TRJ_0652,24,30.41,18.2,0.91,437,13,68.85
TRJ_0653,0,30.03,28.3,0.75,0,0,30.03
TRJ_0653,4,30.03,28.3,0.75,104,3,40.17
TRJ_0653,8,30.03,28.3,0.75,232,5,50.69
TRJ_0653,12,30.03,28.3,0.75,336,6,57.83
TRJ_0653,16,30.03,28.3,0.75,461,9,65.06
TRJ_0653,20,30.03,28.3,0.75,581,11,70.82
TRJ_0653,24,30.03,28.3,0.75,705,12,75.77
TRJ_0654,0,41.78,15.4,1.29,0,0,41.78
TRJ_0654,4,41.78,15.4,1.29,52,2,49.15
TRJ_0654,8,41.78,15.4,1.29,114,5,56.73
TRJ_0654,12,41.78,15.4,1.29,172,6,62.8
TRJ_0654,16,41.78,15.4,1.29,234,9,68.38
TRJ_0654,20,41.78,15.4,1.29,303,10,73.58
TRJ_0654,24,41.78,15.4,1.29,373,13,77.96
TRJ_0655,0,27.63,28.4,1.29,0,0,27.63
TRJ_0655,4,27.63,28.4,1.29,112,1,45.92
TRJ_0655,8,27.63,28.4,1.29,213,3,58.33
TRJ_0655,12,27.63,28.4,1.29,342,6,70.18
TRJ_0655,16,27.63,28.4,1.29,469,9,78.52
TRJ_0655,20,27.63,28.4,1.29,587,10,84.2
TRJ_0655,24,27.63,28.4,1.29,684,13,87.71
TRJ_0656,0,29.3,8.9,0.81,0,0,29.3
TRJ_0656,4,29.3,8.9,0.81,37,3,33.48
TRJ_0656,8,29.3,8.9,0.81,71,5,37.09
TRJ_0656,12,29.3,8.9,0.81,104,7,40.45
TRJ_0656,16,29.3,8.9,0.81,139,8,43.75
TRJ_0656,20,29.3,8.9,0.81,170,10,46.59
TRJ_0656,24,29.3,8.9,0.81,204,11,49.53
TRJ_0657,0,52.44,24.9,0.73,0,0,52.44
TRJ_0657,4,52.44,24.9,0.73,97,1,58.75
TRJ_0657,8,52.44,24.9,0.73,207,3,64.89
TRJ_0657,12,52.44,24.9,0.73,299,4,69.31
TRJ_0657,16,52.44,24.9,0.73,408,6,73.85
TRJ_0657,20,52.44,24.9,0.73,510,7,77.48
TRJ_0657,24,52.44,24.9,0.73,594,10,80.11
TRJ_0658,0,50.34,27.4,1.2,0,0,50.34
TRJ_0658,4,50.34,27.4,1.2,110,3,61.91
TRJ_0658,8,50.34,27.4,1.2,227,5,71.24
TRJ_0658,12,50.34,27.4,1.2,324,6,77.24
TRJ_0658,16,50.34,27.4,1.2,445,8,82.99
TRJ_0658,20,50.34,27.4,1.2,569,10,87.38
TRJ_0658,24,50.34,27.4,1.2,672,13,90.17
TRJ_0659,0,25.45,11.2,0.9,0,0,25.45
TRJ_0659,4,25.45,11.2,0.9,39,3,30.52
TRJ_0659,8,25.45,11.2,0.9,87,5,36.35
TRJ_0659,12,25.45,11.2,0.9,129,8,41.03
TRJ_0659,16,25.45,11.2,0.9,168,11,45.05
TRJ_0659,20,25.45,11.2,0.9,219,12,49.9
TRJ_0659,24,25.45,11.2,0.9,259,13,53.46
TRJ_0660,0,47.74,17.3,0.93,0,0,47.74
TRJ_0660,4,47.74,17.3,0.93,72,1,54.35
TRJ_0660,8,47.74,17.3,0.93,148,4,60.42
TRJ_0660,12,47.74,17.3,0.93,207,7,64.6
TRJ_0660,16,47.74,17.3,0.93,266,9,68.32
TRJ_0660,20,47.74,17.3,0.93,345,11,72.66
TRJ_0660,24,47.74,17.3,0.93,409,13,75.75
TRJ_0661,0,17.19,13.2,0.81,0,0,17.19
TRJ_0661,4,17.19,13.2,0.81,52,2,23.88
TRJ_0661,8,17.19,13.2,0.81,110,5,30.81
TRJ_0661,12,17.19,13.2,0.81,169,7,37.12
TRJ_0661,16,17.19,13.2,0.81,218,10,42.0
TRJ_0661,20,17.19,13.2,0.81,270,11,46.72
TRJ_0661,24,17.19,13.2,0.81,323,12,51.14
TRJ_0662,0,25.09,9.2,0.99,0,0,25.09
TRJ_0662,4,25.09,9.2,0.99,35,2,30.21
TRJ_0662,8,25.09,9.2,0.99,76,5,35.68
TRJ_0662,12,25.09,9.2,0.99,116,8,40.65
TRJ_0662,16,25.09,9.2,0.99,154,9,45.02
TRJ_0662,20,25.09,9.2,0.99,188,10,48.64
TRJ_0662,24,25.09,9.2,0.99,223,11,52.11
TRJ_0663,0,22.1,11.8,1.29,0,0,22.1
TRJ_0663,4,22.1,11.8,1.29,47,2,31.16
TRJ_0663,8,22.1,11.8,1.29,98,3,39.76
TRJ_0663,12,22.1,11.8,1.29,142,6,46.22
TRJ_0663,16,22.1,11.8,1.29,187,9,52.23
TRJ_0663,20,22.1,11.8,1.29,235,11,57.86
TRJ_0663,24,22.1,11.8,1.29,275,12,62.07
TRJ_0664,0,50.95,26.2,1.29,0,0,50.95
TRJ_0664,4,50.95,26.2,1.29,101,2,62.22
TRJ_0664,8,50.95,26.2,1.29,193,5,70.28
TRJ_0664,12,50.95,26.2,1.29,303,8,77.65
TRJ_0664,16,50.95,26.2,1.29,396,10,82.43
TRJ_0664,20,50.95,26.2,1.29,494,11,86.38
TRJ_0664,24,50.95,26.2,1.29,589,13,89.36
TRJ_0665,0,40.46,21.2,0.9,0,0,40.46
TRJ_0665,4,40.46,21.2,0.9,90,1,49.46
TRJ_0665,8,40.46,21.2,0.9,181,2,57.17
TRJ_0665,12,40.46,21.2,0.9,270,5,63.54
TRJ_0665,16,40.46,21.2,0.9,343,8,68.07
TRJ_0665,20,40.46,21.2,0.9,418,9,72.14
TRJ_0665,24,40.46,21.2,0.9,499,12,75.95
TRJ_0666,0,32.45,13.2,1.03,0,0,32.45
TRJ_0666,4,32.45,13.2,1.03,49,3,39.02
TRJ_0666,8,32.45,13.2,1.03,100,6,45.16
TRJ_0666,12,32.45,13.2,1.03,145,8,50.03
TRJ_0666,16,32.45,13.2,1.03,195,11,54.97
TRJ_0666,20,32.45,13.2,1.03,250,12,59.86
TRJ_0666,24,32.45,13.2,1.03,302,15,64.0
TRJ_0667,0,43.91,20.2,1.29,0,0,43.91
TRJ_0667,4,43.91,20.2,1.29,75,2,53.8
TRJ_0667,8,43.91,20.2,1.29,146,3,61.56
TRJ_0667,12,43.91,20.2,1.29,217,6,68.07
TRJ_0667,16,43.91,20.2,1.29,292,7,73.7
TRJ_0667,20,43.91,20.2,1.29,374,9,78.75
TRJ_0667,24,43.91,20.2,1.29,461,10,83.04
TRJ_0668,0,16.52,29.1,0.91,0,0,16.52
TRJ_0668,4,16.52,29.1,0.91,127,3,33.83
TRJ_0668,8,16.52,29.1,0.91,249,6,47.04
TRJ_0668,12,16.52,29.1,0.91,368,9,57.4
TRJ_0668,16,16.52,29.1,0.91,469,12,64.62
TRJ_0668,20,16.52,29.1,0.91,599,14,72.08
TRJ_0668,24,16.52,29.1,0.91,711,16,77.24
TRJ_0669,0,50.69,9.8,1.28,0,0,50.69
TRJ_0669,4,50.69,9.8,1.28,40,1,55.56
TRJ_0669,8,50.69,9.8,1.28,83,3,60.21
TRJ_0669,12,50.69,9.8,1.28,122,4,64.01
TRJ_0669,16,50.69,9.8,1.28,162,5,67.54
TRJ_0669,20,50.69,9.8,1.28,199,7,70.48
TRJ_0669,24,50.69,9.8,1.28,241,9,73.49
TRJ_0670,0,51.11,22.9,0.98,0,0,51.11
TRJ_0670,4,51.11,22.9,0.98,100,3,59.88
TRJ_0670,8,51.11,22.9,0.98,191,4,66.47
TRJ_0670,12,51.11,22.9,0.98,280,7,71.89
TRJ_0670,16,51.11,22.9,0.98,376,8,76.72
TRJ_0670,20,51.11,22.9,0.98,460,10,80.26
TRJ_0670,24,51.11,22.9,0.98,550,12,83.48
TRJ_0671,0,16.62,29.6,1.28,0,0,16.62
TRJ_0671,4,16.62,29.6,1.28,135,1,41.08
TRJ_0671,8,16.62,29.6,1.28,266,3,57.96
TRJ_0671,12,16.62,29.6,1.28,398,4,70.07
TRJ_0671,16,16.62,29.6,1.28,501,5,77.04
TRJ_0671,20,16.62,29.6,1.28,609,7,82.6
TRJ_0671,24,16.62,29.6,1.28,733,10,87.34
TRJ_0672,0,23.1,6.2,0.95,0,0,23.1
TRJ_0672,4,23.1,6.2,0.95,27,3,27.08
TRJ_0672,8,23.1,6.2,0.95,55,5,30.92
TRJ_0672,12,23.1,6.2,0.95,79,8,34.09
TRJ_0672,16,23.1,6.2,0.95,104,10,37.22
TRJ_0672,20,23.1,6.2,0.95,127,13,39.98
TRJ_0672,24,23.1,6.2,0.95,150,15,42.57
TRJ_0673,0,52.18,23.0,0.83,0,0,52.18
TRJ_0673,4,52.18,23.0,0.83,85,2,58.48
TRJ_0673,8,52.18,23.0,0.83,183,5,64.71
TRJ_0673,12,52.18,23.0,0.83,272,6,69.57
TRJ_0673,16,52.18,23.0,0.83,363,9,73.87
TRJ_0673,20,52.18,23.0,0.83,463,11,77.89
TRJ_0673,24,52.18,23.0,0.83,560,13,81.18
TRJ_0674,0,52.84,25.7,0.86,0,0,52.84
TRJ_0674,4,52.84,25.7,0.86,104,1,60.59
TRJ_0674,8,52.84,25.7,0.86,199,4,66.57
TRJ_0674,12,52.84,25.7,0.86,296,5,71.71
TRJ_0674,16,52.84,25.7,0.86,406,7,76.6
TRJ_0674,20,52.84,25.7,0.86,505,8,80.27
TRJ_0674,24,52.84,25.7,0.86,607,9,83.45
TRJ_0675,0,41.83,15.3,0.96,0,0,41.83
TRJ_0675,4,41.83,15.3,0.96,58,1,48.0
TRJ_0675,8,41.83,15.3,0.96,118,4,53.69
TRJ_0675,12,41.83,15.3,0.96,184,5,59.24
TRJ_0675,16,41.83,15.3,0.96,246,6,63.88
TRJ_0675,20,41.83,15.3,0.96,299,9,67.39
TRJ_0675,24,41.83,15.3,0.96,352,11,70.59
TRJ_0676,0,15.52,10.1,0.83,0,0,15.52
TRJ_0676,4,15.52,10.1,0.83,35,1,20.32
TRJ_0676,8,15.52,10.1,0.83,77,2,25.77
TRJ_0676,12,15.52,10.1,0.83,119,4,30.86
TRJ_0676,16,15.52,10.1,0.83,159,7,35.38
TRJ_0676,20,15.52,10.1,0.83,201,10,39.75
TRJ_0676,24,15.52,10.1,0.83,246,12,44.1
TRJ_0677,0,24.32,16.3,0.95,0,0,24.32
TRJ_0677,4,24.32,16.3,0.95,71,1,33.93
TRJ_0677,8,24.32,16.3,0.95,132,4,41.21
TRJ_0677,12,24.32,16.3,0.95,194,5,47.82
TRJ_0677,16,24.32,16.3,0.95,253,6,53.37
TRJ_0677,20,24.32,16.3,0.95,309,8,58.08
TRJ_0677,24,24.32,16.3,0.95,381,9,63.5
TRJ_0678,0,47.27,24.9,0.86,0,0,47.27
TRJ_0678,4,47.27,24.9,0.86,88,1,54.73
TRJ_0678,8,47.27,24.9,0.86,190,3,62.06
TRJ_0678,12,47.27,24.9,0.86,288,6,67.99
TRJ_0678,16,47.27,24.9,0.86,379,8,72.67
TRJ_0678,20,47.27,24.9,0.86,486,11,77.3
TRJ_0678,24,47.27,24.9,0.86,575,13,80.52
TRJ_0679,0,47.89,28.4,1.15,0,0,47.89
TRJ_0679,4,47.89,28.4,1.15,119,1,60.41
TRJ_0679,8,47.89,28.4,1.15,227,4,69.15
TRJ_0679,12,47.89,28.4,1.15,329,7,75.62
TRJ_0679,16,47.89,28.4,1.15,433,8,80.81
TRJ_0679,20,47.89,28.4,1.15,541,11,85.05
TRJ_0679,24,47.89,28.4,1.15,653,14,88.45
TRJ_0680,0,51.36,15.8,1.25,0,0,51.36
TRJ_0680,4,51.36,15.8,1.25,58,3,57.96
TRJ_0680,8,51.36,15.8,1.25,127,4,64.63
TRJ_0680,12,51.36,15.8,1.25,192,5,70.0
TRJ_0680,16,51.36,15.8,1.25,249,6,74.01
TRJ_0680,20,51.36,15.8,1.25,305,7,77.41
TRJ_0680,24,51.36,15.8,1.25,358,10,80.25
TRJ_0681,0,28.56,11.2,1.27,0,0,28.56
TRJ_0681,4,28.56,11.2,1.27,48,1,36.77
TRJ_0681,8,28.56,11.2,1.27,87,4,42.77
TRJ_0681,12,28.56,11.2,1.27,134,6,49.31
TRJ_0681,16,28.56,11.2,1.27,175,8,54.39
TRJ_0681,20,28.56,11.2,1.27,223,11,59.71
TRJ_0681,24,28.56,11.2,1.27,267,14,63.99
TRJ_0682,0,23.68,26.0,1.28,0,0,23.68
TRJ_0682,4,23.68,26.0,1.28,103,2,41.47
TRJ_0682,8,23.68,26.0,1.28,204,4,54.82
TRJ_0682,12,23.68,26.0,1.28,312,7,65.79
TRJ_0682,16,23.68,26.0,1.28,408,9,73.25
TRJ_0682,20,23.68,26.0,1.28,525,12,80.2
TRJ_0682,24,23.68,26.0,1.28,633,15,85.0
TRJ_0683,0,44.46,24.7,1.18,0,0,44.46
TRJ_0683,4,44.46,24.7,1.18,106,3,56.77
TRJ_0683,8,44.46,24.7,1.18,198,6,65.23
TRJ_0683,12,44.46,24.7,1.18,301,8,72.77
TRJ_0683,16,44.46,24.7,1.18,403,11,78.6
TRJ_0683,20,44.46,24.7,1.18,514,12,83.54
TRJ_0683,24,44.46,24.7,1.18,620,15,87.18
TRJ_0684,0,37.38,28.1,1.22,0,0,37.38
TRJ_0684,4,37.38,28.1,1.22,105,2,51.58
TRJ_0684,8,37.38,28.1,1.22,231,4,64.46
TRJ_0684,12,37.38,28.1,1.22,342,7,72.9
TRJ_0684,16,37.38,28.1,1.22,446,10,79.02
TRJ_0684,20,37.38,28.1,1.22,547,12,83.61
TRJ_0684,24,37.38,28.1,1.22,665,15,87.73
TRJ_0685,0,40.77,20.0,1.2,0,0,40.77
TRJ_0685,4,40.77,20.0,1.2,91,2,52.46
TRJ_0685,8,40.77,20.0,1.2,162,4,59.92
TRJ_0685,12,40.77,20.0,1.2,249,5,67.54
TRJ_0685,16,40.77,20.0,1.2,334,7,73.55
TRJ_0685,20,40.77,20.0,1.2,413,8,78.12
TRJ_0685,24,40.77,20.0,1.2,489,10,81.78
TRJ_0686,0,39.93,23.1,1.0,0,0,39.93
TRJ_0686,4,39.93,23.1,1.0,85,3,49.38
TRJ_0686,8,39.93,23.1,1.0,183,6,58.43
TRJ_0686,12,39.93,23.1,1.0,265,9,64.73
TRJ_0686,16,39.93,23.1,1.0,348,12,70.17
TRJ_0686,20,39.93,23.1,1.0,443,15,75.34
TRJ_0686,24,39.93,23.1,1.0,534,17,79.45
TRJ_0687,0,39.32,25.2,1.18,0,0,39.32
TRJ_0687,4,39.32,25.2,1.18,103,3,52.45
TRJ_0687,8,39.32,25.2,1.18,214,6,63.48
TRJ_0687,12,39.32,25.2,1.18,309,7,70.85
TRJ_0687,16,39.32,25.2,1.18,410,8,77.06
TRJ_0687,20,39.32,25.2,1.18,515,10,82.11
TRJ_0687,24,39.32,25.2,1.18,614,11,85.84
TRJ_0688,0,51.79,29.5,0.7,0,0,51.79
TRJ_0688,4,51.79,29.5,0.7,129,2,59.76
TRJ_0688,8,51.79,29.5,0.7,264,4,66.72
TRJ_0688,12,51.79,29.5,0.7,394,5,72.29
TRJ_0688,16,51.79,29.5,0.7,525,7,76.96
TRJ_0688,20,51.79,29.5,0.7,656,10,80.83
TRJ_0688,24,51.79,29.5,0.7,759,11,83.4
TRJ_0689,0,21.85,13.6,0.83,0,0,21.85
TRJ_0689,4,21.85,13.6,0.83,54,2,28.67
TRJ_0689,8,21.85,13.6,0.83,104,4,34.4
TRJ_0689,12,21.85,13.6,0.83,152,5,39.52
TRJ_0689,16,21.85,13.6,0.83,201,8,44.27
TRJ_0689,20,21.85,13.6,0.83,259,10,49.42
TRJ_0689,24,21.85,13.6,0.83,308,11,53.38
TRJ_0690,0,34.91,27.4,1.03,0,0,34.91
TRJ_0690,4,34.91,27.4,1.03,99,1,46.98
TRJ_0690,8,34.91,27.4,1.03,206,2,57.48
TRJ_0690,12,34.91,27.4,1.03,322,4,66.54
TRJ_0690,16,34.91,27.4,1.03,432,7,73.35
TRJ_0690,20,34.91,27.4,1.03,550,8,79.11
TRJ_0690,24,34.91,27.4,1.03,646,10,82.87
TRJ_0691,0,28.59,9.0,1.26,0,0,28.59
TRJ_0691,4,28.59,9.0,1.26,32,2,34.28
TRJ_0691,8,28.59,9.0,1.26,71,4,40.47
TRJ_0691,12,28.59,9.0,1.26,103,7,45.17
TRJ_0691,16,28.59,9.0,1.26,143,10,50.47
TRJ_0691,20,28.59,9.0,1.26,174,13,54.26
TRJ_0691,24,28.59,9.0,1.26,207,16,58.0
TRJ_0692,0,20.27,13.1,1.01,0,0,20.27
TRJ_0692,4,20.27,13.1,1.01,59,2,29.34
TRJ_0692,8,20.27,13.1,1.01,108,4,36.07
TRJ_0692,12,20.27,13.1,1.01,156,7,42.03
TRJ_0692,16,20.27,13.1,1.01,210,8,48.09
TRJ_0692,20,20.27,13.1,1.01,259,11,53.04
TRJ_0692,24,20.27,13.1,1.01,308,14,57.52
TRJ_0693,0,53.41,10.4,0.77,0,0,53.41
TRJ_0693,4,53.41,10.4,0.77,46,2,56.64
TRJ_0693,8,53.41,10.4,0.77,89,3,59.44
TRJ_0693,12,53.41,10.4,0.77,132,6,62.06
TRJ_0693,16,53.41,10.4,0.77,176,8,64.55
TRJ_0693,20,53.41,10.4,0.77,216,10,66.69
TRJ_0693,24,53.41,10.4,0.77,257,12,68.77
TRJ_0694,0,45.43,18.9,1.06,0,0,45.43
TRJ_0694,4,45.43,18.9,1.06,85,1,54.5
TRJ_0694,8,45.43,18.9,1.06,158,3,61.07
TRJ_0694,12,45.43,18.9,1.06,229,5,66.53
TRJ_0694,16,45.43,18.9,1.06,295,8,70.94
TRJ_0694,20,45.43,18.9,1.06,361,11,74.76
TRJ_0694,24,45.43,18.9,1.06,435,12,78.43
TRJ_0695,0,27.51,18.0,0.73,0,0,27.51
TRJ_0695,4,27.51,18.0,0.73,75,2,35.12
TRJ_0695,8,27.51,18.0,0.73,136,5,40.67
TRJ_0695,12,27.51,18.0,0.73,197,7,45.76
TRJ_0695,16,27.51,18.0,0.73,260,10,50.55
TRJ_0695,20,27.51,18.0,0.73,321,13,54.82
TRJ_0695,24,27.51,18.0,0.73,388,15,59.05
TRJ_0696,0,49.28,8.8,1.2,0,0,49.28
TRJ_0696,4,49.28,8.8,1.2,35,3,53.45
TRJ_0696,8,49.28,8.8,1.2,66,6,56.82
TRJ_0696,12,49.28,8.8,1.2,105,7,60.72
TRJ_0696,16,49.28,8.8,1.2,140,9,63.91
TRJ_0696,20,49.28,8.8,1.2,175,11,66.9
TRJ_0696,24,49.28,8.8,1.2,210,14,69.61
TRJ_0697,0,49.05,25.1,0.76,0,0,49.05
TRJ_0697,4,49.05,25.1,0.76,104,3,56.5
TRJ_0697,8,49.05,25.1,0.76,218,4,63.46
TRJ_0697,12,49.05,25.1,0.76,323,7,68.88
TRJ_0697,16,49.05,25.1,0.76,434,8,73.72
TRJ_0697,20,49.05,25.1,0.76,525,9,77.14
TRJ_0697,24,49.05,25.1,0.76,630,11,80.53
TRJ_0698,0,41.94,7.3,0.93,0,0,41.94
TRJ_0698,4,41.94,7.3,0.93,28,3,44.92
TRJ_0698,8,41.94,7.3,0.93,59,5,48.04
TRJ_0698,12,41.94,7.3,0.93,88,6,50.83
TRJ_0698,16,41.94,7.3,0.93,114,8,53.18
TRJ_0698,20,41.94,7.3,0.93,141,11,55.54
TRJ_0698,24,41.94,7.3,0.93,166,12,57.57
TRJ_0699,0,28.7,5.8,1.29,0,0,28.7
TRJ_0699,4,28.7,5.8,1.29,25,3,33.2
TRJ_0699,8,28.7,5.8,1.29,51,5,37.6
TRJ_0699,12,28.7,5.8,1.29,73,7,41.17
TRJ_0699,16,28.7,5.8,1.29,95,9,44.45
TRJ_0699,20,28.7,5.8,1.29,121,11,48.13
TRJ_0699,24,28.7,5.8,1.29,146,13,51.45
TRJ_0700,0,42.77,14.0,0.85,0,0,42.77
TRJ_0700,4,42.77,14.0,0.85,55,1,47.96
TRJ_0700,8,42.77,14.0,0.85,106,4,52.32
TRJ_0700,12,42.77,14.0,0.85,156,7,56.25
TRJ_0700,16,42.77,14.0,0.85,208,10,60.02
TRJ_0700,20,42.77,14.0,0.85,257,13,63.24
TRJ_0700,24,42.77,14.0,0.85,312,15,66.58
TRJ_0701,0,47.24,28.7,0.95,0,0,47.24
TRJ_0701,4,47.24,28.7,0.95,130,1,58.84
TRJ_0701,8,47.24,28.7,0.95,251,2,67.36
TRJ_0701,12,47.24,28.7,0.95,350,4,72.98
TRJ_0701,16,47.24,28.7,0.95,462,6,78.16
TRJ_0701,20,47.24,28.7,0.95,592,7,82.96
TRJ_0701,24,47.24,28.7,0.95,698,9,86.07
TRJ_0702,0,18.57,12.2,1.06,0,0,18.57
TRJ_0702,4,18.57,12.2,1.06,53,1,27.31
TRJ_0702,8,18.57,12.2,1.06,101,3,34.42
TRJ_0702,12,18.57,12.2,1.06,151,6,41.1
TRJ_0702,16,18.57,12.2,1.06,205,9,47.53
TRJ_0702,20,18.57,12.2,1.06,255,10,52.87
TRJ_0702,24,18.57,12.2,1.06,304,11,57.54
TRJ_0703,0,17.33,21.7,1.03,0,0,17.33
TRJ_0703,4,17.33,21.7,1.03,95,1,32.08
TRJ_0703,8,17.33,21.7,1.03,182,2,43.28
TRJ_0703,12,17.33,21.7,1.03,263,5,52.01
TRJ_0703,16,17.33,21.7,1.03,341,6,59.17
TRJ_0703,20,17.33,21.7,1.03,432,9,66.19
TRJ_0703,24,17.33,21.7,1.03,517,12,71.66
TRJ_0704,0,41.22,25.7,0.89,0,0,41.22
TRJ_0704,4,41.22,25.7,0.89,106,2,51.39
TRJ_0704,8,41.22,25.7,0.89,222,5,60.47
TRJ_0704,12,41.22,25.7,0.89,315,6,66.55
TRJ_0704,16,41.22,25.7,0.89,428,9,72.69
TRJ_0704,20,41.22,25.7,0.89,520,11,76.85
TRJ_0704,24,41.22,25.7,0.89,618,13,80.57
TRJ_0705,0,32.17,20.0,0.81,0,0,32.17
TRJ_0705,4,32.17,20.0,0.81,79,3,40.39
TRJ_0705,8,32.17,20.0,0.81,169,5,48.53
TRJ_0705,12,32.17,20.0,0.81,245,8,54.5
TRJ_0705,16,32.17,20.0,0.81,318,11,59.59
TRJ_0705,20,32.17,20.0,0.81,387,14,63.88
TRJ_0705,24,32.17,20.0,0.81,471,17,68.52
TRJ_0706,0,35.14,18.2,1.29,0,0,35.14
TRJ_0706,4,35.14,18.2,1.29,67,3,45.47
TRJ_0706,8,35.14,18.2,1.29,147,5,55.66
TRJ_0706,12,35.14,18.2,1.29,212,8,62.57
TRJ_0706,16,35.14,18.2,1.29,283,9,68.91
TRJ_0706,20,35.14,18.2,1.29,359,10,74.45
TRJ_0706,24,35.14,18.2,1.29,439,11,79.24
TRJ_0707,0,43.92,20.6,0.71,0,0,43.92
TRJ_0707,4,43.92,20.6,0.71,83,1,50.22
TRJ_0707,8,43.92,20.6,0.71,162,3,55.51
TRJ_0707,12,43.92,20.6,0.71,255,6,61.07
TRJ_0707,16,43.92,20.6,0.71,333,8,65.15
TRJ_0707,20,43.92,20.6,0.71,405,9,68.57
TRJ_0707,24,43.92,20.6,0.71,478,12,71.69
TRJ_0708,0,42.63,15.3,0.94,0,0,42.63
TRJ_0708,4,42.63,15.3,0.94,58,3,48.65
TRJ_0708,8,42.63,15.3,0.94,127,4,54.95
TRJ_0708,12,42.63,15.3,0.94,181,5,59.35
TRJ_0708,16,42.63,15.3,0.94,248,8,64.2
TRJ_0708,20,42.63,15.3,0.94,315,10,68.48
TRJ_0708,24,42.63,15.3,0.94,379,13,72.06
TRJ_0709,0,25.57,20.5,0.74,0,0,25.57
TRJ_0709,4,25.57,20.5,0.74,92,3,35.11
TRJ_0709,8,25.57,20.5,0.74,178,4,42.87
TRJ_0709,12,25.57,20.5,0.74,251,7,48.74
TRJ_0709,16,25.57,20.5,0.74,339,9,55.06
TRJ_0709,20,25.57,20.5,0.74,416,12,59.92
TRJ_0709,24,25.57,20.5,0.74,486,15,63.9
TRJ_0710,0,24.26,21.2,1.09,0,0,24.26
TRJ_0710,4,24.26,21.2,1.09,96,1,38.61
TRJ_0710,8,24.26,21.2,1.09,177,2,48.62
TRJ_0710,12,24.26,21.2,1.09,268,3,57.95
TRJ_0710,16,24.26,21.2,1.09,352,4,65.02
TRJ_0710,20,24.26,21.2,1.09,443,7,71.32
TRJ_0710,24,24.26,21.2,1.09,527,9,76.16
TRJ_0711,0,33.71,14.6,0.72,0,0,33.71
TRJ_0711,4,33.71,14.6,0.72,64,2,39.58
TRJ_0711,8,33.71,14.6,0.72,124,3,44.64
TRJ_0711,12,33.71,14.6,0.72,182,5,49.08
TRJ_0711,16,33.71,14.6,0.72,241,8,53.24
TRJ_0711,20,33.71,14.6,0.72,294,10,56.69
TRJ_0711,24,33.71,14.6,0.72,360,13,60.63
TRJ_0712,0,25.77,5.0,1.06,0,0,25.77
TRJ_0712,4,25.77,5.0,1.06,21,1,29.14
TRJ_0712,8,25.77,5.0,1.06,41,2,32.2
TRJ_0712,12,25.77,5.0,1.06,59,4,34.83
TRJ_0712,16,25.77,5.0,1.06,78,6,37.47
TRJ_0712,20,25.77,5.0,1.06,99,8,40.22
TRJ_0712,24,25.77,5.0,1.06,120,11,42.84
TRJ_0713,0,33.34,5.1,1.04,0,0,33.34
TRJ_0713,4,33.34,5.1,1.04,20,1,36.06
TRJ_0713,8,33.34,5.1,1.04,39,4,38.57
TRJ_0713,12,33.34,5.1,1.04,60,7,41.29
TRJ_0713,16,33.34,5.1,1.04,79,9,43.65
TRJ_0713,20,33.34,5.1,1.04,99,12,46.03
TRJ_0713,24,33.34,5.1,1.04,117,13,48.05
TRJ_0714,0,20.62,16.7,0.79,0,0,20.62
TRJ_0714,4,20.62,16.7,0.79,75,3,29.53
TRJ_0714,8,20.62,16.7,0.79,142,6,36.65
TRJ_0714,12,20.62,16.7,0.79,209,7,43.09
TRJ_0714,16,20.62,16.7,0.79,279,8,49.1
TRJ_0714,20,20.62,16.7,0.79,346,10,54.22
TRJ_0714,24,20.62,16.7,0.79,415,12,58.97
TRJ_0715,0,24.96,10.5,0.74,0,0,24.96
TRJ_0715,4,24.96,10.5,0.74,41,3,29.42
TRJ_0715,8,24.96,10.5,0.74,82,5,33.59
TRJ_0715,12,24.96,10.5,0.74,129,8,38.06
TRJ_0715,16,24.96,10.5,0.74,166,11,41.4
TRJ_0715,20,24.96,10.5,0.74,209,14,45.06
TRJ_0715,24,24.96,10.5,0.74,247,16,48.12
TRJ_0716,0,47.22,8.8,0.74,0,0,47.22
TRJ_0716,4,47.22,8.8,0.74,33,2,49.78
TRJ_0716,8,47.22,8.8,0.74,71,4,52.54
TRJ_0716,12,47.22,8.8,0.74,103,6,54.74
TRJ_0716,16,47.22,8.8,0.74,135,7,56.9
TRJ_0716,20,47.22,8.8,0.74,171,9,59.18
TRJ_0716,24,47.22,8.8,0.74,204,10,61.16
TRJ_0717,0,40.76,23.3,0.85,0,0,40.76
TRJ_0717,4,40.76,23.3,0.85,91,3,49.31
TRJ_0717,8,40.76,23.3,0.85,177,4,56.24
TRJ_0717,12,40.76,23.3,0.85,276,6,63.05
TRJ_0717,16,40.76,23.3,0.85,369,7,68.48
TRJ_0717,20,40.76,23.3,0.85,450,9,72.54
TRJ_0717,24,40.76,23.3,0.85,550,12,76.84
TRJ_0718,0,46.6,12.0,1.08,0,0,46.6
TRJ_0718,4,46.6,12.0,1.08,54,3,52.53
TRJ_0718,8,46.6,12.0,1.08,99,5,57.0
TRJ_0718,12,46.6,12.0,1.08,152,8,61.68
TRJ_0718,16,46.6,12.0,1.08,206,10,65.94
TRJ_0718,20,46.6,12.0,1.08,253,11,69.28
TRJ_0718,24,46.6,12.0,1.08,297,12,72.08
TRJ_0719,0,21.13,17.5,1.24,0,0,21.13
TRJ_0719,4,21.13,17.5,1.24,73,2,34.24
TRJ_0719,8,21.13,17.5,1.24,148,4,45.49
TRJ_0719,12,21.13,17.5,1.24,216,5,54.04
TRJ_0719,16,21.13,17.5,1.24,282,7,60.99
TRJ_0719,20,21.13,17.5,1.24,361,8,68.01
TRJ_0719,24,21.13,17.5,1.24,424,10,72.7
TRJ_0720,0,52.43,27.2,0.77,0,0,52.43
TRJ_0720,4,52.43,27.2,0.77,102,2,59.35
TRJ_0720,8,52.43,27.2,0.77,221,5,66.19
TRJ_0720,12,52.43,27.2,0.77,323,6,71.13
TRJ_0720,16,52.43,27.2,0.77,433,8,75.66
TRJ_0720,20,52.43,27.2,0.77,544,10,79.48
TRJ_0720,24,52.43,27.2,0.77,660,11,82.84
TRJ_0721,0,52.72,5.4,1.26,0,0,52.72
TRJ_0721,4,52.72,5.4,1.26,23,3,55.47
TRJ_0721,8,52.72,5.4,1.26,42,4,57.56
TRJ_0721,12,52.72,5.4,1.26,64,6,59.93
TRJ_0721,16,52.72,5.4,1.26,86,8,62.16
TRJ_0721,20,52.72,5.4,1.26,106,10,64.03
TRJ_0721,24,52.72,5.4,1.26,129,13,66.09
TRJ_0722,0,49.89,11.2,1.2,0,0,49.89
TRJ_0722,4,49.89,11.2,1.2,48,3,55.37
TRJ_0722,8,49.89,11.2,1.2,87,6,59.37
TRJ_0722,12,49.89,11.2,1.2,134,9,63.73
TRJ_0722,16,49.89,11.2,1.2,174,12,67.07
TRJ_0722,20,49.89,11.2,1.2,214,14,70.14
TRJ_0722,24,49.89,11.2,1.2,253,17,72.85
TRJ_0723,0,44.13,28.5,0.87,0,0,44.13
TRJ_0723,4,44.13,28.5,0.87,114,3,54.2
TRJ_0723,8,44.13,28.5,0.87,227,6,62.43
TRJ_0723,12,44.13,28.5,0.87,324,8,68.27
TRJ_0723,16,44.13,28.5,0.87,431,10,73.69
TRJ_0723,20,44.13,28.5,0.87,535,12,78.05
TRJ_0723,24,44.13,28.5,0.87,632,14,81.47
TRJ_0724,0,20.5,19.1,1.12,0,0,20.5
TRJ_0724,4,20.5,19.1,1.12,87,2,34.7
TRJ_0724,8,20.5,19.1,1.12,168,4,45.55
TRJ_0724,12,20.5,19.1,1.12,235,7,53.14
TRJ_0724,16,20.5,19.1,1.12,310,9,60.4
TRJ_0724,20,20.5,19.1,1.12,390,11,66.91
TRJ_0724,24,20.5,19.1,1.12,466,13,72.11
TRJ_0725,0,27.49,6.4,0.94,0,0,27.49
TRJ_0725,4,27.49,6.4,0.94,24,1,30.74
TRJ_0725,8,27.49,6.4,0.94,52,2,34.33
TRJ_0725,12,27.49,6.4,0.94,75,4,37.12
TRJ_0725,16,27.49,6.4,0.94,104,5,40.48
TRJ_0725,20,27.49,6.4,0.94,132,6,43.55
TRJ_0725,24,27.49,6.4,0.94,155,9,46.01
TRJ_0726,0,16.39,16.7,1.09,0,0,16.39
TRJ_0726,4,16.39,16.7,1.09,62,1,27.11
TRJ_0726,8,16.39,16.7,1.09,119,4,35.63
TRJ_0726,12,16.39,16.7,1.09,194,7,45.45
TRJ_0726,16,16.39,16.7,1.09,257,10,52.51
TRJ_0726,20,16.39,16.7,1.09,332,11,59.71
TRJ_0726,24,16.39,16.7,1.09,395,13,64.9
TRJ_0727,0,40.6,19.7,1.19,0,0,40.6
TRJ_0727,4,40.6,19.7,1.19,88,1,51.88
TRJ_0727,8,40.6,19.7,1.19,165,4,60.02
TRJ_0727,12,40.6,19.7,1.19,242,6,66.72
TRJ_0727,16,40.6,19.7,1.19,327,9,72.88
TRJ_0727,20,40.6,19.7,1.19,397,11,77.05
TRJ_0727,24,40.6,19.7,1.19,470,12,80.71
TRJ_0728,0,19.75,12.5,1.03,0,0,19.75
TRJ_0728,4,19.75,12.5,1.03,52,3,28.02
TRJ_0728,8,19.75,12.5,1.03,98,5,34.61
TRJ_0728,12,19.75,12.5,1.03,151,7,41.38
TRJ_0728,16,19.75,12.5,1.03,199,10,46.98
TRJ_0728,20,19.75,12.5,1.03,252,11,52.53
TRJ_0728,24,19.75,12.5,1.03,302,14,57.22
TRJ_0729,0,49.71,26.2,0.96,0,0,49.71
TRJ_0729,4,49.71,26.2,0.96,114,3,59.63
TRJ_0729,8,49.71,26.2,0.96,221,4,67.14
TRJ_0729,12,49.71,26.2,0.96,317,6,72.71
TRJ_0729,16,49.71,26.2,0.96,409,8,77.16
TRJ_0729,20,49.71,26.2,0.96,499,9,80.8
TRJ_0729,24,49.71,26.2,0.96,595,12,84.06
TRJ_0730,0,18.32,9.7,0.95,0,0,18.32
TRJ_0730,4,18.32,9.7,0.95,34,3,23.55
TRJ_0730,8,18.32,9.7,0.95,75,4,29.34
TRJ_0730,12,18.32,9.7,0.95,108,5,33.65
TRJ_0730,16,18.32,9.7,0.95,151,6,38.95
TRJ_0730,20,18.32,9.7,0.95,188,8,43.14
TRJ_0730,24,18.32,9.7,0.95,222,11,46.72
TRJ_0731,0,15.35,27.9,0.98,0,0,15.35
TRJ_0731,4,15.35,27.9,0.98,124,2,33.62
TRJ_0731,8,15.35,27.9,0.98,237,4,46.81
TRJ_0731,12,15.35,27.9,0.98,335,6,56.18
TRJ_0731,16,15.35,27.9,0.98,451,9,65.14
TRJ_0731,20,15.35,27.9,0.98,570,10,72.42
TRJ_0731,24,15.35,27.9,0.98,682,12,77.87
TRJ_0732,0,26.2,25.9,0.76,0,0,26.2
TRJ_0732,4,26.2,25.9,0.76,104,3,37.06
TRJ_0732,8,26.2,25.9,0.76,218,6,47.08
TRJ_0732,12,26.2,25.9,0.76,318,8,54.57
TRJ_0732,16,26.2,25.9,0.76,418,10,61.0
TRJ_0732,20,26.2,25.9,0.76,515,11,66.35
TRJ_0732,24,26.2,25.9,0.76,614,12,71.07
TRJ_0733,0,28.6,14.1,0.75,0,0,28.6
TRJ_0733,4,28.6,14.1,0.75,53,2,34.09
TRJ_0733,8,28.6,14.1,0.75,116,4,40.11
TRJ_0733,12,28.6,14.1,0.75,170,7,44.8
TRJ_0733,16,28.6,14.1,0.75,233,9,49.84
TRJ_0733,20,28.6,14.1,0.75,281,10,53.36
TRJ_0733,24,28.6,14.1,0.75,339,13,57.29
TRJ_0734,0,30.74,13.7,1.04,0,0,30.74
TRJ_0734,4,30.74,13.7,1.04,48,1,37.38
TRJ_0734,8,30.74,13.7,1.04,106,4,44.56
TRJ_0734,12,30.74,13.7,1.04,166,5,51.08
TRJ_0734,16,30.74,13.7,1.04,213,6,55.65
TRJ_0734,20,30.74,13.7,1.04,262,8,59.96
TRJ_0734,24,30.74,13.7,1.04,310,9,63.8
TRJ_0735,0,52.56,22.3,0.87,0,0,52.56
TRJ_0735,4,52.56,22.3,0.87,78,3,58.61
TRJ_0735,8,52.56,22.3,0.87,171,5,64.84
TRJ_0735,12,52.56,22.3,0.87,249,7,69.31
TRJ_0735,16,52.56,22.3,0.87,349,10,74.23
TRJ_0735,20,52.56,22.3,0.87,431,12,77.69
TRJ_0735,24,52.56,22.3,0.87,513,15,80.69
TRJ_0736,0,33.37,28.6,0.93,0,0,33.37
TRJ_0736,4,33.37,28.6,0.93,109,1,45.6
TRJ_0736,8,33.37,28.6,0.93,226,3,56.27
TRJ_0736,12,33.37,28.6,0.93,356,4,65.71
TRJ_0736,16,33.37,28.6,0.93,461,5,71.83
TRJ_0736,20,33.37,28.6,0.93,588,7,77.75
TRJ_0736,24,33.37,28.6,0.93,702,8,82.01
TRJ_0737,0,46.52,14.2,0.97,0,0,46.52
TRJ_0737,4,46.52,14.2,0.97,54,1,51.92
TRJ_0737,8,46.52,14.2,0.97,111,4,56.96
TRJ_0737,12,46.52,14.2,0.97,162,5,61.01
TRJ_0737,16,46.52,14.2,0.97,224,7,65.46
TRJ_0737,20,46.52,14.2,0.97,278,10,68.95
TRJ_0737,24,46.52,14.2,0.97,331,12,72.03
TRJ_0738,0,48.53,10.4,1.14,0,0,48.53
TRJ_0738,4,48.53,10.4,1.14,39,1,52.97
TRJ_0738,8,48.53,10.4,1.14,81,2,57.32
TRJ_0738,12,48.53,10.4,1.14,122,3,61.2
TRJ_0738,16,48.53,10.4,1.14,164,4,64.79
TRJ_0738,20,48.53,10.4,1.14,206,6,68.05
TRJ_0738,24,48.53,10.4,1.14,249,9,71.1
TRJ_0739,0,33.71,17.3,1.16,0,0,33.71
TRJ_0739,4,33.71,17.3,1.16,63,1,42.75
TRJ_0739,8,33.71,17.3,1.16,137,4,51.89
TRJ_0739,12,33.71,17.3,1.16,195,7,58.04
TRJ_0739,16,33.71,17.3,1.16,265,9,64.4
TRJ_0739,20,33.71,17.3,1.16,332,10,69.58
TRJ_0739,24,33.71,17.3,1.16,403,13,74.26
TRJ_0740,0,34.55,24.7,0.82,0,0,34.55
TRJ_0740,4,34.55,24.7,0.82,91,2,43.72
TRJ_0740,8,34.55,24.7,0.82,192,5,52.32
TRJ_0740,12,34.55,24.7,0.82,282,8,58.92
TRJ_0740,16,34.55,24.7,0.82,393,9,65.82
TRJ_0740,20,34.55,24.7,0.82,502,11,71.43
TRJ_0740,24,34.55,24.7,0.82,608,13,76.01
TRJ_0741,0,45.08,21.2,1.14,0,0,45.08
TRJ_0741,4,45.08,21.2,1.14,72,2,53.49
TRJ_0741,8,45.08,21.2,1.14,158,4,61.85
TRJ_0741,12,45.08,21.2,1.14,236,6,68.12
TRJ_0741,16,45.08,21.2,1.14,310,7,73.1
TRJ_0741,20,45.08,21.2,1.14,406,8,78.43
TRJ_0741,24,45.08,21.2,1.14,502,9,82.68
TRJ_0742,0,51.24,21.2,0.7,0,0,51.24
TRJ_0742,4,51.24,21.2,0.7,79,1,56.38
TRJ_0742,8,51.24,21.2,0.7,151,4,60.6
TRJ_0742,12,51.24,21.2,0.7,231,5,64.79
TRJ_0742,16,51.24,21.2,0.7,310,6,68.51
TRJ_0742,20,51.24,21.2,0.7,396,9,72.11
TRJ_0742,24,51.24,21.2,0.7,471,12,74.91
TRJ_0743,0,27.94,27.5,0.84,0,0,27.94
TRJ_0743,4,27.94,27.5,0.84,109,1,40.08
TRJ_0743,8,27.94,27.5,0.84,206,3,49.12
TRJ_0743,12,27.94,27.5,0.84,324,6,58.3
TRJ_0743,16,27.94,27.5,0.84,420,7,64.52
TRJ_0743,20,27.94,27.5,0.84,519,10,69.96
TRJ_0743,24,27.94,27.5,0.84,645,12,75.69
TRJ_0744,0,26.87,5.3,0.84,0,0,26.87
TRJ_0744,4,26.87,5.3,0.84,20,3,29.38
TRJ_0744,8,26.87,5.3,0.84,41,4,31.83
TRJ_0744,12,26.87,5.3,0.84,61,6,34.15
TRJ_0744,16,26.87,5.3,0.84,79,8,36.2
TRJ_0744,20,26.87,5.3,0.84,98,9,38.23
TRJ_0744,24,26.87,5.3,0.84,120,11,40.5
TRJ_0745,0,53.92,23.7,1.16,0,0,53.92
TRJ_0745,4,53.92,23.7,1.16,93,3,62.86
TRJ_0745,8,53.92,23.7,1.16,183,5,69.92
TRJ_0745,12,53.92,23.7,1.16,286,7,76.33
TRJ_0745,16,53.92,23.7,1.16,386,10,81.24
TRJ_0745,20,53.92,23.7,1.16,479,13,84.9
TRJ_0745,24,53.92,23.7,1.16,581,15,88.08
TRJ_0746,0,17.86,6.6,1.13,0,0,17.86
TRJ_0746,4,17.86,6.6,1.13,30,3,23.28
TRJ_0746,8,17.86,6.6,1.13,53,5,27.28
TRJ_0746,12,17.86,6.6,1.13,82,7,32.04
TRJ_0746,16,17.86,6.6,1.13,112,8,36.52
TRJ_0746,20,17.86,6.6,1.13,135,10,39.76
TRJ_0746,24,17.86,6.6,1.13,161,12,43.2
TRJ_0747,0,32.41,10.4,0.96,0,0,32.41
TRJ_0747,4,32.41,10.4,0.96,45,2,38.1
TRJ_0747,8,32.41,10.4,0.96,91,5,43.42
TRJ_0747,12,32.41,10.4,0.96,130,7,47.55
TRJ_0747,16,32.41,10.4,0.96,168,8,51.25
TRJ_0747,20,32.41,10.4,0.96,209,11,55.02
TRJ_0747,24,32.41,10.4,0.96,248,12,58.27
TRJ_0748,0,36.43,20.6,1.18,0,0,36.43
TRJ_0748,4,36.43,20.6,1.18,86,1,48.13
TRJ_0748,8,36.43,20.6,1.18,169,4,57.38
TRJ_0748,12,36.43,20.6,1.18,255,7,65.27
TRJ_0748,16,36.43,20.6,1.18,330,10,70.94
TRJ_0748,20,36.43,20.6,1.18,423,13,76.67
TRJ_0748,24,36.43,20.6,1.18,509,14,80.96
TRJ_0749,0,48.84,10.4,1.11,0,0,48.84
TRJ_0749,4,48.84,10.4,1.11,35,2,52.73
TRJ_0749,8,48.84,10.4,1.11,72,3,56.48
TRJ_0749,12,48.84,10.4,1.11,109,4,59.92
TRJ_0749,16,48.84,10.4,1.11,155,5,63.84
TRJ_0749,20,48.84,10.4,1.11,196,8,67.0
TRJ_0749,24,48.84,10.4,1.11,239,11,70.06
TRJ_0750,0,53.99,26.9,1.07,0,0,53.99
TRJ_0750,4,53.99,26.9,1.07,99,3,62.83
TRJ_0750,8,53.99,26.9,1.07,195,6,69.77
TRJ_0750,12,53.99,26.9,1.07,308,8,76.29
TRJ_0750,16,53.99,26.9,1.07,410,10,80.96
TRJ_0750,20,53.99,26.9,1.07,515,13,84.79
TRJ_0750,24,53.99,26.9,1.07,628,14,88.07
TRJ_0751,0,47.14,18.9,1.21,0,0,47.14
TRJ_0751,4,47.14,18.9,1.21,83,2,56.8
TRJ_0751,8,47.14,18.9,1.21,159,5,64.12
TRJ_0751,12,47.14,18.9,1.21,225,7,69.43
TRJ_0751,16,47.14,18.9,1.21,304,9,74.8
TRJ_0751,20,47.14,18.9,1.21,376,12,78.87
TRJ_0751,24,47.14,18.9,1.21,457,15,82.67
TRJ_0752,0,17.95,16.4,0.95,0,0,17.95
TRJ_0752,4,17.95,16.4,0.95,59,3,26.71
TRJ_0752,8,17.95,16.4,0.95,125,6,35.43
TRJ_0752,12,17.95,16.4,0.95,191,8,43.06
TRJ_0752,16,17.95,16.4,0.95,256,9,49.69
TRJ_0752,20,17.95,16.4,0.95,318,12,55.3
TRJ_0752,24,17.95,16.4,0.95,391,15,61.15
TRJ_0753,0,46.46,26.1,0.87,0,0,46.46
TRJ_0753,4,46.46,26.1,0.87,118,1,56.46
TRJ_0753,8,46.46,26.1,0.87,216,4,63.34
TRJ_0753,12,46.46,26.1,0.87,307,7,68.77
TRJ_0753,16,46.46,26.1,0.87,421,9,74.4
TRJ_0753,20,46.46,26.1,0.87,510,11,78.11
TRJ_0753,24,46.46,26.1,0.87,629,12,82.21
TRJ_0754,0,19.59,8.5,0.72,0,0,19.59
TRJ_0754,4,19.59,8.5,0.72,30,2,22.99
TRJ_0754,8,19.59,8.5,0.72,61,3,26.38
TRJ_0754,12,19.59,8.5,0.72,98,4,30.2
TRJ_0754,16,19.59,8.5,0.72,127,5,33.06
TRJ_0754,20,19.59,8.5,0.72,164,6,36.59
TRJ_0754,24,19.59,8.5,0.72,195,9,39.44
TRJ_0755,0,50.58,15.4,1.12,0,0,50.58
TRJ_0755,4,50.58,15.4,1.12,55,1,56.31
TRJ_0755,8,50.58,15.4,1.12,117,4,62.01
TRJ_0755,12,50.58,15.4,1.12,175,5,66.67
TRJ_0755,16,50.58,15.4,1.12,232,8,70.68
TRJ_0755,20,50.58,15.4,1.12,296,11,74.65
TRJ_0755,24,50.58,15.4,1.12,365,14,78.28
TRJ_0756,0,40.38,27.1,0.93,0,0,40.38
TRJ_0756,4,40.38,27.1,0.93,113,2,51.75
TRJ_0756,8,40.38,27.1,0.93,208,3,59.59
TRJ_0756,12,40.38,27.1,0.93,331,6,67.86
TRJ_0756,16,40.38,27.1,0.93,446,7,74.06
TRJ_0756,20,40.38,27.1,0.93,555,8,78.84
TRJ_0756,24,40.38,27.1,0.93,675,11,83.08
TRJ_0757,0,43.51,16.1,1.04,0,0,43.51
TRJ_0757,4,43.51,16.1,1.04,65,1,50.71
TRJ_0757,8,43.51,16.1,1.04,132,2,57.17
TRJ_0757,12,43.51,16.1,1.04,201,3,62.93
TRJ_0757,16,43.51,16.1,1.04,263,5,67.43
TRJ_0757,20,43.51,16.1,1.04,332,7,71.82
TRJ_0757,24,43.51,16.1,1.04,392,10,75.13
TRJ_0758,0,30.18,14.3,0.75,0,0,30.18
TRJ_0758,4,30.18,14.3,0.75,51,2,35.41
TRJ_0758,8,30.18,14.3,0.75,116,4,41.45
TRJ_0758,12,30.18,14.3,0.75,173,5,46.27
TRJ_0758,16,30.18,14.3,0.75,225,7,50.34
TRJ_0758,20,30.18,14.3,0.75,280,10,54.28
TRJ_0758,24,30.18,14.3,0.75,336,12,57.98
TRJ_0759,0,33.85,16.0,1.17,0,0,33.85
TRJ_0759,4,33.85,16.0,1.17,61,3,42.69
TRJ_0759,8,33.85,16.0,1.17,126,5,50.86
TRJ_0759,12,33.85,16.0,1.17,189,6,57.61
TRJ_0759,16,33.85,16.0,1.17,252,8,63.45
TRJ_0759,20,33.85,16.0,1.17,324,11,69.15
TRJ_0759,24,33.85,16.0,1.17,384,14,73.23
TRJ_0760,0,20.25,14.5,0.78,0,0,20.25
TRJ_0760,4,20.25,14.5,0.78,63,3,27.78
TRJ_0760,8,20.25,14.5,0.78,116,5,33.55
TRJ_0760,12,20.25,14.5,0.78,175,6,39.4
TRJ_0760,16,20.25,14.5,0.78,227,8,44.18
TRJ_0760,20,20.25,14.5,0.78,277,9,48.39
TRJ_0760,24,20.25,14.5,0.78,331,12,52.63
TRJ_0761,0,54.69,29.4,0.98,0,0,54.69
TRJ_0761,4,54.69,29.4,0.98,113,2,63.72
TRJ_0761,8,54.69,29.4,0.98,247,5,72.12
TRJ_0761,12,54.69,29.4,0.98,362,7,77.76
TRJ_0761,16,54.69,29.4,0.98,462,8,81.74
TRJ_0761,20,54.69,29.4,0.98,595,11,85.95
TRJ_0761,24,54.69,29.4,0.98,724,12,89.1
TRJ_0762,0,42.53,26.6,0.79,0,0,42.53
TRJ_0762,4,42.53,26.6,0.79,97,1,50.75
TRJ_0762,8,42.53,26.6,0.79,190,2,57.49
TRJ_0762,12,42.53,26.6,0.79,309,5,64.83
TRJ_0762,16,42.53,26.6,0.79,409,7,70.01
TRJ_0762,20,42.53,26.6,0.79,529,9,75.2
TRJ_0762,24,42.53,26.6,0.79,634,12,79.02
TRJ_0763,0,43.92,23.8,0.88,0,0,43.92
TRJ_0763,4,43.92,23.8,0.88,93,1,52.46
TRJ_0763,8,43.92,23.8,0.88,199,3,60.6
TRJ_0763,12,43.92,23.8,0.88,302,5,67.15
TRJ_0763,16,43.92,23.8,0.88,399,6,72.31
TRJ_0763,20,43.92,23.8,0.88,491,9,76.48
TRJ_0763,24,43.92,23.8,0.88,599,10,80.58
TRJ_0764,0,16.65,24.2,1.05,0,0,16.65
TRJ_0764,4,16.65,24.2,1.05,109,2,33.72
TRJ_0764,8,16.65,24.2,1.05,212,3,46.71
TRJ_0764,12,16.65,24.2,1.05,298,6,55.56
TRJ_0764,16,16.65,24.2,1.05,403,9,64.37
TRJ_0764,20,16.65,24.2,1.05,494,10,70.61
TRJ_0764,24,16.65,24.2,1.05,586,11,75.78
TRJ_0765,0,34.53,20.9,0.71,0,0,34.53
TRJ_0765,4,34.53,20.9,0.71,95,2,42.8
TRJ_0765,8,34.53,20.9,0.71,181,5,49.44
TRJ_0765,12,34.53,20.9,0.71,262,8,54.96
TRJ_0765,16,34.53,20.9,0.71,349,10,60.22
TRJ_0765,20,34.53,20.9,0.71,437,13,64.9
TRJ_0765,24,34.53,20.9,0.71,508,16,68.29
TRJ_0766,0,19.14,19.0,0.94,0,0,19.14
TRJ_0766,4,19.14,19.0,0.94,75,2,29.82
TRJ_0766,8,19.14,19.0,0.94,144,4,38.41
TRJ_0766,12,19.14,19.0,0.94,229,5,47.6
TRJ_0766,16,19.14,19.0,0.94,301,7,54.28
TRJ_0766,20,19.14,19.0,0.94,366,9,59.61
TRJ_0766,24,19.14,19.0,0.94,445,10,65.2
TRJ_0767,0,38.27,19.5,0.74,0,0,38.27
TRJ_0767,4,38.27,19.5,0.74,84,1,45.51
TRJ_0767,8,38.27,19.5,0.74,158,4,51.17
TRJ_0767,12,38.27,19.5,0.74,246,5,57.17
TRJ_0767,16,38.27,19.5,0.74,326,7,62.0
TRJ_0767,20,38.27,19.5,0.74,408,9,66.35
TRJ_0767,24,38.27,19.5,0.74,487,12,70.11
TRJ_0768,0,33.09,13.5,0.8,0,0,33.09
TRJ_0768,4,33.09,13.5,0.8,55,3,38.82
TRJ_0768,8,33.09,13.5,0.8,117,4,44.6
TRJ_0768,12,33.09,13.5,0.8,169,5,49.06
TRJ_0768,16,33.09,13.5,0.8,218,7,52.97
TRJ_0768,20,33.09,13.5,0.8,276,9,57.2
TRJ_0768,24,33.09,13.5,0.8,337,10,61.18
TRJ_0769,0,54.43,26.4,1.01,0,0,54.43
TRJ_0769,4,54.43,26.4,1.01,116,2,64.01
TRJ_0769,8,54.43,26.4,1.01,208,5,70.12
TRJ_0769,12,54.43,26.4,1.01,323,7,76.33
TRJ_0769,16,54.43,26.4,1.01,415,10,80.37
TRJ_0769,20,54.43,26.4,1.01,524,13,84.25
TRJ_0769,24,54.43,26.4,1.01,624,15,87.14
TRJ_0770,0,37.42,12.6,0.73,0,0,37.42
TRJ_0770,4,37.42,12.6,0.73,54,1,42.23
TRJ_0770,8,37.42,12.6,0.73,98,2,45.88
TRJ_0770,12,37.42,12.6,0.73,150,3,49.85
TRJ_0770,16,37.42,12.6,0.73,197,5,53.2
TRJ_0770,20,37.42,12.6,0.73,249,6,56.65
TRJ_0770,24,37.42,12.6,0.73,298,9,59.66
TRJ_0771,0,50.02,23.2,0.85,0,0,50.02
TRJ_0771,4,50.02,23.2,0.85,105,3,58.24
TRJ_0771,8,50.02,23.2,0.85,190,6,63.92
TRJ_0771,12,50.02,23.2,0.85,273,7,68.68
TRJ_0771,16,50.02,23.2,0.85,379,8,73.85
TRJ_0771,20,50.02,23.2,0.85,460,11,77.22
TRJ_0771,24,50.02,23.2,0.85,548,13,80.41
TRJ_0772,0,40.3,28.8,0.87,0,0,40.3
TRJ_0772,4,40.3,28.8,0.87,120,2,51.6
TRJ_0772,8,40.3,28.8,0.87,218,3,59.24
TRJ_0772,12,40.3,28.8,0.87,340,5,67.07
TRJ_0772,16,40.3,28.8,0.87,469,8,73.72
TRJ_0772,20,40.3,28.8,0.87,572,9,78.05
TRJ_0772,24,40.3,28.8,0.87,696,11,82.34
TRJ_0773,0,35.02,20.0,1.12,0,0,35.02
TRJ_0773,4,35.02,20.0,1.12,84,1,46.28
TRJ_0773,8,35.02,20.0,1.12,163,4,55.03
TRJ_0773,12,35.02,20.0,1.12,242,5,62.33
TRJ_0773,16,35.02,20.0,1.12,316,7,68.15
TRJ_0773,20,35.02,20.0,1.12,387,9,72.89
TRJ_0773,24,35.02,20.0,1.12,475,11,77.76
TRJ_0774,0,48.05,26.5,1.29,0,0,48.05
TRJ_0774,4,48.05,26.5,1.29,101,2,60.02
TRJ_0774,8,48.05,26.5,1.29,205,4,69.45
TRJ_0774,12,48.05,26.5,1.29,324,7,77.54
TRJ_0774,16,48.05,26.5,1.29,420,10,82.48
TRJ_0774,20,48.05,26.5,1.29,529,13,86.78
TRJ_0774,24,48.05,26.5,1.29,640,16,90.1
TRJ_0775,0,45.0,26.0,0.86,0,0,45.0
TRJ_0775,4,45.0,26.0,0.86,107,3,54.25
TRJ_0775,8,45.0,26.0,0.86,224,4,62.63
TRJ_0775,12,45.0,26.0,0.86,340,7,69.42
TRJ_0775,16,45.0,26.0,0.86,446,9,74.55
TRJ_0775,20,45.0,26.0,0.86,542,11,78.46
TRJ_0775,24,45.0,26.0,0.86,646,14,82.01
TRJ_0776,0,29.21,22.1,1.05,0,0,29.21
TRJ_0776,4,29.21,22.1,1.05,79,1,40.05
TRJ_0776,8,29.21,22.1,1.05,164,3,49.93
TRJ_0776,12,29.21,22.1,1.05,264,4,59.45
TRJ_0776,16,29.21,22.1,1.05,360,5,66.86
TRJ_0776,20,29.21,22.1,1.05,446,7,72.34
TRJ_0776,24,29.21,22.1,1.05,544,9,77.49
TRJ_0777,0,34.24,17.2,1.19,0,0,34.24
TRJ_0777,4,34.24,17.2,1.19,73,3,44.81
TRJ_0777,8,34.24,17.2,1.19,131,6,52.01
TRJ_0777,12,34.24,17.2,1.19,197,7,59.04
TRJ_0777,16,34.24,17.2,1.19,255,9,64.37
TRJ_0777,20,34.24,17.2,1.19,324,12,69.83
TRJ_0777,24,34.24,17.2,1.19,391,14,74.31
TRJ_0778,0,25.02,29.7,0.78,0,0,25.02
TRJ_0778,4,25.02,29.7,0.78,132,3,39.03
TRJ_0778,8,25.02,29.7,0.78,266,5,50.57
TRJ_0778,12,25.02,29.7,0.78,398,7,59.8
TRJ_0778,16,25.02,29.7,0.78,515,10,66.51
TRJ_0778,20,25.02,29.7,0.78,650,12,72.9
TRJ_0778,24,25.02,29.7,0.78,751,13,76.86
TRJ_0779,0,26.97,8.5,0.79,0,0,26.97
TRJ_0779,4,26.97,8.5,0.79,36,3,31.06
TRJ_0779,8,26.97,8.5,0.79,67,5,34.42
TRJ_0779,12,26.97,8.5,0.79,99,7,37.75
TRJ_0779,16,26.97,8.5,0.79,134,9,41.1
TRJ_0779,20,26.97,8.5,0.79,170,12,44.44
TRJ_0779,24,26.97,8.5,0.79,201,13,47.16
TRJ_0780,0,48.2,18.4,1.12,0,0,48.2
TRJ_0780,4,48.2,18.4,1.12,77,2,56.49
TRJ_0780,8,48.2,18.4,1.12,159,4,63.82
TRJ_0780,12,48.2,18.4,1.12,239,7,69.8
TRJ_0780,16,48.2,18.4,1.12,320,10,74.86
TRJ_0780,20,48.2,18.4,1.12,397,12,78.86
TRJ_0780,24,48.2,18.4,1.12,462,15,81.74
TRJ_0781,0,21.23,25.6,1.08,0,0,21.23
TRJ_0781,4,21.23,25.6,1.08,87,3,34.86
TRJ_0781,8,21.23,25.6,1.08,178,5,46.6
TRJ_0781,12,21.23,25.6,1.08,291,7,58.25
TRJ_0781,16,21.23,25.6,1.08,395,10,66.68
TRJ_0781,20,21.23,25.6,1.08,485,11,72.6
TRJ_0781,24,21.23,25.6,1.08,573,12,77.38
TRJ_0782,0,54.98,12.4,1.1,0,0,54.98
TRJ_0782,4,54.98,12.4,1.1,47,1,59.41
TRJ_0782,8,54.98,12.4,1.1,100,4,63.91
TRJ_0782,12,54.98,12.4,1.1,155,5,68.08
TRJ_0782,16,54.98,12.4,1.1,204,8,71.35
TRJ_0782,20,54.98,12.4,1.1,259,9,74.65
TRJ_0782,24,54.98,12.4,1.1,305,12,77.12
TRJ_0783,0,42.18,9.0,0.85,0,0,42.18
TRJ_0783,4,42.18,9.0,0.85,39,1,45.93
TRJ_0783,8,42.18,9.0,0.85,79,3,49.55
TRJ_0783,12,42.18,9.0,0.85,117,6,52.73
TRJ_0783,16,42.18,9.0,0.85,149,9,55.26
TRJ_0783,20,42.18,9.0,0.85,179,11,57.55
TRJ_0783,24,42.18,9.0,0.85,210,13,59.76
TRJ_0784,0,28.11,13.3,0.73,0,0,28.11
TRJ_0784,4,28.11,13.3,0.73,60,3,34.23
TRJ_0784,8,28.11,13.3,0.73,114,5,39.22
TRJ_0784,12,28.11,13.3,0.73,160,8,43.17
TRJ_0784,16,28.11,13.3,0.73,216,10,47.63
TRJ_0784,20,28.11,13.3,0.73,275,11,51.96
TRJ_0784,24,28.11,13.3,0.73,324,12,55.3
TRJ_0785,0,46.99,27.2,0.78,0,0,46.99
TRJ_0785,4,46.99,27.2,0.78,105,3,55.07
TRJ_0785,8,46.99,27.2,0.78,200,5,61.29
TRJ_0785,12,46.99,27.2,0.78,293,6,66.52
TRJ_0785,16,46.99,27.2,0.78,410,7,72.13
TRJ_0785,20,46.99,27.2,0.78,505,10,75.97
TRJ_0785,24,46.99,27.2,0.78,615,13,79.77
TRJ_0786,0,34.51,17.1,1.24,0,0,34.51
TRJ_0786,4,34.51,17.1,1.24,70,2,44.97
TRJ_0786,8,34.51,17.1,1.24,147,4,54.62
TRJ_0786,12,34.51,17.1,1.24,220,7,62.16
TRJ_0786,16,34.51,17.1,1.24,287,10,68.03
TRJ_0786,20,34.51,17.1,1.24,347,13,72.5
TRJ_0786,24,34.51,17.1,1.24,417,15,76.89
TRJ_0787,0,42.67,28.8,0.88,0,0,42.67
TRJ_0787,4,42.67,28.8,0.88,132,1,54.59
TRJ_0787,8,42.67,28.8,0.88,232,3,61.92
TRJ_0787,12,42.67,28.8,0.88,337,5,68.36
TRJ_0787,16,42.67,28.8,0.88,468,6,74.9
TRJ_0787,20,42.67,28.8,0.88,580,8,79.4
TRJ_0787,24,42.67,28.8,0.88,712,10,83.67
TRJ_0788,0,54.56,12.5,0.98,0,0,54.56
TRJ_0788,4,54.56,12.5,0.98,45,1,58.45
TRJ_0788,8,54.56,12.5,0.98,99,4,62.68
TRJ_0788,12,54.56,12.5,0.98,143,7,65.81
TRJ_0788,16,54.56,12.5,0.98,187,10,68.69
TRJ_0788,20,54.56,12.5,0.98,241,12,71.87
TRJ_0788,24,54.56,12.5,0.98,295,13,74.7
TRJ_0789,0,46.67,10.2,1.13,0,0,46.67
TRJ_0789,4,46.67,10.2,1.13,39,1,51.23
TRJ_0789,8,46.67,10.2,1.13,81,2,55.71
TRJ_0789,12,46.67,10.2,1.13,118,3,59.28
TRJ_0789,16,46.67,10.2,1.13,163,6,63.3
TRJ_0789,20,46.67,10.2,1.13,204,7,66.61
TRJ_0789,24,46.67,10.2,1.13,247,8,69.77
TRJ_0790,0,32.5,26.3,0.93,0,0,32.5
TRJ_0790,4,32.5,26.3,0.93,98,1,43.82
TRJ_0790,8,32.5,26.3,0.93,218,4,55.09
TRJ_0790,12,32.5,26.3,0.93,322,7,63.05
TRJ_0790,16,32.5,26.3,0.93,422,8,69.35
TRJ_0790,20,32.5,26.3,0.93,529,11,74.88
TRJ_0790,24,32.5,26.3,0.93,644,12,79.74
TRJ_0791,0,35.66,18.0,1.01,0,0,35.66
TRJ_0791,4,35.66,18.0,1.01,71,1,44.34
TRJ_0791,8,35.66,18.0,1.01,147,4,52.29
TRJ_0791,12,35.66,18.0,1.01,226,7,59.34
TRJ_0791,16,35.66,18.0,1.01,300,9,65.03
TRJ_0791,20,35.66,18.0,1.01,368,10,69.53
TRJ_0791,24,35.66,18.0,1.01,446,12,74.0
TRJ_0792,0,19.12,14.5,1.2,0,0,19.12
TRJ_0792,4,19.12,14.5,1.2,61,1,30.26
TRJ_0792,8,19.12,14.5,1.2,127,4,40.5
TRJ_0792,12,19.12,14.5,1.2,182,5,47.97
TRJ_0792,16,19.12,14.5,1.2,242,6,54.99
TRJ_0792,20,19.12,14.5,1.2,305,8,61.32
TRJ_0792,24,19.12,14.5,1.2,363,10,66.36
TRJ_0793,0,26.83,7.9,0.83,0,0,26.83
TRJ_0793,4,26.83,7.9,0.83,27,3,30.08
TRJ_0793,8,26.83,7.9,0.83,56,6,33.41
TRJ_0793,12,26.83,7.9,0.83,83,7,36.43
TRJ_0793,16,26.83,7.9,0.83,110,9,39.24
TRJ_0793,20,26.83,7.9,0.83,140,12,42.23
TRJ_0793,24,26.83,7.9,0.83,171,13,45.16
TRJ_0794,0,38.5,25.5,0.73,0,0,38.5
TRJ_0794,4,38.5,25.5,0.73,89,1,46.07
TRJ_0794,8,38.5,25.5,0.73,188,4,53.33
TRJ_0794,12,38.5,25.5,0.73,293,7,59.98
TRJ_0794,16,38.5,25.5,0.73,386,8,65.07
TRJ_0794,20,38.5,25.5,0.73,479,9,69.51
TRJ_0794,24,38.5,25.5,0.73,566,11,73.17
TRJ_0795,0,38.22,19.1,1.01,0,0,38.22
TRJ_0795,4,38.22,19.1,1.01,86,1,48.11
TRJ_0795,8,38.22,19.1,1.01,161,2,55.5
TRJ_0795,12,38.22,19.1,1.01,244,4,62.39
TRJ_0795,16,38.22,19.1,1.01,317,6,67.58
TRJ_0795,20,38.22,19.1,1.01,399,7,72.56
TRJ_0795,24,38.22,19.1,1.01,482,9,76.83
TRJ_0796,0,16.66,8.0,1.23,0,0,16.66
TRJ_0796,4,16.66,8.0,1.23,31,2,22.93
TRJ_0796,8,16.66,8.0,1.23,65,4,29.18
TRJ_0796,12,16.66,8.0,1.23,98,5,34.72
TRJ_0796,16,16.66,8.0,1.23,130,6,39.79
TRJ_0796,20,16.66,8.0,1.23,158,9,43.84
TRJ_0796,24,16.66,8.0,1.23,185,12,47.5
TRJ_0797,0,39.09,29.6,1.08,0,0,39.09
TRJ_0797,4,39.09,29.6,1.08,126,2,53.68
TRJ_0797,8,39.09,29.6,1.08,228,4,62.9
TRJ_0797,12,39.09,29.6,1.08,360,5,72.15
TRJ_0797,16,39.09,29.6,1.08,483,8,78.67
TRJ_0797,20,39.09,29.6,1.08,609,10,83.77
TRJ_0797,24,39.09,29.6,1.08,740,11,87.78
TRJ_0798,0,41.57,8.3,1.04,0,0,41.57
TRJ_0798,4,41.57,8.3,1.04,29,2,45.1
TRJ_0798,8,41.57,8.3,1.04,65,4,49.1
TRJ_0798,12,41.57,8.3,1.04,96,6,52.36
TRJ_0798,16,41.57,8.3,1.04,125,9,55.17
TRJ_0798,20,41.57,8.3,1.04,157,11,58.14
TRJ_0798,24,41.57,8.3,1.04,190,14,60.92
TRJ_0799,0,52.7,7.2,0.85,0,0,52.7
TRJ_0799,4,52.7,7.2,0.85,31,3,55.17
TRJ_0799,8,52.7,7.2,0.85,57,5,57.16
TRJ_0799,12,52.7,7.2,0.85,89,7,59.46
TRJ_0799,16,52.7,7.2,0.85,116,10,61.31
TRJ_0799,20,52.7,7.2,0.85,147,13,63.34
TRJ_0799,24,52.7,7.2,0.85,177,16,65.17
TRJ_0800,0,25.71,17.8,0.93,0,0,25.71
TRJ_0800,4,25.71,17.8,0.93,79,2,35.98
TRJ_0800,8,25.71,17.8,0.93,159,4,44.9
TRJ_0800,12,25.71,17.8,0.93,240,6,52.68
TRJ_0800,16,25.71,17.8,0.93,319,8,59.17
TRJ_0800,20,25.71,17.8,0.93,399,11,64.83
TRJ_0800,24,25.71,17.8,0.93,473,13,69.36
