student_id,degree,institution_tier,gpa,target_career_id,career_skill_match_pct,total_skills_count,avg_skill_proficiency,core_cs_score,projects_count,avg_project_complexity,certifications_count,assessments_passed_pct,weekly_study_hours,learning_velocity_index,readiness_score,is_job_ready
STU_00001,BCA / MCA,1,8.35,CR005,40.18,9,1.73,34.1,0,1.9,0,24.7,4.9,0.62,25.24,0
STU_00002,BCA / MCA,3,7.11,CR009,36.58,9,1.59,30.8,1,1.9,0,21.4,7.6,0.67,26.67,0
STU_00003,B.Tech Computer Science,1,7.01,CR004,77.85,18,3.35,71.4,2,3.0,3,57.0,13.4,1.06,70.55,0
STU_00004,B.Tech Information Technology,3,10.0,CR009,63.79,16,2.57,52.6,3,2.5,3,52.7,8.3,1.25,58.92,0
STU_00005,B.S. Data Science,3,6.19,CR001,97.25,20,4.08,79.9,4,4.5,5,75.1,19.6,1.51,89.87,1
STU_00006,B.S. Data Science,2,8.17,CR004,93.9,19,4.56,81.7,7,4.8,3,95.6,21.3,2.04,92.64,1
STU_00007,B.Tech Computer Science,2,9.24,CR006,88.8,20,3.69,73.8,5,4.0,2,76.4,23.9,1.75,80.34,1
STU_00008,BCA / MCA,2,8.65,CR002,98.78,19,4.67,100.0,8,4.8,3,93.7,19.3,1.82,96.26,1
STU_00009,M.S. Computer Science,2,8.59,CR010,79.45,17,3.25,73.6,5,4.5,3,81.4,24.6,1.78,82.31,1
STU_00010,BCA / MCA,1,8.76,CR004,94.81,14,3.94,86.1,3,4.1,3,79.4,22.9,1.71,87.33,1
STU_00011,B.Tech Computer Science,2,6.61,CR008,76.97,20,3.06,60.9,3,2.8,1,65.6,8.9,1.02,65.43,0
STU_00012,B.S. Data Science,2,6.03,CR005,86.22,16,3.99,74.6,3,4.3,3,79.2,24.5,1.67,85.94,1
STU_00013,M.S. Computer Science,3,6.23,CR003,74.87,17,2.87,56.1,3,2.6,3,59.4,14.3,1.2,66.74,0
STU_00014,BCA / MCA,2,8.85,CR006,93.52,22,4.45,83.9,3,4.4,3,87.1,17.1,1.39,88.32,1
STU_00015,B.Tech Computer Science,3,7.46,CR007,67.29,17,2.58,54.4,2,2.5,3,72.6,8.9,1.13,63.61,0
STU_00016,BCA / MCA,2,8.76,CR008,61.12,9,2.4,53.6,4,2.6,2,74.7,11.7,1.15,61.12,0
STU_00017,B.Tech Information Technology,2,8.24,CR004,89.49,20,3.3,63.6,5,4.5,5,78.4,24.6,1.31,87.81,1
STU_00018,M.S. Computer Science,2,8.43,CR004,93.08,19,4.35,89.2,6,4.9,6,96.2,31.3,2.04,96.67,1
STU_00019,B.Tech Computer Science,3,6.56,CR002,49.75,4,2.03,39.3,0,1.5,1,23.4,8.0,0.81,37.62,0
STU_00020,M.S. Computer Science,1,8.02,CR007,69.77,12,3.24,60.2,3,3.0,3,65.6,16.6,1.38,66.0,0
STU_00021,B.S. Data Science,3,7.68,CR001,90.38,20,3.39,72.1,3,4.1,4,82.6,21.6,1.32,89.21,1
STU_00022,BCA / MCA,2,5.1,CR005,62.06,12,2.32,42.9,3,2.9,1,59.4,8.2,1.13,57.06,0
STU_00023,BCA / MCA,3,9.9,CR005,90.71,21,4.34,87.0,6,5.0,3,94.1,21.3,1.66,92.6,1
STU_00024,BCA / MCA,2,8.03,CR009,60.02,17,2.75,61.5,2,3.2,2,57.0,15.7,1.07,56.25,0
STU_00025,B.Tech Information Technology,2,8.38,CR009,97.75,22,4.52,96.3,7,4.6,6,91.5,31.0,2.1,96.96,1
STU_00026,B.Tech Computer Science,1,9.23,CR006,83.15,18,3.79,72.5,5,4.2,3,79.5,22.2,1.55,80.92,1
STU_00027,B.Tech Computer Science,2,8.71,CR010,88.07,20,4.02,82.0,5,4.7,6,95.6,30.3,1.81,91.47,1
STU_00028,B.Tech Computer Science,3,8.72,CR009,91.94,18,3.98,66.8,4,4.2,5,89.2,15.7,1.59,90.51,1
STU_00029,M.S. Computer Science,1,7.63,CR009,94.65,13,3.92,85.0,6,3.8,3,80.0,18.4,1.57,88.75,1
STU_00030,M.S. Computer Science,3,7.62,CR004,94.37,15,4.14,80.4,6,4.2,4,83.9,14.7,1.67,96.24,1
STU_00031,B.Tech Electronics,3,8.83,CR008,28.55,12,1.0,17.4,0,1.3,0,26.9,8.0,0.61,20.57,0
STU_00032,B.S. Data Science,1,5.96,CR009,52.48,11,2.0,41.1,0,2.2,0,30.3,5.6,0.75,39.3,0
STU_00033,B.Tech Computer Science,3,5.92,CR001,51.41,8,1.8,28.0,0,1.4,1,24.2,9.0,0.99,38.9,0
STU_00034,B.Tech Computer Science,2,6.12,CR005,83.46,17,4.07,71.3,4,4.4,3,79.5,20.2,1.54,86.33,1
STU_00035,BCA / MCA,3,8.58,CR010,75.13,17,2.85,62.9,2,3.4,2,56.8,13.9,1.14,68.07,0
STU_00036,B.Tech Electronics,1,7.95,CR002,84.23,20,3.25,67.7,5,4.4,5,79.5,24.2,1.79,84.01,1
STU_00037,B.Tech Electronics,2,9.39,CR001,90.59,14,3.3,67.7,3,4.3,2,88.3,20.8,1.42,79.02,1
STU_00038,B.Tech Electronics,3,8.55,CR002,54.07,9,2.38,49.9,0,2.2,1,22.7,6.5,0.95,40.88,0
STU_00039,B.Tech Information Technology,2,6.88,CR005,70.68,18,2.99,59.4,2,2.8,2,55.6,13.4,1.24,62.47,0
STU_00040,M.S. Computer Science,1,8.56,CR009,90.69,18,3.44,70.1,3,4.5,3,82.4,19.3,1.6,86.8,1
STU_00041,B.Tech Information Technology,2,6.9,CR008,33.53,7,1.43,16.7,1,2.2,0,45.0,7.0,0.6,29.89,0
STU_00042,B.Tech Information Technology,2,8.25,CR007,54.46,10,2.03,50.0,3,2.9,2,67.7,8.7,1.23,57.11,0
STU_00043,B.Tech Electronics,2,7.69,CR009,91.19,19,3.9,70.8,6,4.3,3,81.0,17.0,1.79,88.23,1
STU_00044,B.Tech Information Technology,2,9.17,CR001,69.39,13,2.78,49.8,4,2.7,1,53.1,14.9,1.17,65.1,0
STU_00045,BCA / MCA,2,8.77,CR001,78.58,12,3.09,58.0,4,2.5,3,58.2,13.2,1.04,72.7,0
STU_00046,B.Tech Information Technology,1,7.58,CR009,48.41,7,1.72,27.1,0,1.8,0,41.9,4.5,0.62,35.71,0
STU_00047,M.S. Computer Science,1,8.51,CR004,74.84,10,3.08,61.0,4,3.1,1,58.6,11.7,1.4,68.82,0
STU_00048,M.S. Computer Science,2,5.34,CR010,39.45,8,1.4,32.1,2,1.2,1,31.7,9.8,0.7,39.67,0
STU_00049,B.S. Data Science,2,8.74,CR006,28.81,7,1.29,21.1,1,1.3,0,21.1,8.4,0.87,24.99,0
STU_00050,BCA / MCA,2,7.95,CR008,81.29,16,3.31,76.8,2,3.1,1,62.9,12.9,1.27,68.83,0
STU_00051,B.Tech Electronics,2,8.02,CR010,93.17,20,3.89,79.8,5,5.0,4,94.9,27.5,1.73,96.0,1
STU_00052,M.S. Computer Science,2,8.43,CR006,84.62,17,4.54,86.6,4,4.4,4,81.5,23.0,1.36,86.01,1
STU_00053,B.S. Data Science,1,5.05,CR009,85.37,14,3.04,70.4,3,4.1,4,80.7,18.4,1.59,86.22,1
STU_00054,BCA / MCA,1,8.65,CR003,61.39,11,2.39,43.5,2,3.0,3,53.0,9.8,1.27,61.5,0
STU_00055,M.S. Computer Science,1,6.43,CR005,77.1,10,3.19,70.0,4,2.9,2,70.6,12.2,1.27,67.16,0
STU_00056,B.Tech Information Technology,2,8.15,CR005,53.43,13,2.05,48.9,3,3.4,1,60.1,12.3,1.29,55.89,0
STU_00057,B.Tech Computer Science,2,5.61,CR005,35.19,12,1.16,25.3,1,2.0,0,49.8,8.0,0.82,28.7,0
STU_00058,BCA / MCA,3,7.88,CR003,90.2,19,4.34,81.7,6,4.2,2,84.4,15.0,1.68,86.98,1
STU_00059,B.Tech Computer Science,1,8.15,CR003,75.26,10,3.02,48.5,3,2.9,3,52.0,12.0,1.07,66.36,0
STU_00060,M.S. Computer Science,1,8.11,CR003,28.93,10,1.0,24.1,1,1.9,0,39.5,4.9,0.62,24.08,0
STU_00061,B.S. Data Science,2,5.82,CR004,88.99,16,3.69,84.3,5,4.4,5,86.5,14.1,1.51,89.53,1
STU_00062,M.S. Computer Science,3,9.06,CR004,89.52,15,4.03,72.6,4,4.0,5,87.6,14.4,1.75,83.29,1
STU_00063,B.Tech Computer Science,1,8.39,CR006,82.98,19,3.68,66.9,6,3.9,3,84.9,22.4,1.43,84.61,1
STU_00064,B.S. Data Science,1,8.41,CR002,64.84,15,2.6,55.3,2,3.0,2,60.8,12.4,1.25,60.29,0
STU_00065,B.Tech Information Technology,1,6.37,CR008,84.17,18,3.45,72.1,2,3.7,1,51.1,9.6,1.05,66.62,0
STU_00066,B.Tech Computer Science,2,8.33,CR007,68.04,15,2.58,52.9,2,2.5,2,56.2,15.3,1.4,62.44,0
STU_00067,B.S. Data Science,2,7.39,CR007,93.85,23,4.17,90.1,5,4.1,2,81.7,21.9,1.74,88.55,1
STU_00068,B.Tech Computer Science,3,9.24,CR005,24.6,12,1.34,24.8,1,1.1,0,30.0,8.7,0.88,23.74,0
STU_00069,B.Tech Computer Science,2,6.74,CR006,88.17,16,4.15,84.1,5,4.1,5,83.6,20.5,1.39,88.32,1
STU_00070,M.S. Computer Science,3,5.0,CR002,78.83,14,3.07,57.8,4,3.5,1,54.0,14.1,1.05,61.66,0
STU_00071,B.S. Data Science,1,8.77,CR007,34.17,7,1.54,26.1,2,2.3,0,20.7,8.0,0.99,33.7,0
STU_00072,B.S. Data Science,2,10.0,CR006,49.48,11,2.61,43.5,4,3.6,1,68.1,8.7,1.28,50.93,0
STU_00073,BCA / MCA,3,7.27,CR009,76.74,13,2.74,63.2,3,3.2,2,55.1,16.8,1.35,69.74,0
STU_00074,B.Tech Electronics,2,9.31,CR009,44.24,6,1.85,34.3,1,2.2,1,31.9,9.5,0.81,40.97,0
STU_00075,BCA / MCA,3,9.11,CR003,74.58,14,2.93,51.1,3,3.7,2,52.0,15.3,1.07,67.63,0
STU_00076,M.S. Computer Science,3,9.18,CR005,70.5,10,2.97,68.6,3,3.0,3,71.0,12.7,1.39,66.67,0
STU_00077,M.S. Computer Science,2,7.05,CR008,55.85,15,2.29,44.5,4,2.9,1,66.3,17.4,1.35,56.47,0
STU_00078,M.S. Computer Science,2,6.76,CR003,83.36,13,3.22,73.5,5,4.4,4,88.8,17.1,1.73,90.41,1
STU_00079,B.Tech Computer Science,3,7.69,CR004,95.59,16,4.36,91.1,4,3.8,3,83.7,24.9,1.73,87.21,1
STU_00080,B.Tech Information Technology,1,8.66,CR004,96.9,21,4.32,90.7,5,4.5,6,91.8,24.8,1.99,93.76,1
STU_00081,B.Tech Electronics,3,8.15,CR010,33.24,3,1.78,31.4,2,1.4,1,48.0,6.4,0.63,35.95,0
STU_00082,B.Tech Electronics,2,9.48,CR003,82.36,14,3.96,73.1,3,4.5,2,89.3,23.0,1.3,79.25,1
STU_00083,B.Tech Electronics,2,8.58,CR009,73.79,12,2.75,53.2,4,3.6,1,68.1,9.2,1.36,64.89,0
STU_00084,B.Tech Computer Science,2,9.38,CR008,91.3,21,4.38,89.3,5,4.5,5,87.9,24.1,1.52,91.11,1
STU_00085,M.S. Computer Science,3,7.57,CR009,61.84,14,2.87,46.1,4,2.9,2,66.9,14.1,1.15,57.13,0
STU_00086,B.Tech Information Technology,3,8.38,CR008,50.45,18,2.2,35.0,2,3.2,3,63.5,15.6,1.33,53.07,0
STU_00087,B.S. Data Science,3,9.01,CR009,73.43,17,2.66,54.7,2,2.8,2,59.9,8.4,1.19,63.76,0
STU_00088,B.Tech Electronics,1,7.0,CR005,39.46,2,1.6,30.3,1,1.8,1,34.8,7.5,0.95,35.1,0
STU_00089,M.S. Computer Science,1,7.37,CR003,46.96,7,1.82,28.3,2,2.1,0,40.8,4.8,0.72,33.71,0
STU_00090,BCA / MCA,2,7.59,CR007,50.56,14,2.09,47.0,4,3.6,2,73.7,8.7,1.38,57.33,0
STU_00091,B.Tech Electronics,1,9.3,CR007,56.08,13,2.16,43.8,4,3.7,3,62.6,12.5,1.23,60.44,0
STU_00092,B.Tech Computer Science,3,8.85,CR010,48.59,11,2.35,45.0,2,3.6,2,50.1,10.5,1.3,51.08,0
STU_00093,B.S. Data Science,3,7.16,CR007,64.21,13,2.51,48.8,4,3.0,3,65.8,15.0,1.0,67.46,0
STU_00094,M.S. Computer Science,3,7.45,CR008,51.44,12,1.95,43.4,1,1.3,1,39.7,6.8,0.95,40.71,0
STU_00095,B.Tech Computer Science,2,7.62,CR007,80.26,21,3.45,71.0,6,4.2,3,79.0,23.2,1.31,85.12,1
STU_00096,M.S. Computer Science,2,6.98,CR007,67.84,12,2.75,54.8,4,3.0,1,59.3,8.0,1.12,63.91,0
STU_00097,B.Tech Computer Science,2,8.41,CR003,87.7,21,3.8,89.3,4,3.9,2,87.2,21.0,1.49,79.69,1
STU_00098,B.S. Data Science,2,7.18,CR004,61.3,8,2.21,50.3,3,3.1,2,55.2,8.5,1.34,61.47,0
STU_00099,B.S. Data Science,3,8.19,CR007,62.05,9,2.85,56.7,2,2.5,2,50.2,11.6,1.37,57.21,0
STU_00100,B.Tech Computer Science,3,8.45,CR001,99.32,20,4.79,82.5,7,4.9,4,90.5,25.9,1.82,96.09,1
STU_00101,BCA / MCA,1,6.42,CR001,95.58,10,3.55,68.9,4,4.5,3,78.1,14.8,1.33,82.82,1
STU_00102,B.Tech Computer Science,2,6.98,CR004,27.7,4,1.11,22.1,2,2.1,0,49.0,5.3,0.87,32.85,0
STU_00103,M.S. Computer Science,3,8.52,CR008,88.34,16,3.77,66.8,5,4.4,3,86.4,15.1,1.56,81.34,1
STU_00104,M.S. Computer Science,2,8.96,CR002,92.15,16,4.05,80.2,4,4.6,4,82.4,18.2,1.38,90.26,1
STU_00105,B.Tech Computer Science,2,7.22,CR005,66.3,11,3.11,49.7,3,3.0,2,53.3,16.7,1.06,64.24,0
STU_00106,BCA / MCA,1,6.84,CR010,82.16,16,3.82,70.5,4,3.9,2,86.8,17.1,1.52,76.0,1
STU_00107,BCA / MCA,3,8.18,CR010,72.64,16,3.65,62.8,3,4.2,4,77.7,24.7,1.36,75.9,1
STU_00108,M.S. Computer Science,2,8.24,CR006,30.57,9,1.16,23.8,2,1.1,1,48.5,5.8,0.64,27.83,0
STU_00109,B.Tech Computer Science,3,8.95,CR008,38.42,13,1.39,29.9,1,1.0,1,37.5,5.5,0.78,32.75,0
STU_00110,BCA / MCA,1,9.53,CR003,86.01,13,3.79,76.8,5,4.4,5,76.4,16.2,1.74,84.46,1
STU_00111,B.Tech Electronics,2,7.84,CR010,59.69,15,2.68,50.5,2,3.7,1,64.6,13.4,1.11,51.85,0
STU_00112,B.S. Data Science,3,7.04,CR004,89.58,14,3.94,79.6,6,4.5,4,76.6,22.4,1.5,91.28,1
STU_00113,B.Tech Computer Science,2,7.52,CR006,50.38,8,2.25,37.7,0,1.5,1,30.6,7.0,0.98,40.58,0
STU_00114,B.S. Data Science,2,7.92,CR010,82.27,23,3.23,61.5,5,3.9,2,75.3,15.8,1.75,82.12,1
STU_00115,M.S. Computer Science,3,8.23,CR002,45.25,2,1.89,36.6,1,1.3,1,35.0,6.5,0.95,35.81,0
STU_00116,M.S. Computer Science,3,10.0,CR008,78.59,18,2.93,60.3,3,2.8,2,50.2,15.2,1.21,67.69,0
STU_00117,B.Tech Computer Science,1,8.73,CR004,80.89,20,3.64,69.3,2,2.6,2,66.2,8.7,1.15,69.93,0
STU_00118,BCA / MCA,2,8.49,CR008,76.11,15,3.18,55.3,3,2.7,2,66.8,14.2,1.3,64.95,0
STU_00119,BCA / MCA,2,7.08,CR006,83.94,13,3.9,69.6,5,4.0,4,78.2,18.7,1.75,83.01,1
STU_00120,B.S. Data Science,2,6.69,CR004,70.33,15,3.01,50.6,4,2.8,3,66.5,16.1,1.31,69.76,0
STU_00121,BCA / MCA,1,8.47,CR004,93.93,15,4.06,87.0,5,4.6,4,78.6,14.4,1.51,91.62,1
STU_00122,B.Tech Computer Science,3,7.57,CR005,46.91,12,1.9,29.0,0,1.3,1,49.9,9.9,0.86,36.82,0
STU_00123,B.Tech Computer Science,3,9.15,CR003,61.88,12,2.6,49.6,2,3.4,3,61.4,14.7,1.33,61.82,0
STU_00124,B.S. Data Science,2,8.68,CR003,56.97,12,2.55,53.4,3,3.6,1,72.2,10.0,1.29,55.4,0
STU_00125,B.Tech Computer Science,2,6.48,CR008,62.66,9,2.48,42.4,3,2.7,1,56.4,11.6,1.27,57.32,0
STU_00126,B.Tech Computer Science,2,6.87,CR008,47.07,9,1.27,30.8,0,1.5,1,44.7,4.3,0.77,40.91,0
STU_00127,B.Tech Electronics,1,9.17,CR001,36.66,6,1.52,26.5,2,2.3,1,32.2,6.0,0.78,35.65,0
STU_00128,B.Tech Computer Science,3,7.59,CR002,79.73,18,3.61,64.1,3,3.2,3,53.6,11.7,1.32,72.01,0
STU_00129,M.S. Computer Science,3,5.5,CR004,85.9,17,3.49,74.1,6,4.2,5,88.8,14.4,1.45,85.58,1
STU_00130,B.Tech Electronics,2,7.8,CR010,91.25,18,4.3,80.9,7,4.7,3,92.4,29.7,1.7,92.33,1
STU_00131,M.S. Computer Science,3,8.55,CR002,98.44,24,4.75,94.0,6,4.6,4,88.7,18.3,2.1,99.5,1
STU_00132,B.S. Data Science,2,8.94,CR003,40.57,7,2.1,39.6,2,2.5,0,29.4,6.0,0.63,35.65,0
STU_00133,B.Tech Information Technology,1,9.05,CR008,82.73,16,3.79,77.2,6,4.0,4,77.8,17.8,1.51,89.19,1
STU_00134,B.Tech Computer Science,2,9.9,CR005,90.0,20,3.96,85.8,6,4.1,2,79.9,14.1,1.71,85.82,1
STU_00135,BCA / MCA,2,5.7,CR005,74.79,13,3.32,68.6,4,3.8,5,85.4,19.0,1.41,76.69,1
STU_00136,B.Tech Computer Science,2,9.16,CR003,92.85,19,4.5,88.3,6,4.6,3,96.1,29.5,1.83,91.17,1
STU_00137,B.Tech Computer Science,1,8.05,CR005,58.53,12,2.39,51.1,4,3.2,2,60.1,16.3,1.33,61.05,0
STU_00138,B.Tech Electronics,1,8.92,CR005,84.55,16,3.85,72.9,5,4.2,5,86.0,24.5,1.41,81.46,1
STU_00139,B.Tech Electronics,1,6.57,CR001,96.77,17,4.02,73.2,5,4.0,4,87.7,19.3,1.56,94.86,1
STU_00140,B.Tech Computer Science,1,7.44,CR010,60.66,17,2.72,52.0,2,3.5,3,72.4,8.8,1.16,60.14,0
STU_00141,B.S. Data Science,2,7.76,CR003,68.8,14,2.77,48.5,4,3.0,2,74.3,13.4,1.11,63.31,0
STU_00142,B.S. Data Science,1,8.54,CR010,43.69,14,2.13,51.8,3,3.2,1,70.1,15.6,1.06,48.54,0
STU_00143,B.Tech Electronics,2,6.97,CR006,66.58,12,2.33,47.3,2,2.8,1,66.8,16.3,1.27,63.12,0
STU_00144,B.S. Data Science,2,5.78,CR008,73.38,19,3.18,61.2,3,3.6,3,55.0,17.3,1.28,74.09,0
STU_00145,B.Tech Computer Science,2,5.98,CR006,70.47,14,3.14,61.1,2,2.8,2,67.3,10.3,1.25,66.69,0
STU_00146,M.S. Computer Science,3,5.37,CR001,93.32,18,3.59,66.7,6,4.0,5,85.0,24.6,1.33,88.72,1
STU_00147,B.Tech Computer Science,1,9.11,CR006,64.86,13,3.03,72.1,3,2.5,3,68.2,11.2,1.27,65.84,0
STU_00148,B.Tech Electronics,3,6.87,CR004,63.35,16,2.87,55.8,2,3.3,2,59.7,10.4,1.04,59.71,0
STU_00149,B.Tech Electronics,3,9.74,CR008,53.26,11,1.49,44.7,2,1.3,0,20.8,5.7,0.78,40.14,0
STU_00150,BCA / MCA,1,6.88,CR009,42.8,14,1.87,34.0,1,2.3,0,44.3,7.5,0.89,35.53,0
STU_00151,B.Tech Information Technology,3,7.43,CR002,65.25,15,3.0,70.3,2,3.8,3,59.4,8.6,1.14,62.89,0
STU_00152,B.Tech Information Technology,2,5.82,CR005,71.2,8,2.45,51.7,3,2.7,2,59.8,9.6,1.29,62.29,0
STU_00153,B.Tech Electronics,3,9.97,CR004,61.59,11,2.18,50.2,2,3.7,2,68.9,13.9,1.33,59.52,0
STU_00154,B.Tech Information Technology,3,6.62,CR009,91.98,20,3.96,91.0,4,4.1,2,75.8,20.6,1.75,87.99,1
STU_00155,B.S. Data Science,3,8.43,CR007,59.77,13,2.92,54.1,4,2.7,2,51.5,14.0,1.31,59.5,0
STU_00156,B.Tech Computer Science,2,7.94,CR005,82.01,16,3.65,83.1,6,4.5,3,83.4,24.6,1.32,80.45,1
STU_00157,B.Tech Electronics,2,9.07,CR006,65.34,9,2.79,52.1,4,3.1,2,60.4,8.2,1.13,60.26,0
STU_00158,B.Tech Electronics,3,8.46,CR004,94.88,20,4.93,81.2,6,4.6,6,97.8,20.5,2.08,92.03,1
STU_00159,B.Tech Information Technology,3,9.45,CR007,35.81,2,1.22,23.9,2,1.7,1,36.6,7.4,0.68,33.1,0
STU_00160,BCA / MCA,3,8.89,CR007,57.5,8,2.29,40.4,4,3.3,3,73.5,9.7,1.19,58.68,0
STU_00161,B.Tech Information Technology,2,6.9,CR001,48.89,11,1.57,31.5,2,1.9,1,32.8,7.7,0.63,40.62,0
STU_00162,B.Tech Computer Science,3,9.07,CR008,47.96,12,1.54,38.0,1,1.4,0,42.7,8.6,0.73,33.34,0
STU_00163,BCA / MCA,1,7.85,CR003,33.37,7,1.6,31.9,1,2.0,1,42.4,5.4,0.76,33.28,0
STU_00164,M.S. Computer Science,2,6.55,CR002,91.77,20,3.84,77.4,6,4.3,4,82.7,15.3,1.46,90.15,1
STU_00165,BCA / MCA,3,7.63,CR008,90.71,21,3.63,83.6,3,4.5,2,80.8,15.9,1.72,83.9,1
STU_00166,B.Tech Information Technology,2,8.47,CR005,90.33,16,4.35,75.1,5,4.6,6,96.9,18.7,2.18,93.54,1
STU_00167,B.Tech Computer Science,3,7.63,CR002,69.89,14,3.14,60.6,4,3.2,2,53.5,17.8,1.1,62.41,0
STU_00168,B.Tech Computer Science,1,7.8,CR001,84.9,10,3.33,76.3,3,2.9,2,51.4,10.0,1.17,72.42,0
STU_00169,B.Tech Information Technology,2,7.78,CR007,61.86,16,2.64,54.0,2,3.8,1,68.9,10.5,1.22,55.17,0
STU_00170,B.Tech Information Technology,1,6.64,CR007,58.14,13,2.41,54.3,2,2.7,2,69.6,9.2,1.25,56.41,0
STU_00171,M.S. Computer Science,1,5.63,CR008,82.3,13,3.4,55.7,3,3.5,2,66.1,9.6,1.22,68.86,0
STU_00172,BCA / MCA,1,7.44,CR008,96.43,20,5.0,92.2,6,5.0,3,96.9,26.8,2.08,98.94,1
STU_00173,B.Tech Electronics,3,8.71,CR010,56.53,10,2.63,55.1,3,3.6,3,55.1,12.7,1.32,59.54,0
STU_00174,B.S. Data Science,2,8.53,CR005,36.16,4,1.48,32.8,1,2.3,1,36.6,7.2,0.68,35.86,0
STU_00175,B.Tech Computer Science,2,5.38,CR010,79.29,19,3.27,63.0,3,3.2,3,69.1,16.1,1.14,71.5,0
STU_00176,B.S. Data Science,1,9.93,CR007,74.77,14,3.29,64.3,4,3.0,3,65.9,9.9,1.3,67.68,0
STU_00177,BCA / MCA,3,7.99,CR010,85.71,21,3.98,81.6,5,4.3,3,86.0,22.5,1.79,86.0,1
STU_00178,M.S. Computer Science,3,7.44,CR004,70.79,17,2.64,48.8,4,2.7,2,67.7,13.4,1.25,65.9,0
STU_00179,BCA / MCA,3,7.9,CR003,74.76,16,3.03,61.5,4,3.7,3,69.1,13.9,1.08,74.29,0
STU_00180,B.Tech Computer Science,2,9.1,CR008,23.81,5,1.17,21.0,1,1.7,0,30.1,9.5,0.6,20.58,0
STU_00181,B.Tech Computer Science,3,6.72,CR006,76.32,14,3.48,67.0,4,3.8,3,87.5,15.3,1.32,77.14,1
STU_00182,B.Tech Information Technology,3,8.92,CR006,69.7,17,3.6,60.3,3,2.9,1,65.8,12.6,1.19,63.58,0
STU_00183,B.S. Data Science,3,6.99,CR008,98.14,19,4.63,94.1,7,5.0,5,93.8,19.8,1.95,99.5,1
STU_00184,B.Tech Computer Science,2,8.42,CR002,27.86,6,1.0,28.1,0,1.5,1,34.1,4.9,0.99,26.71,0
STU_00185,M.S. Computer Science,2,8.04,CR007,32.71,14,1.23,31.7,2,2.1,0,43.0,9.6,0.68,32.87,0
STU_00186,B.Tech Electronics,2,7.45,CR005,67.61,17,2.75,53.4,4,2.7,2,58.9,12.0,1.02,62.6,0
STU_00187,B.Tech Computer Science,2,8.17,CR008,37.66,13,1.23,32.6,2,2.4,1,41.5,7.5,0.92,40.58,0
STU_00188,M.S. Computer Science,2,7.69,CR002,62.16,10,2.45,48.9,3,2.8,3,53.2,11.0,1.31,60.75,0
STU_00189,B.S. Data Science,2,10.0,CR002,41.84,10,1.17,28.4,0,1.0,1,43.5,4.1,0.9,29.09,0
STU_00190,B.Tech Electronics,1,8.47,CR004,82.17,17,3.89,66.2,4,4.1,5,90.0,14.6,1.59,83.16,1
STU_00191,B.Tech Electronics,2,9.86,CR009,64.41,14,2.24,59.3,4,3.8,3,65.3,11.7,1.31,66.99,0
STU_00192,B.Tech Information Technology,3,8.32,CR002,92.39,16,4.36,82.9,6,3.9,4,83.5,23.5,1.59,90.9,1
STU_00193,B.Tech Computer Science,2,6.31,CR004,67.1,17,2.7,54.1,2,2.9,2,54.8,11.1,1.39,58.39,0
STU_00194,B.Tech Computer Science,3,6.57,CR006,61.06,16,3.02,56.8,4,3.2,2,53.1,10.9,1.1,62.83,0
STU_00195,B.Tech Computer Science,2,6.56,CR004,93.8,14,4.28,89.8,8,4.8,3,88.1,23.7,1.8,93.3,1
STU_00196,BCA / MCA,2,10.0,CR010,89.02,20,4.08,86.2,5,4.5,5,92.9,22.3,1.71,94.52,1
STU_00197,B.Tech Information Technology,3,7.14,CR010,37.6,9,1.81,34.5,2,1.1,0,39.2,4.5,0.77,33.91,0
STU_00198,M.S. Computer Science,2,9.02,CR004,59.14,9,2.36,45.2,2,2.6,3,51.2,10.6,1.05,57.6,0
STU_00199,B.Tech Computer Science,2,7.67,CR003,97.43,21,4.8,97.8,7,4.8,4,92.6,18.8,1.86,99.5,1
STU_00200,B.Tech Computer Science,2,8.09,CR001,56.87,9,1.97,47.1,1,1.7,0,33.8,4.5,0.87,43.15,0
STU_00201,M.S. Computer Science,2,9.19,CR003,67.52,16,2.72,54.1,2,3.0,3,64.9,10.7,1.01,64.77,0
STU_00202,B.Tech Electronics,2,6.29,CR002,61.75,15,2.91,47.5,3,3.7,3,50.8,13.8,1.07,63.61,0
STU_00203,M.S. Computer Science,1,5.41,CR009,49.94,10,2.45,41.8,2,1.4,0,28.8,6.1,0.83,36.52,0
STU_00204,BCA / MCA,3,8.4,CR009,60.6,12,2.26,45.2,4,2.7,1,73.1,16.2,1.14,60.89,0
STU_00205,B.Tech Computer Science,3,6.66,CR007,69.25,15,2.48,62.7,2,2.9,2,69.1,17.4,1.38,61.0,0
STU_00206,BCA / MCA,3,7.53,CR002,92.6,22,4.18,77.8,5,4.6,3,78.2,16.9,1.63,87.97,1
STU_00207,B.Tech Computer Science,1,8.66,CR010,74.98,18,3.26,72.9,4,3.1,3,67.7,15.3,1.07,69.65,0
STU_00208,B.S. Data Science,2,6.52,CR010,56.27,3,2.37,46.9,3,2.6,3,50.4,16.7,1.09,56.28,0
STU_00209,M.S. Computer Science,2,9.7,CR002,92.87,19,4.09,95.0,4,4.0,5,87.2,20.5,1.41,90.27,1
STU_00210,B.Tech Electronics,3,9.72,CR007,72.98,16,2.87,54.9,3,3.1,2,54.8,12.6,1.1,68.5,0
STU_00211,B.Tech Electronics,3,6.86,CR006,80.45,14,3.25,59.6,4,3.4,2,57.1,13.9,1.04,67.64,0
STU_00212,B.S. Data Science,3,6.43,CR008,29.9,5,1.2,20.0,0,2.0,0,44.8,4.9,0.66,24.54,0
STU_00213,B.Tech Electronics,1,8.45,CR006,87.98,19,4.52,82.1,3,4.5,4,79.3,24.5,1.32,90.06,1
STU_00214,BCA / MCA,1,8.25,CR006,82.11,13,3.38,71.6,6,4.5,2,84.2,15.7,1.78,84.21,1
STU_00215,B.S. Data Science,2,7.52,CR006,48.27,10,1.82,43.0,2,1.1,0,22.7,5.6,0.95,35.69,0
STU_00216,B.Tech Information Technology,2,7.36,CR004,84.42,17,3.8,75.1,5,4.5,4,89.0,19.6,1.78,87.12,1
STU_00217,B.Tech Computer Science,3,8.09,CR010,29.19,9,1.02,23.8,1,1.7,0,29.2,4.2,0.73,24.89,0
STU_00218,M.S. Computer Science,3,7.06,CR005,41.67,9,1.72,34.0,1,1.3,1,42.3,4.3,0.94,37.9,0
STU_00219,B.S. Data Science,2,8.82,CR003,89.08,18,4.05,81.8,6,4.6,2,79.0,21.4,1.33,86.37,1
STU_00220,B.Tech Information Technology,3,6.39,CR001,44.25,5,1.63,28.7,2,1.9,0,48.4,7.5,0.82,35.36,0
STU_00221,B.Tech Electronics,2,6.33,CR006,26.75,9,1.18,20.7,1,2.5,1,20.7,8.8,0.92,29.78,0
STU_00222,M.S. Computer Science,2,7.61,CR001,43.28,10,1.62,33.0,2,1.1,0,48.4,5.6,0.73,39.62,0
STU_00223,BCA / MCA,1,8.71,CR008,92.3,18,3.73,75.5,6,3.9,5,80.7,23.3,1.62,88.26,1
STU_00224,B.Tech Electronics,2,7.74,CR009,40.49,10,1.71,39.5,1,1.9,0,39.9,9.0,0.69,37.63,0
STU_00225,B.S. Data Science,2,8.87,CR010,55.88,15,2.31,45.3,4,3.2,2,71.7,12.3,1.39,51.8,0
STU_00226,B.Tech Computer Science,2,7.19,CR010,36.32,9,1.57,42.6,0,1.6,1,31.0,7.2,0.92,28.04,0
STU_00227,B.Tech Information Technology,3,8.55,CR005,53.14,16,2.24,52.1,2,2.8,1,73.8,12.1,1.19,52.51,0
STU_00228,B.Tech Electronics,3,7.44,CR003,51.32,7,2.43,47.2,2,1.9,0,41.3,4.0,0.81,43.61,0
STU_00229,M.S. Computer Science,2,8.59,CR006,23.79,9,1.0,22.1,2,1.4,0,33.8,7.8,0.82,24.75,0
STU_00230,B.Tech Electronics,1,8.61,CR002,87.26,19,3.37,74.7,6,4.2,5,89.1,14.5,1.48,88.26,1
STU_00231,BCA / MCA,2,7.85,CR005,47.1,12,1.87,40.9,0,1.8,1,36.6,4.7,0.65,34.73,0
STU_00232,B.Tech Information Technology,3,7.25,CR010,60.57,13,2.4,52.7,4,2.8,2,67.2,17.5,1.11,60.72,0
STU_00233,B.Tech Computer Science,2,10.0,CR002,37.01,11,1.88,33.3,2,1.0,1,25.8,6.9,0.98,34.14,0
STU_00234,M.S. Computer Science,1,8.37,CR005,87.48,21,4.18,93.8,4,4.2,4,78.5,23.3,1.66,86.46,1
STU_00235,B.Tech Information Technology,1,8.37,CR002,76.11,17,3.63,62.2,2,2.8,2,62.4,8.9,1.22,59.76,0
STU_00236,B.S. Data Science,3,9.0,CR003,33.62,12,1.44,25.9,0,1.8,1,20.2,4.5,0.95,30.48,0
STU_00237,B.Tech Information Technology,1,7.44,CR003,92.36,12,4.49,85.4,3,4.3,3,83.0,20.6,1.48,87.73,1
STU_00238,BCA / MCA,2,7.28,CR010,92.24,22,4.02,77.5,6,4.2,4,85.5,18.5,1.37,87.24,1
STU_00239,BCA / MCA,2,8.7,CR008,20.56,5,1.34,18.8,1,2.3,1,29.6,5.1,0.7,25.37,0
STU_00240,B.S. Data Science,2,7.4,CR006,72.09,15,3.04,66.7,3,2.8,2,51.6,9.3,1.34,67.03,0
STU_00241,B.Tech Electronics,1,8.46,CR006,86.55,16,3.87,70.6,3,4.4,2,84.9,17.9,1.7,79.03,1
STU_00242,M.S. Computer Science,2,8.87,CR007,53.72,13,1.94,43.1,4,3.6,3,60.7,14.0,1.04,58.36,0
STU_00243,B.Tech Computer Science,2,8.08,CR010,92.62,16,4.5,81.5,5,4.0,5,79.2,15.8,1.38,89.78,1
STU_00244,M.S. Computer Science,1,7.77,CR001,58.38,16,2.2,42.9,3,3.0,3,62.0,13.0,1.13,62.65,0
STU_00245,B.Tech Computer Science,2,6.43,CR003,45.97,7,1.71,40.5,2,1.1,1,20.4,8.8,0.79,37.83,0
STU_00246,B.Tech Electronics,2,6.37,CR010,31.5,10,1.56,26.5,1,1.9,1,22.2,5.4,0.97,29.42,0
STU_00247,B.Tech Electronics,2,6.12,CR006,85.23,12,3.88,81.3,3,4.1,4,77.9,16.1,1.68,80.0,1
STU_00248,B.Tech Computer Science,2,8.67,CR009,79.59,21,3.23,73.8,5,4.0,4,87.0,23.4,1.54,87.58,1
STU_00249,BCA / MCA,3,7.11,CR010,84.25,19,3.87,74.2,5,3.9,2,89.2,19.2,1.46,75.51,1
STU_00250,M.S. Computer Science,2,6.38,CR006,52.5,13,1.95,43.5,4,3.6,3,59.0,13.4,1.27,56.88,0
STU_00251,BCA / MCA,2,5.39,CR010,87.02,16,4.43,85.8,3,4.5,4,86.6,14.4,1.4,84.8,1
STU_00252,M.S. Computer Science,2,8.54,CR006,86.3,22,3.81,85.8,3,3.8,5,77.8,23.1,1.68,85.21,1
STU_00253,M.S. Computer Science,2,7.62,CR006,58.12,8,2.54,41.3,2,3.8,2,59.6,9.5,1.27,57.75,0
STU_00254,B.Tech Electronics,1,7.76,CR003,37.14,5,1.64,42.2,1,2.4,0,34.5,6.9,0.65,36.75,0
STU_00255,M.S. Computer Science,3,9.61,CR009,35.94,6,1.37,31.9,1,2.1,0,33.0,6.9,0.86,31.99,0
STU_00256,M.S. Computer Science,2,6.28,CR003,49.49,8,2.16,38.1,2,2.2,0,22.0,8.2,0.83,41.82,0
STU_00257,BCA / MCA,2,7.97,CR007,77.46,15,2.78,60.7,4,2.8,1,61.1,14.2,1.31,69.77,0
STU_00258,B.Tech Electronics,2,7.37,CR008,48.1,5,1.58,32.3,0,2.5,1,43.1,5.3,0.8,42.33,0
STU_00259,B.Tech Electronics,3,8.2,CR004,78.45,15,3.44,64.8,4,3.7,2,59.2,9.4,1.21,70.08,0
STU_00260,B.Tech Electronics,3,7.77,CR007,68.36,19,2.58,51.6,3,2.6,1,63.6,11.4,1.19,58.6,0
STU_00261,B.Tech Information Technology,3,6.46,CR003,93.55,14,3.83,65.4,3,4.1,5,79.8,24.6,1.62,85.01,1
STU_00262,B.S. Data Science,2,6.81,CR002,89.31,13,4.16,74.9,3,4.0,4,88.3,14.4,1.76,86.49,1
STU_00263,B.Tech Computer Science,3,6.88,CR005,54.66,7,2.8,47.2,4,3.2,1,55.4,16.6,1.38,55.59,0
STU_00264,B.Tech Electronics,1,8.29,CR004,82.3,14,3.47,62.5,5,4.2,2,83.2,15.9,1.68,78.11,1
STU_00265,B.Tech Electronics,1,7.84,CR009,70.71,20,2.7,58.7,3,2.9,1,52.4,17.8,1.11,62.48,0
STU_00266,B.S. Data Science,2,9.24,CR006,89.18,19,4.51,89.4,7,4.6,4,89.8,19.2,2.03,90.78,1
STU_00267,B.Tech Information Technology,1,7.08,CR008,90.09,14,3.88,78.8,4,3.9,5,77.0,21.1,1.47,82.69,1
STU_00268,B.Tech Electronics,2,8.58,CR002,33.14,2,1.78,24.3,0,1.6,0,31.5,9.0,0.86,28.78,0
STU_00269,M.S. Computer Science,3,7.7,CR010,71.34,17,2.6,59.7,2,3.5,2,52.7,12.0,1.13,60.86,0
STU_00270,B.Tech Information Technology,2,7.18,CR001,40.52,3,1.31,25.9,2,2.2,1,21.7,6.2,0.8,33.44,0
STU_00271,B.Tech Computer Science,1,8.69,CR008,82.47,21,3.17,62.0,2,3.4,3,73.6,12.1,1.26,69.69,0
STU_00272,M.S. Computer Science,2,7.95,CR003,78.21,17,3.13,67.7,2,2.5,3,54.2,13.8,1.29,65.66,0
STU_00273,B.S. Data Science,2,8.31,CR007,33.04,8,1.74,19.9,2,1.3,0,29.4,5.1,0.96,30.76,0
STU_00274,M.S. Computer Science,3,7.68,CR002,95.31,25,5.0,92.2,5,4.4,6,88.2,24.3,1.8,94.91,1
STU_00275,B.Tech Electronics,1,7.34,CR007,100.0,24,4.6,91.0,7,4.7,3,91.6,21.9,1.99,94.96,1
STU_00276,B.S. Data Science,3,8.39,CR006,38.75,10,1.7,38.0,2,2.4,0,40.3,6.5,0.88,36.83,0
STU_00277,M.S. Computer Science,3,7.62,CR006,44.6,12,1.95,47.7,1,1.8,1,35.8,4.8,0.6,36.64,0
STU_00278,BCA / MCA,1,8.3,CR008,98.04,17,4.81,92.3,8,4.5,4,92.3,21.5,2.05,99.5,1
STU_00279,B.Tech Information Technology,1,7.84,CR008,35.23,10,1.2,22.9,0,1.5,0,30.0,4.2,0.74,24.81,0
STU_00280,B.Tech Information Technology,3,7.42,CR006,90.9,19,4.37,81.3,8,4.8,6,96.5,21.6,1.61,93.08,1
STU_00281,B.S. Data Science,1,7.38,CR004,64.67,7,2.09,41.0,2,3.6,3,54.0,12.6,1.24,58.6,0
STU_00282,B.S. Data Science,2,7.39,CR006,59.42,11,2.18,44.3,3,2.6,3,55.0,8.1,1.25,52.92,0
STU_00283,B.Tech Electronics,3,7.81,CR007,74.28,20,2.95,59.0,2,3.1,2,62.3,16.5,1.28,67.4,0
STU_00284,BCA / MCA,2,8.52,CR009,75.01,18,3.2,66.3,2,3.5,3,54.2,16.2,1.31,67.67,0
STU_00285,B.Tech Electronics,1,7.95,CR010,96.48,25,5.0,93.7,6,4.7,5,94.7,29.6,1.69,98.54,1
STU_00286,B.S. Data Science,1,8.53,CR006,76.04,20,3.21,76.8,5,4.2,5,86.7,22.6,1.53,81.18,1
STU_00287,M.S. Computer Science,3,8.74,CR003,92.86,17,4.25,74.1,5,3.8,5,87.6,18.9,1.62,91.55,1
STU_00288,B.Tech Computer Science,3,8.0,CR006,55.03,9,2.05,50.0,3,2.9,2,71.4,11.5,1.39,51.82,0
STU_00289,BCA / MCA,3,7.54,CR001,40.84,9,1.63,29.5,2,1.9,1,33.1,6.5,0.89,33.46,0
STU_00290,B.S. Data Science,2,9.18,CR003,98.28,20,4.92,100.0,6,4.6,6,88.5,29.2,1.96,99.38,1
STU_00291,B.Tech Computer Science,1,9.27,CR004,94.1,19,4.07,73.8,5,4.1,4,85.2,14.7,1.5,88.39,1
STU_00292,B.Tech Electronics,3,7.26,CR001,73.71,12,2.79,65.4,4,3.1,2,54.9,16.2,1.32,67.19,0
STU_00293,B.S. Data Science,2,7.94,CR002,56.47,14,2.51,47.2,4,3.0,2,73.4,11.8,1.27,60.88,0
STU_00294,B.Tech Electronics,2,5.53,CR005,34.04,7,1.08,29.2,0,1.9,0,35.8,5.2,0.78,25.47,0
STU_00295,BCA / MCA,1,8.28,CR009,79.46,23,3.31,74.4,4,3.5,1,73.0,17.8,1.0,68.58,0
STU_00296,B.S. Data Science,3,6.25,CR008,32.46,9,1.0,24.1,2,1.5,1,49.3,9.2,0.73,32.39,0
STU_00297,BCA / MCA,3,6.67,CR008,38.08,8,1.47,30.7,0,1.8,0,34.3,5.6,0.61,34.25,0
STU_00298,B.Tech Electronics,1,7.53,CR008,98.19,25,4.57,88.9,7,4.9,5,92.3,29.0,1.88,97.38,1
STU_00299,BCA / MCA,1,5.83,CR009,52.05,13,1.73,47.7,3,2.7,1,70.3,9.3,1.09,49.47,0
STU_00300,BCA / MCA,3,7.31,CR003,89.4,18,3.71,66.6,4,4.6,2,80.0,20.5,1.35,82.97,1
STU_00301,B.Tech Information Technology,3,9.4,CR004,90.22,21,4.45,85.0,3,3.9,4,83.6,16.8,1.41,88.86,1
STU_00302,M.S. Computer Science,2,8.18,CR008,83.47,19,3.94,77.2,4,4.6,2,77.1,21.1,1.49,79.09,1
STU_00303,B.Tech Computer Science,2,8.21,CR008,52.89,9,1.85,38.5,3,2.8,3,73.2,17.3,1.29,55.22,0
STU_00304,B.Tech Computer Science,1,8.65,CR006,54.72,12,2.76,58.1,3,2.7,2,66.3,15.1,1.28,61.6,0
STU_00305,BCA / MCA,2,8.11,CR003,86.4,22,3.98,75.8,4,4.1,3,77.0,23.8,1.54,84.05,1
STU_00306,B.Tech Electronics,2,8.12,CR001,93.38,12,4.26,86.3,4,4.2,4,83.1,24.1,1.75,95.74,1
STU_00307,B.Tech Information Technology,1,7.97,CR004,79.85,15,3.14,64.4,4,2.5,2,60.1,17.1,1.3,68.02,0
STU_00308,B.Tech Computer Science,2,6.12,CR009,78.66,20,3.06,64.1,4,2.9,2,67.2,14.7,1.09,68.93,0
STU_00309,M.S. Computer Science,2,8.56,CR009,61.19,12,2.21,44.4,4,3.0,3,55.7,13.8,1.15,60.2,0
STU_00310,B.Tech Information Technology,1,8.12,CR010,82.03,18,3.55,73.0,5,3.8,2,87.1,15.9,1.6,86.23,1
STU_00311,B.Tech Computer Science,1,6.71,CR010,79.53,16,3.56,69.8,2,3.6,3,58.1,10.4,1.11,71.45,0
STU_00312,B.Tech Electronics,2,5.62,CR001,76.48,20,2.98,61.6,4,2.8,3,59.7,16.7,1.29,74.25,0
STU_00313,B.S. Data Science,2,10.0,CR005,56.91,14,2.33,42.7,4,2.6,2,53.1,9.0,1.24,53.84,0
STU_00314,B.S. Data Science,2,7.02,CR001,34.29,8,1.1,22.4,1,1.8,1,32.3,9.7,0.65,33.64,0
STU_00315,B.Tech Electronics,2,8.07,CR010,46.34,4,1.7,35.3,2,2.3,1,32.4,8.6,0.62,43.34,0
STU_00316,BCA / MCA,3,6.34,CR006,94.33,20,4.63,83.9,6,4.6,5,90.6,22.8,1.85,93.96,1
STU_00317,M.S. Computer Science,2,9.9,CR006,41.36,5,1.51,31.8,0,2.2,1,45.8,7.7,0.61,38.49,0
STU_00318,B.Tech Electronics,2,7.16,CR002,51.97,14,2.12,38.0,1,2.1,1,40.9,5.9,0.64,42.25,0
STU_00319,B.Tech Information Technology,3,8.76,CR003,94.83,24,4.05,84.9,5,4.0,3,76.3,19.3,1.56,88.84,1
STU_00320,B.Tech Information Technology,2,8.75,CR009,62.27,13,2.23,50.2,3,3.1,2,59.8,16.6,1.37,60.6,0
STU_00321,B.Tech Computer Science,1,9.95,CR007,73.26,11,3.21,50.6,2,3.5,1,64.3,8.7,1.05,62.18,0
STU_00322,M.S. Computer Science,2,7.14,CR001,73.5,13,2.9,53.5,4,2.9,3,62.9,9.7,1.39,63.23,0
STU_00323,BCA / MCA,2,7.64,CR009,35.57,9,1.54,35.3,0,1.6,1,36.9,4.7,1.0,32.17,0
STU_00324,B.Tech Information Technology,3,9.27,CR006,79.59,19,4.01,64.6,5,3.8,2,79.7,20.3,1.78,81.09,1
STU_00325,B.Tech Electronics,1,6.99,CR009,45.65,14,1.56,35.6,2,2.1,1,41.7,5.2,0.74,43.17,0
STU_00326,B.Tech Computer Science,2,7.03,CR008,85.74,19,3.72,75.5,5,3.9,2,87.2,16.4,1.66,82.06,1
STU_00327,B.Tech Information Technology,3,9.75,CR007,68.68,21,3.46,55.4,3,3.7,3,56.1,15.5,1.21,66.35,0
STU_00328,B.S. Data Science,3,6.39,CR004,57.84,12,1.97,39.7,3,3.7,3,65.1,14.6,1.16,60.58,0
STU_00329,B.Tech Computer Science,1,6.99,CR003,92.75,21,4.07,79.0,6,4.4,5,85.9,14.0,1.78,90.93,1
STU_00330,B.Tech Information Technology,2,8.28,CR009,50.78,11,2.34,36.6,2,2.3,1,23.8,4.6,0.84,44.16,0
STU_00331,B.Tech Information Technology,2,8.95,CR010,83.72,17,3.63,86.8,5,4.5,4,82.3,19.0,1.4,87.97,1
STU_00332,M.S. Computer Science,3,9.06,CR009,53.43,14,2.49,47.1,4,2.9,2,57.0,9.5,1.12,51.61,0
STU_00333,B.Tech Electronics,3,7.28,CR006,64.0,18,2.62,60.6,2,3.2,2,63.5,13.7,1.38,56.17,0
STU_00334,M.S. Computer Science,2,9.4,CR001,82.01,21,3.16,64.5,3,2.8,3,72.1,14.2,1.17,75.04,1
STU_00335,M.S. Computer Science,2,8.24,CR001,86.07,17,2.77,64.5,2,3.6,3,52.8,11.5,1.35,72.2,0
STU_00336,BCA / MCA,3,8.54,CR007,31.18,9,1.14,29.2,2,1.8,0,46.3,9.5,0.71,28.51,0
STU_00337,B.Tech Computer Science,2,8.31,CR002,51.21,14,1.98,40.1,1,1.2,1,34.0,4.4,0.84,41.5,0
STU_00338,B.Tech Electronics,1,6.79,CR004,61.39,12,2.89,39.7,4,2.9,2,57.4,15.3,1.09,59.43,0
STU_00339,BCA / MCA,3,9.91,CR003,71.01,11,3.34,73.5,4,2.8,2,73.0,16.2,1.39,69.93,0
STU_00340,BCA / MCA,2,8.52,CR007,69.1,11,2.96,53.1,2,2.6,2,65.2,10.9,1.06,56.92,0
STU_00341,M.S. Computer Science,2,5.55,CR006,91.33,19,3.88,68.1,5,4.4,5,75.5,20.5,1.39,89.53,1
STU_00342,B.Tech Information Technology,3,9.07,CR005,71.64,12,3.28,62.2,2,3.1,2,70.6,12.0,1.04,68.38,0
STU_00343,B.S. Data Science,3,6.99,CR008,72.98,15,2.75,58.1,3,2.9,3,56.0,12.0,1.01,68.38,0
STU_00344,BCA / MCA,2,7.93,CR002,56.7,10,2.35,48.3,4,3.1,2,51.8,11.9,1.3,57.91,0
STU_00345,B.Tech Electronics,3,5.0,CR003,61.86,15,2.39,50.6,3,2.7,3,59.4,14.7,1.31,65.04,0
STU_00346,B.Tech Computer Science,2,6.84,CR008,83.89,20,3.47,70.6,6,4.1,3,83.7,24.4,1.33,85.92,1
STU_00347,B.Tech Information Technology,3,8.99,CR005,92.84,19,4.67,90.3,7,4.7,4,90.3,28.4,1.92,90.49,1
STU_00348,B.Tech Computer Science,2,6.15,CR010,34.44,7,1.45,33.8,0,1.3,0,41.6,8.6,0.78,32.46,0
STU_00349,BCA / MCA,2,6.25,CR002,56.24,13,1.97,47.0,4,2.5,2,71.3,14.8,1.11,56.77,0
STU_00350,B.Tech Computer Science,2,6.68,CR003,37.0,10,1.65,29.4,2,2.2,0,33.9,7.2,1.0,32.34,0
STU_00351,B.Tech Electronics,2,8.46,CR008,61.25,15,2.35,40.0,2,3.4,2,64.0,15.9,1.3,57.47,0
STU_00352,B.S. Data Science,2,9.4,CR001,100.0,21,4.85,93.2,5,4.9,4,94.6,23.7,2.14,96.31,1
STU_00353,M.S. Computer Science,3,6.78,CR001,99.23,24,5.0,92.7,6,4.7,6,97.3,29.3,2.02,99.5,1
STU_00354,B.Tech Information Technology,3,8.82,CR001,99.36,22,4.2,93.6,8,4.8,6,94.8,29.6,1.62,99.5,1
STU_00355,B.Tech Information Technology,3,6.82,CR005,79.99,18,3.45,79.0,3,4.6,4,87.5,23.8,1.71,75.9,1
STU_00356,M.S. Computer Science,2,6.67,CR006,67.9,14,2.24,48.8,4,2.7,3,58.7,15.4,1.3,68.6,0
STU_00357,M.S. Computer Science,2,7.74,CR003,91.91,23,4.39,87.3,6,4.3,4,80.3,20.6,1.46,93.23,1
STU_00358,B.Tech Information Technology,3,8.14,CR006,34.37,9,1.46,20.6,1,1.8,1,20.4,4.0,0.7,30.28,0
STU_00359,BCA / MCA,1,9.28,CR006,73.27,15,3.52,78.8,4,3.8,3,86.4,24.8,1.7,80.92,1
STU_00360,M.S. Computer Science,3,7.83,CR007,96.24,22,4.13,82.1,5,4.5,2,87.1,21.0,1.45,92.42,1
STU_00361,B.Tech Electronics,2,9.56,CR003,92.97,21,4.39,94.5,8,4.5,5,97.7,26.6,2.19,96.58,1
STU_00362,B.Tech Information Technology,1,9.01,CR007,51.78,11,1.8,36.1,1,2.5,1,27.0,7.7,0.78,40.7,0
STU_00363,B.S. Data Science,2,9.28,CR010,27.23,8,1.05,22.0,2,1.3,1,47.0,9.0,0.82,29.13,0
STU_00364,BCA / MCA,2,9.92,CR002,74.17,15,2.86,55.6,2,3.4,2,61.8,11.9,1.15,63.46,0
STU_00365,BCA / MCA,2,7.26,CR005,89.21,20,3.99,85.0,5,3.9,4,75.4,20.9,1.79,89.01,1
STU_00366,M.S. Computer Science,2,5.91,CR003,60.59,16,2.83,54.1,3,3.6,3,61.8,16.0,1.23,63.52,0
STU_00367,M.S. Computer Science,2,5.16,CR009,95.13,17,4.41,99.1,6,4.7,4,91.8,24.1,2.19,95.79,1
STU_00368,BCA / MCA,3,7.66,CR002,78.44,11,3.28,61.1,4,3.7,3,70.5,9.3,1.4,71.47,0
STU_00369,B.S. Data Science,1,6.21,CR010,31.12,10,1.49,17.8,2,2.3,0,41.4,7.5,0.64,30.09,0
STU_00370,M.S. Computer Science,2,8.67,CR003,68.11,14,2.52,58.5,4,3.3,2,67.2,9.1,1.33,66.77,0
STU_00371,B.Tech Computer Science,2,8.55,CR010,65.43,12,2.35,47.6,4,3.6,2,72.3,9.9,1.05,61.93,0
STU_00372,B.Tech Computer Science,2,7.02,CR009,66.8,13,3.35,56.9,4,3.3,1,53.8,15.9,1.31,64.49,0
STU_00373,M.S. Computer Science,2,7.81,CR005,86.84,19,3.82,70.7,6,4.1,4,85.4,22.4,1.73,83.5,1
STU_00374,B.Tech Computer Science,3,9.09,CR010,33.53,11,1.33,37.9,1,1.9,1,45.6,8.8,0.65,33.42,0
STU_00375,BCA / MCA,1,7.37,CR001,97.87,22,5.0,97.7,5,4.5,6,93.3,26.3,1.78,98.21,1
STU_00376,B.Tech Computer Science,2,5.66,CR003,90.68,17,3.69,75.1,6,4.3,4,76.1,23.8,1.32,94.2,1
STU_00377,B.Tech Electronics,2,9.61,CR007,83.26,22,2.99,60.9,4,3.2,3,52.6,16.6,1.12,74.48,0
STU_00378,M.S. Computer Science,1,7.91,CR006,29.29,10,1.24,26.2,2,2.2,1,38.8,6.5,0.7,32.82,0
STU_00379,M.S. Computer Science,1,9.59,CR004,82.24,18,3.69,74.6,3,4.1,4,80.8,19.6,1.76,83.16,1
STU_00380,B.Tech Electronics,2,6.02,CR009,78.61,14,3.33,65.1,3,3.1,1,73.6,10.1,1.03,67.8,0
STU_00381,B.Tech Information Technology,2,7.2,CR003,49.34,11,2.57,50.6,4,3.5,1,71.9,14.1,1.08,60.3,0
STU_00382,B.Tech Computer Science,3,8.33,CR007,55.29,16,2.1,44.0,2,3.2,1,57.2,17.4,1.3,52.89,0
STU_00383,B.Tech Information Technology,1,9.49,CR010,35.33,5,1.35,20.0,2,1.3,0,25.0,8.7,0.69,30.7,0
STU_00384,B.Tech Information Technology,3,6.94,CR007,77.53,15,3.17,62.2,4,2.6,1,60.2,15.1,1.09,68.56,0
STU_00385,B.Tech Computer Science,1,7.32,CR005,26.96,7,1.16,31.7,2,1.0,1,41.5,6.1,0.91,28.83,0
STU_00386,M.S. Computer Science,2,9.69,CR006,48.3,9,1.64,34.5,0,1.2,0,45.0,8.2,0.83,37.7,0
STU_00387,B.Tech Electronics,2,7.81,CR001,80.82,16,2.92,54.0,4,3.7,3,66.3,12.8,1.34,72.89,0
STU_00388,B.Tech Information Technology,2,6.85,CR007,79.37,16,3.32,65.1,2,2.6,2,68.8,13.3,1.15,70.75,0
STU_00389,BCA / MCA,2,6.62,CR009,60.49,9,1.94,50.2,3,2.8,2,53.2,11.1,1.21,58.55,0
STU_00390,B.Tech Information Technology,2,7.29,CR003,86.51,18,3.38,64.6,6,4.3,3,88.1,23.5,1.49,84.88,1
STU_00391,B.Tech Information Technology,2,8.07,CR003,94.01,20,4.21,79.5,3,4.0,5,80.9,24.4,1.42,89.37,1
STU_00392,B.Tech Electronics,2,7.57,CR003,77.29,14,2.8,68.7,3,2.8,1,64.1,13.3,1.06,65.47,0
STU_00393,B.S. Data Science,2,6.21,CR008,91.86,20,3.81,76.0,3,4.4,3,83.6,21.7,1.76,85.8,1
STU_00394,B.Tech Computer Science,2,7.54,CR010,57.58,9,2.23,43.7,2,2.9,1,63.3,12.1,1.11,47.78,0
STU_00395,M.S. Computer Science,3,7.46,CR009,49.03,15,1.76,34.2,0,2.2,1,41.9,9.9,0.71,37.06,0
STU_00396,B.S. Data Science,3,8.65,CR001,34.14,11,1.73,35.5,0,1.7,0,45.5,8.7,0.72,28.89,0
STU_00397,BCA / MCA,3,6.53,CR008,99.55,25,4.62,100.0,6,4.9,6,91.3,25.5,1.64,99.5,1
STU_00398,B.Tech Information Technology,2,9.58,CR005,58.44,11,2.47,44.0,4,2.8,3,65.5,9.3,1.11,58.62,0
STU_00399,B.S. Data Science,2,7.93,CR006,75.39,12,3.3,79.8,3,2.8,2,60.8,14.7,1.17,72.68,0
STU_00400,B.Tech Computer Science,3,7.68,CR008,86.95,17,3.6,71.5,5,4.0,3,88.1,15.9,1.51,85.5,1
STU_00401,B.S. Data Science,2,6.77,CR001,75.43,9,2.93,57.3,2,3.1,3,68.2,16.9,1.27,69.87,0
STU_00402,B.Tech Information Technology,1,6.87,CR009,96.54,17,4.34,86.4,8,4.7,5,90.0,25.7,1.67,95.87,1
STU_00403,B.Tech Information Technology,1,8.17,CR004,60.83,14,2.7,45.9,2,3.2,2,57.8,9.8,1.34,52.78,0
STU_00404,M.S. Computer Science,2,7.06,CR006,77.23,14,2.71,61.4,3,3.0,3,74.5,11.5,1.37,71.4,0
STU_00405,BCA / MCA,3,9.08,CR008,57.76,7,1.9,35.3,1,1.4,0,42.9,8.1,0.73,41.83,0
STU_00406,B.Tech Information Technology,3,7.6,CR008,35.97,9,1.13,27.2,2,2.4,0,31.3,8.5,0.81,34.2,0
STU_00407,M.S. Computer Science,1,7.84,CR002,94.61,21,4.56,87.5,5,5.0,3,96.9,29.0,1.78,94.88,1
STU_00408,B.Tech Electronics,1,7.49,CR004,56.76,10,1.81,35.5,0,1.4,0,22.4,7.8,0.73,33.93,0
STU_00409,B.Tech Information Technology,2,7.68,CR006,46.55,11,2.34,44.0,2,1.4,1,32.5,8.7,0.82,44.72,0
STU_00410,BCA / MCA,2,7.03,CR001,85.58,16,2.97,61.9,3,3.0,1,53.5,15.1,1.34,67.69,0
STU_00411,B.Tech Computer Science,2,8.43,CR005,72.0,12,2.91,63.3,3,3.2,1,71.5,16.2,1.05,64.0,0
STU_00412,M.S. Computer Science,3,8.25,CR007,95.07,16,4.23,87.7,4,4.3,2,87.2,15.2,1.43,83.95,1
STU_00413,B.Tech Computer Science,2,9.02,CR004,50.87,13,2.07,46.5,2,2.2,1,31.3,8.7,0.74,48.11,0
STU_00414,B.S. Data Science,2,6.12,CR007,40.19,13,1.99,36.3,1,1.7,1,32.0,9.9,0.93,34.26,0
STU_00415,M.S. Computer Science,2,7.35,CR004,62.48,11,2.07,44.7,2,3.7,3,50.9,10.2,1.12,58.5,0
STU_00416,BCA / MCA,3,6.77,CR002,69.55,19,3.09,55.4,3,3.7,3,74.9,11.8,1.24,65.44,0
STU_00417,B.Tech Electronics,1,8.54,CR001,88.99,18,3.48,71.4,3,4.2,5,81.7,21.8,1.61,80.83,1
STU_00418,B.Tech Electronics,2,6.32,CR006,54.92,13,2.31,50.4,2,2.5,3,50.6,8.1,1.04,58.33,0
STU_00419,B.Tech Computer Science,2,6.75,CR010,65.03,14,3.06,77.3,2,2.5,1,74.8,9.8,1.19,62.67,0
STU_00420,BCA / MCA,3,8.59,CR009,64.2,12,2.64,55.2,2,3.7,1,66.4,12.4,1.32,60.77,0
STU_00421,B.S. Data Science,1,7.43,CR004,78.59,15,3.17,67.8,4,3.5,2,64.1,9.2,1.21,66.69,0
STU_00422,B.Tech Computer Science,2,9.61,CR010,27.89,7,1.1,24.8,1,1.2,1,35.0,6.0,0.72,29.14,0
STU_00423,B.Tech Electronics,3,7.28,CR003,90.17,18,4.34,84.7,3,4.0,4,76.5,24.8,1.45,82.16,1
STU_00424,B.Tech Computer Science,1,8.77,CR004,94.65,18,3.97,83.6,5,4.3,5,89.3,19.6,1.76,96.6,1
STU_00425,B.S. Data Science,1,5.89,CR005,82.13,20,3.8,71.3,6,3.9,5,86.6,24.4,1.35,85.15,1
STU_00426,B.Tech Information Technology,2,8.34,CR007,72.58,13,2.67,60.4,4,2.6,3,70.9,9.7,1.03,64.8,0
STU_00427,BCA / MCA,2,9.22,CR010,71.74,17,3.23,66.1,2,3.1,3,68.2,9.0,1.16,69.91,0
STU_00428,B.Tech Computer Science,1,8.44,CR003,69.66,11,2.48,56.5,4,2.9,1,74.4,16.6,1.13,65.7,0
STU_00429,BCA / MCA,2,7.63,CR006,42.33,12,2.01,34.2,0,2.0,1,32.2,5.6,0.99,38.24,0
STU_00430,B.Tech Electronics,2,10.0,CR005,51.75,13,2.19,38.4,0,1.5,0,47.7,5.6,1.0,40.13,0
STU_00431,B.Tech Electronics,2,10.0,CR009,54.69,12,2.3,52.6,2,2.5,1,53.2,10.5,1.17,47.36,0
STU_00432,B.Tech Computer Science,2,6.27,CR002,77.4,7,3.34,58.0,3,2.6,2,74.7,14.6,1.27,70.0,0
STU_00433,B.Tech Computer Science,2,7.94,CR007,84.69,16,3.64,81.1,4,4.2,3,87.1,15.8,1.45,82.99,1
STU_00434,BCA / MCA,2,5.49,CR003,61.13,12,2.29,47.4,3,3.2,2,56.8,14.1,1.39,58.14,0
STU_00435,B.Tech Information Technology,1,8.05,CR007,74.77,14,3.16,62.5,3,3.0,2,51.0,11.6,1.24,61.51,0
STU_00436,B.Tech Computer Science,2,7.57,CR004,94.1,15,4.14,86.3,6,4.2,3,84.0,15.1,1.49,90.31,1
STU_00437,B.Tech Electronics,1,8.08,CR005,26.35,6,1.65,22.8,1,2.2,1,43.5,4.7,0.96,29.83,0
STU_00438,M.S. Computer Science,2,8.41,CR006,71.12,19,3.38,62.0,3,2.8,3,58.2,13.4,1.08,66.3,0
STU_00439,M.S. Computer Science,1,7.19,CR006,63.24,16,2.42,53.7,4,2.9,1,72.8,15.5,1.03,62.55,0
STU_00440,B.Tech Electronics,2,7.94,CR007,96.64,23,4.59,100.0,7,4.8,6,89.6,25.5,1.74,94.91,1
STU_00441,M.S. Computer Science,3,8.7,CR006,75.27,15,3.53,65.8,3,2.6,2,72.2,13.6,1.1,66.8,0
STU_00442,B.Tech Computer Science,3,8.8,CR004,59.06,11,2.33,48.9,4,2.8,1,61.7,12.2,1.12,57.47,0
STU_00443,BCA / MCA,3,6.89,CR001,99.11,21,4.4,91.0,8,4.4,4,90.3,29.1,2.08,98.36,1
STU_00444,B.Tech Electronics,3,8.89,CR002,88.07,17,3.61,73.1,6,3.8,5,83.9,14.1,1.3,86.29,1
STU_00445,B.Tech Information Technology,2,9.57,CR004,81.52,12,2.96,59.7,2,3.6,3,62.2,9.3,1.12,70.71,0
STU_00446,B.Tech Electronics,3,6.74,CR002,63.28,11,2.97,62.4,4,2.5,2,63.5,11.9,1.04,66.89,0
STU_00447,M.S. Computer Science,2,7.59,CR009,98.28,23,4.56,100.0,8,4.6,3,96.2,24.3,1.96,99.5,1
STU_00448,B.S. Data Science,3,8.14,CR009,51.66,17,2.5,52.5,2,3.4,1,70.3,12.1,1.3,49.29,0
STU_00449,B.Tech Information Technology,2,9.11,CR006,37.9,13,1.56,23.3,2,1.5,0,45.1,8.6,0.73,33.98,0
STU_00450,M.S. Computer Science,3,8.52,CR007,98.13,19,4.46,96.7,7,4.8,6,92.3,26.3,2.04,98.2,1
STU_00451,B.Tech Computer Science,1,7.56,CR005,41.06,9,2.0,37.9,2,1.1,0,36.8,4.5,0.96,36.94,0
STU_00452,B.Tech Electronics,2,9.11,CR008,88.97,15,4.29,72.0,4,4.2,4,77.8,23.8,1.42,86.6,1
STU_00453,B.Tech Computer Science,2,9.52,CR005,65.28,9,2.95,60.7,2,3.7,1,57.5,11.6,1.29,55.99,0
STU_00454,BCA / MCA,1,6.77,CR005,60.73,9,2.91,45.8,2,3.5,3,73.9,12.1,1.38,62.48,0
STU_00455,B.Tech Electronics,2,6.03,CR002,63.28,12,2.4,49.0,4,2.6,2,50.1,9.0,1.32,56.01,0
STU_00456,B.S. Data Science,1,5.94,CR001,95.03,22,3.69,79.0,3,4.5,2,81.0,16.1,1.44,84.63,1
STU_00457,B.S. Data Science,2,7.69,CR003,97.05,20,4.49,93.5,6,4.6,4,93.2,28.9,1.8,96.77,1
STU_00458,M.S. Computer Science,1,8.51,CR009,74.75,17,3.12,48.9,3,2.7,1,74.5,11.8,1.04,63.34,0
STU_00459,B.Tech Electronics,2,7.04,CR003,77.43,16,2.86,66.6,3,2.8,2,60.7,17.4,1.17,68.87,0
STU_00460,B.Tech Computer Science,3,7.68,CR004,77.69,15,3.13,64.2,3,3.3,2,57.3,12.2,1.28,68.65,0
STU_00461,B.Tech Computer Science,3,8.78,CR004,60.48,9,2.08,40.5,4,2.6,1,59.6,17.4,1.28,52.58,0
STU_00462,M.S. Computer Science,1,8.27,CR009,39.33,11,1.78,22.3,1,2.0,0,44.8,6.6,0.86,35.68,0
STU_00463,B.Tech Electronics,1,10.0,CR008,81.68,18,3.05,63.9,4,3.4,2,60.1,16.6,1.07,70.39,0
STU_00464,M.S. Computer Science,2,7.3,CR007,54.39,20,2.43,36.6,3,3.7,2,74.9,9.6,1.02,54.38,0
STU_00465,B.Tech Electronics,2,7.93,CR005,90.27,20,4.56,88.9,5,4.7,4,89.0,18.3,1.7,90.29,1
STU_00466,B.S. Data Science,1,8.76,CR005,27.61,8,1.0,27.2,1,1.0,0,30.5,5.4,0.62,27.47,0
STU_00467,M.S. Computer Science,2,7.4,CR010,29.79,2,1.29,39.8,1,2.1,1,42.7,6.5,0.72,34.09,0
STU_00468,B.Tech Information Technology,2,7.82,CR009,94.93,18,4.55,81.2,4,4.3,3,87.6,15.6,1.73,87.56,1
STU_00469,B.Tech Electronics,2,7.2,CR003,52.48,13,2.11,51.0,3,3.1,3,70.7,8.2,1.27,54.21,0
STU_00470,B.Tech Computer Science,3,8.48,CR001,86.47,19,3.15,63.1,2,2.5,2,68.5,17.6,1.34,69.64,0
STU_00471,M.S. Computer Science,2,7.89,CR008,73.57,14,2.59,56.3,3,2.5,2,58.1,10.2,1.39,64.06,0
STU_00472,BCA / MCA,3,10.0,CR008,26.97,4,1.35,22.6,2,1.3,0,34.4,9.3,0.83,31.21,0
STU_00473,B.Tech Information Technology,2,7.22,CR005,50.1,9,1.82,36.2,1,1.5,0,31.8,6.1,0.93,33.87,0
STU_00474,B.Tech Electronics,2,6.41,CR008,71.64,18,2.28,50.3,2,2.9,3,65.5,9.6,1.34,60.89,0
STU_00475,B.Tech Computer Science,2,8.25,CR009,88.45,20,3.87,83.1,5,3.9,2,76.0,17.6,1.42,84.5,1
STU_00476,BCA / MCA,2,7.16,CR004,99.2,16,4.74,98.6,5,4.6,4,91.3,19.5,2.16,99.1,1
STU_00477,B.S. Data Science,3,9.29,CR001,88.26,17,3.43,66.1,3,2.7,1,60.5,16.3,1.01,71.19,0
STU_00478,B.Tech Electronics,3,7.82,CR002,91.61,13,4.15,80.3,4,4.0,3,81.6,23.4,1.38,88.56,1
STU_00479,BCA / MCA,2,8.81,CR006,73.9,15,3.07,65.4,6,4.2,3,82.0,24.2,1.43,75.84,1
STU_00480,M.S. Computer Science,1,8.34,CR004,86.31,16,3.91,84.1,3,4.2,4,88.1,14.6,1.74,81.5,1
STU_00481,M.S. Computer Science,2,5.68,CR009,33.59,10,1.24,24.9,2,1.7,1,48.6,9.1,0.66,37.0,0
STU_00482,B.S. Data Science,2,9.25,CR009,92.41,17,4.02,87.1,5,4.4,4,97.4,20.6,1.72,94.3,1
STU_00483,B.Tech Electronics,3,9.01,CR005,93.47,20,4.11,80.0,4,4.1,3,82.5,14.4,1.75,87.2,1
STU_00484,B.Tech Information Technology,1,10.0,CR006,86.38,18,3.91,80.5,6,4.2,5,78.6,14.0,1.58,88.55,1
STU_00485,B.Tech Information Technology,2,8.74,CR005,64.13,16,2.92,37.6,3,2.9,2,73.5,16.5,1.34,60.41,0
STU_00486,B.Tech Computer Science,2,7.96,CR002,62.08,10,2.39,47.0,4,3.8,2,69.9,12.1,1.06,58.93,0
STU_00487,BCA / MCA,3,6.56,CR006,77.05,14,3.23,57.9,3,3.5,2,68.1,9.9,1.36,70.22,0
STU_00488,M.S. Computer Science,1,7.3,CR002,92.43,12,3.95,81.3,6,3.8,4,82.2,14.6,1.79,87.44,1
STU_00489,B.Tech Computer Science,3,6.83,CR007,31.47,7,1.38,20.2,1,1.3,0,41.3,4.5,0.9,24.99,0
STU_00490,B.Tech Electronics,2,6.84,CR005,65.0,10,3.12,54.4,4,3.3,1,53.0,9.8,1.1,59.69,0
STU_00491,M.S. Computer Science,3,6.6,CR006,75.72,18,3.77,78.3,3,3.9,2,81.4,15.4,1.65,75.9,1
STU_00492,B.Tech Computer Science,2,8.55,CR008,28.89,10,1.52,34.2,0,2.2,1,29.3,7.9,0.95,27.06,0
STU_00493,B.Tech Electronics,1,8.47,CR007,36.15,10,1.47,28.4,2,2.4,0,36.6,8.2,0.84,34.37,0
STU_00494,BCA / MCA,2,6.41,CR005,30.54,5,1.0,20.9,1,1.4,1,24.3,7.3,0.67,27.44,0
STU_00495,B.Tech Computer Science,2,8.03,CR003,26.81,3,1.05,21.0,2,1.6,1,36.0,9.4,1.0,28.71,0
STU_00496,BCA / MCA,2,8.55,CR004,66.02,15,2.39,46.6,2,3.7,3,59.5,8.1,1.11,59.05,0
STU_00497,B.Tech Computer Science,1,7.17,CR008,33.57,9,1.21,25.5,2,1.3,0,37.6,6.1,0.86,29.77,0
STU_00498,M.S. Computer Science,2,9.51,CR001,46.04,6,1.51,35.3,1,1.3,0,45.4,7.0,0.93,38.72,0
STU_00499,B.Tech Electronics,2,5.74,CR008,34.71,10,1.43,21.0,1,2.2,0,49.2,5.3,0.67,32.09,0
STU_00500,BCA / MCA,3,5.86,CR002,59.85,10,2.57,43.6,3,3.6,1,52.8,16.3,1.24,58.66,0
STU_00501,B.Tech Electronics,3,7.72,CR003,65.29,16,2.82,51.1,4,3.1,1,67.6,11.1,1.13,63.31,0
STU_00502,B.Tech Computer Science,2,8.13,CR001,55.8,6,2.57,46.8,2,2.6,2,52.3,15.1,1.03,53.3,0
STU_00503,B.S. Data Science,3,8.8,CR003,96.19,20,4.53,92.1,8,4.4,4,92.9,29.4,1.66,99.5,1
STU_00504,B.Tech Computer Science,3,10.0,CR003,91.14,19,3.87,83.9,6,4.2,4,75.1,14.0,1.35,88.78,1
STU_00505,B.Tech Electronics,2,9.21,CR003,43.77,16,1.78,38.5,2,1.3,0,48.5,4.4,0.96,38.64,0
STU_00506,B.Tech Information Technology,2,8.34,CR010,81.89,15,3.47,69.8,5,4.4,2,75.2,16.4,1.33,75.41,1
STU_00507,BCA / MCA,3,6.94,CR004,74.52,14,2.87,61.1,4,3.4,1,53.2,8.5,1.35,62.81,0
STU_00508,BCA / MCA,2,7.43,CR001,97.8,19,4.03,69.1,4,4.0,5,80.3,15.0,1.51,85.76,1
STU_00509,B.Tech Electronics,1,8.05,CR008,76.67,15,2.54,63.0,2,3.2,3,73.2,8.3,1.31,70.84,0
STU_00510,B.Tech Computer Science,3,8.18,CR006,30.34,2,1.28,23.5,2,2.4,1,36.2,8.0,0.64,29.48,0
STU_00511,B.S. Data Science,2,5.95,CR003,91.44,18,4.41,88.4,3,4.2,2,83.2,24.5,1.74,84.65,1
STU_00512,M.S. Computer Science,1,7.49,CR005,34.46,10,1.54,30.1,0,1.1,1,32.2,4.2,0.93,27.62,0
STU_00513,M.S. Computer Science,2,7.76,CR009,92.53,14,4.41,81.6,6,4.1,5,89.0,20.9,1.77,96.1,1
STU_00514,B.Tech Computer Science,2,5.0,CR009,79.84,14,3.3,70.5,3,2.6,1,62.2,15.7,1.06,69.55,0
STU_00515,B.S. Data Science,1,7.16,CR004,96.8,16,4.59,89.1,6,4.7,5,94.6,18.6,2.03,99.5,1
STU_00516,B.Tech Electronics,2,7.35,CR002,71.13,19,2.65,58.0,3,3.8,3,54.5,13.9,1.04,66.34,0
STU_00517,B.Tech Information Technology,1,9.1,CR002,96.53,23,4.8,100.0,5,4.9,6,90.5,23.3,2.07,95.87,1
STU_00518,M.S. Computer Science,2,6.9,CR005,87.37,15,4.02,74.9,4,4.4,2,84.6,19.9,1.68,85.55,1
STU_00519,B.Tech Computer Science,3,9.05,CR001,35.99,6,1.06,30.7,1,2.5,1,45.3,8.7,0.73,34.66,0
STU_00520,B.Tech Information Technology,2,8.37,CR005,88.69,13,4.09,74.3,3,4.0,2,79.5,15.4,1.49,79.62,1
STU_00521,B.S. Data Science,3,7.2,CR005,74.59,11,2.9,51.4,3,2.6,3,58.9,10.5,1.37,60.34,0
STU_00522,M.S. Computer Science,2,6.76,CR008,86.01,17,3.38,75.3,3,2.8,1,55.0,13.3,1.21,63.74,0
STU_00523,B.Tech Electronics,3,8.36,CR003,62.14,9,2.17,52.8,3,2.5,1,62.0,16.6,1.36,59.58,0
STU_00524,M.S. Computer Science,2,8.87,CR002,49.71,15,2.27,48.9,2,1.4,0,34.6,7.0,0.7,33.96,0
STU_00525,B.Tech Computer Science,3,7.47,CR001,54.09,6,1.84,42.5,1,1.7,1,32.5,8.6,0.67,45.11,0
STU_00526,B.Tech Electronics,3,9.68,CR003,98.1,20,4.85,95.8,5,4.6,6,93.8,19.7,2.01,99.5,1
STU_00527,B.Tech Information Technology,2,6.45,CR007,95.87,23,4.05,92.7,7,4.7,5,89.4,20.2,1.65,96.22,1
STU_00528,B.Tech Computer Science,2,8.91,CR002,63.77,10,2.5,47.3,2,3.7,1,61.4,9.3,1.17,51.81,0
STU_00529,B.Tech Information Technology,3,7.31,CR001,98.07,26,5.0,96.4,5,4.5,6,95.8,22.7,1.95,94.97,1
STU_00530,B.S. Data Science,3,6.84,CR005,68.31,10,2.78,60.7,4,3.8,2,59.4,15.6,1.18,66.95,0
STU_00531,B.Tech Computer Science,2,6.9,CR005,60.68,11,2.56,47.6,3,2.8,3,56.4,13.7,1.2,65.22,0
STU_00532,M.S. Computer Science,2,9.36,CR006,75.93,12,3.32,55.6,3,2.6,1,73.0,14.1,1.32,66.35,0
STU_00533,BCA / MCA,3,8.3,CR004,24.31,2,1.0,20.4,1,2.3,0,34.2,8.5,0.66,24.15,0
STU_00534,B.Tech Information Technology,2,8.1,CR001,98.06,19,4.62,91.0,5,4.5,6,94.4,24.4,1.84,96.8,1
STU_00535,BCA / MCA,3,7.13,CR002,41.35,10,1.55,33.8,0,1.1,1,35.4,7.7,0.68,30.01,0
STU_00536,B.Tech Electronics,3,6.56,CR003,87.11,23,4.02,65.3,3,4.0,2,80.0,18.9,1.56,78.97,1
STU_00537,B.Tech Information Technology,3,6.2,CR009,83.62,16,3.24,73.1,3,2.6,2,57.1,10.4,1.1,71.1,0
STU_00538,BCA / MCA,1,7.55,CR002,62.73,13,2.69,54.7,4,3.6,2,73.5,17.9,1.38,67.03,0
STU_00539,B.Tech Computer Science,2,7.76,CR001,68.53,7,2.64,44.4,2,2.7,1,70.2,10.6,1.32,61.41,0
STU_00540,B.S. Data Science,2,5.0,CR006,98.67,19,4.69,95.6,8,4.6,5,97.6,31.1,2.11,95.07,1
STU_00541,B.S. Data Science,2,9.55,CR004,58.37,12,2.57,42.6,0,1.7,0,26.8,6.3,0.86,36.31,0
STU_00542,M.S. Computer Science,1,8.04,CR002,37.51,9,1.15,24.9,1,1.4,1,20.1,8.3,0.93,31.19,0
STU_00543,B.Tech Electronics,1,9.02,CR006,89.42,18,4.37,74.5,6,4.6,6,89.9,26.7,2.01,87.83,1
STU_00544,B.S. Data Science,2,7.95,CR002,49.69,12,1.76,31.0,2,1.9,1,24.6,9.1,0.68,34.98,0
STU_00545,BCA / MCA,2,7.51,CR001,37.64,11,1.0,20.7,1,2.0,0,26.5,8.3,0.97,30.59,0
STU_00546,B.Tech Computer Science,3,9.02,CR006,52.65,11,2.29,52.9,2,3.4,3,63.7,9.7,1.33,53.06,0
STU_00547,B.S. Data Science,2,8.33,CR003,42.23,8,1.27,31.8,1,2.1,1,41.7,8.9,0.94,35.87,0
STU_00548,M.S. Computer Science,3,8.14,CR004,53.74,6,2.34,41.7,0,1.7,0,22.6,4.3,0.75,33.14,0
STU_00549,B.Tech Computer Science,1,7.02,CR004,22.91,10,1.03,26.2,1,2.1,1,42.4,8.0,0.86,28.76,0
STU_00550,BCA / MCA,2,7.28,CR002,70.78,18,2.82,54.6,3,3.1,1,66.5,15.9,1.3,61.61,0
STU_00551,B.Tech Computer Science,3,8.51,CR004,97.2,20,4.82,94.4,8,5.0,4,93.9,29.2,1.76,93.29,1
STU_00552,B.Tech Computer Science,3,7.61,CR006,32.74,8,1.41,35.0,1,2.5,0,40.3,6.4,0.61,29.38,0
STU_00553,B.Tech Information Technology,3,8.74,CR007,89.49,18,3.95,72.4,6,4.6,5,78.7,18.1,1.45,90.42,1
STU_00554,B.Tech Computer Science,2,8.66,CR007,46.77,6,1.84,38.4,0,2.4,0,23.5,5.4,0.96,38.49,0
STU_00555,B.S. Data Science,2,10.0,CR003,25.0,2,1.0,24.1,2,2.4,0,23.0,9.1,0.6,27.41,0
STU_00556,BCA / MCA,2,7.42,CR007,92.79,14,4.17,78.1,6,4.3,2,75.9,15.1,1.32,84.99,1
STU_00557,B.Tech Computer Science,2,8.14,CR003,73.02,13,3.48,59.2,4,3.3,3,72.9,14.4,1.01,65.51,0
STU_00558,B.Tech Information Technology,2,6.03,CR009,86.09,14,3.71,64.7,6,3.9,4,87.3,23.7,1.42,86.69,1
STU_00559,B.Tech Electronics,2,8.12,CR008,83.16,13,3.37,64.7,4,3.1,3,73.5,16.9,1.23,77.7,1
STU_00560,B.S. Data Science,2,8.65,CR003,37.62,7,1.4,34.3,2,1.0,0,34.8,4.5,0.99,29.86,0
STU_00561,B.Tech Computer Science,3,9.27,CR005,33.31,8,1.77,35.6,1,2.4,1,21.1,7.0,0.94,28.74,0
STU_00562,M.S. Computer Science,3,7.15,CR003,33.2,6,1.74,35.4,2,2.2,0,43.4,9.3,0.97,30.38,0
STU_00563,B.S. Data Science,2,8.63,CR001,93.76,17,3.96,78.6,4,4.4,5,89.2,15.3,1.47,94.07,1
STU_00564,B.S. Data Science,3,7.92,CR003,54.82,9,2.02,37.0,2,1.7,1,45.0,5.1,0.66,44.33,0
STU_00565,BCA / MCA,2,5.23,CR010,29.35,7,1.0,25.3,2,1.5,1,31.7,9.9,0.68,30.52,0
STU_00566,M.S. Computer Science,2,8.96,CR010,96.77,24,4.5,89.7,8,4.9,5,92.2,28.5,1.93,97.76,1
STU_00567,B.Tech Information Technology,2,7.36,CR002,32.36,6,1.49,34.7,2,1.2,0,23.6,5.7,0.62,30.06,0
STU_00568,B.Tech Computer Science,2,8.78,CR001,85.55,13,3.18,69.3,4,2.9,1,64.9,14.9,1.16,75.35,1
STU_00569,B.Tech Information Technology,2,7.12,CR003,95.0,25,5.0,100.0,7,4.7,3,96.9,23.3,2.15,97.19,1
STU_00570,B.Tech Computer Science,1,5.96,CR003,88.94,12,3.72,78.0,5,4.0,2,76.0,16.8,1.4,80.84,1
STU_00571,B.S. Data Science,3,8.45,CR007,74.32,9,2.85,55.6,3,3.3,2,64.0,8.5,1.37,66.52,0
STU_00572,B.S. Data Science,1,8.21,CR003,86.97,18,3.53,65.7,6,4.1,5,82.8,14.5,1.77,85.78,1
STU_00573,BCA / MCA,2,7.45,CR009,82.56,12,3.47,61.9,5,4.6,3,86.0,15.0,1.31,83.22,1
STU_00574,BCA / MCA,2,8.45,CR003,65.39,19,2.6,52.8,4,2.7,3,66.2,17.9,1.25,63.23,0
STU_00575,B.S. Data Science,1,5.81,CR001,100.0,23,4.29,98.6,8,4.9,3,88.4,21.4,1.72,98.72,1
STU_00576,B.Tech Information Technology,2,6.94,CR010,37.5,7,1.56,37.5,2,1.5,0,20.5,7.4,0.65,32.42,0
STU_00577,B.Tech Electronics,1,7.6,CR002,50.56,6,2.05,40.4,1,1.4,0,33.0,4.3,0.84,34.12,0
STU_00578,BCA / MCA,3,7.45,CR002,84.95,20,3.43,83.3,5,4.2,5,89.6,14.5,1.78,87.76,1
STU_00579,B.Tech Computer Science,2,8.23,CR004,92.63,14,3.74,77.8,5,4.1,4,85.0,16.8,1.42,88.41,1
STU_00580,B.Tech Computer Science,3,7.16,CR001,87.12,11,3.23,68.8,4,3.6,2,71.4,17.1,1.16,77.27,1
STU_00581,B.Tech Information Technology,3,7.15,CR008,83.98,15,3.71,72.2,5,4.2,5,80.6,22.7,1.32,84.62,1
STU_00582,B.Tech Computer Science,3,8.54,CR010,89.11,21,4.04,77.9,4,4.3,3,81.4,16.6,1.48,85.34,1
STU_00583,B.Tech Electronics,1,8.36,CR001,88.98,15,3.2,60.7,3,3.2,2,63.9,14.3,1.18,71.32,0
STU_00584,B.Tech Computer Science,1,7.4,CR003,95.58,23,4.37,90.5,4,4.6,2,80.0,21.0,1.57,87.56,1
STU_00585,M.S. Computer Science,3,7.24,CR002,66.53,12,1.94,45.8,4,3.0,2,59.5,16.1,1.26,63.2,0
STU_00586,BCA / MCA,1,7.16,CR003,63.29,16,2.5,45.4,3,2.7,1,58.1,8.5,1.38,58.02,0
STU_00587,B.Tech Computer Science,1,7.77,CR004,97.32,17,4.57,91.7,8,5.0,5,97.5,23.0,1.68,98.99,1
STU_00588,BCA / MCA,2,7.62,CR004,47.07,9,1.78,32.9,1,1.1,1,46.5,5.6,0.7,44.37,0
STU_00589,B.Tech Information Technology,1,6.88,CR001,79.18,14,3.05,70.3,3,3.7,3,73.9,17.3,1.1,75.57,1
STU_00590,BCA / MCA,2,7.91,CR004,58.67,6,2.12,43.7,0,1.3,0,35.7,9.1,0.64,45.44,0
STU_00591,BCA / MCA,2,9.24,CR002,62.22,16,2.66,63.4,2,3.0,2,66.2,17.1,1.17,61.69,0
STU_00592,B.Tech Electronics,2,8.81,CR005,48.13,9,2.11,37.3,2,2.2,1,43.7,9.3,0.99,43.93,0
STU_00593,B.Tech Information Technology,2,6.21,CR007,67.06,14,2.19,54.8,3,2.7,1,62.8,8.8,1.23,61.15,0
STU_00594,B.S. Data Science,2,7.52,CR005,20.2,3,1.16,21.9,1,2.0,0,48.6,8.2,1.0,30.98,0
STU_00595,B.Tech Information Technology,3,8.24,CR002,31.65,9,1.28,19.5,1,1.6,1,26.8,5.5,0.8,28.72,0
STU_00596,M.S. Computer Science,2,8.43,CR001,97.66,17,3.87,88.5,6,4.0,5,77.4,18.9,1.48,94.23,1
STU_00597,M.S. Computer Science,3,6.43,CR008,61.64,12,2.54,53.8,3,2.8,3,71.9,13.2,1.29,64.67,0
STU_00598,B.Tech Computer Science,2,8.74,CR009,94.03,15,3.8,79.7,4,4.5,2,85.3,19.9,1.42,84.48,1
STU_00599,B.Tech Electronics,1,6.83,CR003,97.73,19,4.56,87.4,6,4.6,4,93.4,27.3,2.02,94.15,1
STU_00600,B.Tech Computer Science,2,8.89,CR007,40.22,5,1.39,23.1,2,1.7,0,20.7,8.7,0.73,34.39,0
STU_00601,M.S. Computer Science,2,7.95,CR002,46.78,15,1.83,36.2,2,1.2,1,37.2,4.5,0.68,34.5,0
STU_00602,M.S. Computer Science,2,7.19,CR005,66.35,12,2.63,54.4,2,3.5,3,72.9,12.6,1.26,65.07,0
STU_00603,M.S. Computer Science,2,6.23,CR007,25.79,7,1.38,16.2,0,2.1,0,41.8,9.5,0.89,25.53,0
STU_00604,M.S. Computer Science,2,6.83,CR002,97.63,21,4.23,98.9,5,4.9,5,90.2,26.6,1.75,96.03,1
STU_00605,M.S. Computer Science,3,9.02,CR007,77.19,11,3.09,61.3,4,3.3,2,67.4,10.9,1.22,67.74,0
STU_00606,M.S. Computer Science,2,9.26,CR001,40.61,6,1.85,23.1,1,1.2,0,32.1,4.6,0.81,33.59,0
STU_00607,M.S. Computer Science,2,7.84,CR007,54.92,11,1.8,45.2,1,1.9,0,49.1,4.8,0.83,44.42,0
STU_00608,B.Tech Computer Science,3,6.19,CR005,83.63,21,3.7,62.9,3,4.3,4,86.7,14.3,1.78,81.62,1
STU_00609,B.S. Data Science,2,7.21,CR008,90.34,16,4.01,78.1,3,4.4,3,76.8,16.4,1.49,85.74,1
STU_00610,B.Tech Information Technology,2,8.85,CR008,94.21,18,4.31,80.9,5,4.3,4,86.3,18.8,1.57,92.13,1
STU_00611,BCA / MCA,2,9.35,CR002,41.29,13,1.71,31.4,0,1.4,1,43.6,5.6,0.89,36.63,0
STU_00612,BCA / MCA,2,9.21,CR009,82.88,17,3.23,76.8,3,4.0,3,80.9,17.1,1.41,77.9,1
STU_00613,B.Tech Computer Science,2,7.3,CR009,76.22,15,2.93,60.5,4,2.8,3,68.8,16.7,1.35,72.59,0
STU_00614,B.Tech Computer Science,1,8.71,CR004,86.65,15,3.4,70.5,4,4.2,2,84.4,24.1,1.39,81.54,1
STU_00615,B.Tech Electronics,1,8.13,CR006,85.82,16,4.25,84.5,5,4.1,4,76.0,18.3,1.37,87.77,1
STU_00616,B.Tech Electronics,2,8.55,CR002,82.46,21,3.72,80.3,4,4.3,4,88.4,21.7,1.37,85.58,1
STU_00617,B.Tech Electronics,2,8.12,CR003,95.49,13,4.38,93.5,8,4.6,5,88.8,25.6,2.0,95.83,1
STU_00618,B.S. Data Science,1,8.01,CR005,87.13,23,3.87,81.4,3,4.4,4,82.4,23.4,1.57,87.44,1
STU_00619,B.Tech Computer Science,2,9.47,CR003,86.96,17,4.13,82.1,4,4.5,3,86.8,22.6,1.76,84.54,1
STU_00620,BCA / MCA,2,6.83,CR004,55.98,6,2.36,44.8,3,3.6,3,69.4,11.3,1.26,52.0,0
STU_00621,B.Tech Computer Science,3,6.21,CR001,74.73,13,3.06,58.0,2,3.2,3,65.9,16.7,1.3,68.99,0
STU_00622,B.Tech Information Technology,2,7.78,CR001,54.48,10,1.62,31.2,2,2.5,1,49.7,7.9,0.65,46.21,0
STU_00623,BCA / MCA,3,7.61,CR005,70.21,19,3.17,62.9,3,3.5,2,57.0,10.9,1.36,60.52,0
STU_00624,B.Tech Electronics,2,8.14,CR008,77.08,11,2.6,45.8,4,2.9,3,58.2,10.4,1.24,65.99,0
STU_00625,B.Tech Electronics,2,9.89,CR001,78.65,13,3.23,54.4,4,3.1,2,58.3,11.0,1.16,69.21,0
STU_00626,M.S. Computer Science,2,7.23,CR010,72.02,13,3.02,58.9,4,3.4,1,70.7,10.9,1.07,65.39,0
STU_00627,B.Tech Electronics,1,8.84,CR005,60.3,10,2.88,55.3,3,3.4,2,72.7,8.3,1.18,61.61,0
STU_00628,BCA / MCA,3,7.19,CR005,24.85,6,1.42,30.2,2,2.0,0,32.9,4.7,0.89,27.2,0
STU_00629,B.Tech Computer Science,3,8.05,CR010,79.13,14,3.22,69.8,3,2.8,3,61.8,11.5,1.14,70.19,0
STU_00630,B.Tech Information Technology,3,7.95,CR008,91.92,21,4.25,91.9,7,4.4,6,97.6,31.3,1.77,89.96,1
STU_00631,B.Tech Electronics,2,8.56,CR001,73.38,13,2.63,51.4,4,3.4,1,73.5,14.3,1.06,64.79,0
STU_00632,B.S. Data Science,3,6.44,CR004,96.05,23,4.51,74.6,6,4.0,4,88.2,14.6,1.77,90.12,1
STU_00633,M.S. Computer Science,2,9.44,CR003,83.29,23,3.82,68.7,4,4.0,4,86.4,19.8,1.33,82.51,1
STU_00634,B.Tech Computer Science,2,6.37,CR005,94.08,22,4.3,85.1,4,4.2,4,77.2,22.0,1.39,87.27,1
STU_00635,BCA / MCA,1,9.67,CR006,38.2,12,1.37,31.7,1,2.1,1,46.3,5.6,0.74,36.08,0
STU_00636,B.S. Data Science,2,7.67,CR010,76.33,15,3.22,67.1,2,3.6,2,67.8,13.1,1.25,69.39,0
STU_00637,B.Tech Computer Science,3,7.38,CR010,71.75,14,3.16,57.9,4,3.4,1,53.3,14.7,1.36,67.93,0
STU_00638,B.Tech Electronics,3,9.96,CR009,51.31,9,1.86,40.5,2,2.2,1,33.5,6.3,0.7,41.18,0
STU_00639,M.S. Computer Science,2,7.81,CR001,86.26,18,3.51,67.4,4,4.2,3,78.7,15.0,1.51,81.9,1
STU_00640,B.Tech Information Technology,2,7.47,CR010,83.67,12,3.89,70.1,6,4.4,3,79.6,14.6,1.49,85.78,1
STU_00641,B.S. Data Science,3,8.77,CR003,91.24,16,4.27,84.8,6,4.4,4,85.2,18.8,1.79,88.53,1
STU_00642,BCA / MCA,3,9.46,CR006,73.67,19,3.0,62.9,2,3.4,2,61.2,16.9,1.25,67.44,0
STU_00643,B.S. Data Science,2,7.15,CR003,65.31,13,2.64,51.4,2,3.4,2,70.8,16.5,1.07,60.45,0
STU_00644,B.Tech Computer Science,1,7.02,CR007,70.96,13,2.65,63.7,3,2.7,2,55.3,9.7,1.03,64.82,0
STU_00645,B.Tech Electronics,2,9.04,CR001,66.73,11,2.33,52.7,4,2.9,2,51.1,15.2,1.38,63.19,0
STU_00646,B.Tech Computer Science,3,10.0,CR009,39.59,10,2.18,32.6,2,1.7,0,28.6,6.2,0.94,29.07,0
STU_00647,BCA / MCA,3,8.3,CR004,92.78,23,4.03,78.4,5,4.0,4,80.8,20.0,1.61,87.23,1
STU_00648,B.Tech Information Technology,1,6.43,CR009,82.49,16,3.02,56.7,2,3.3,1,67.8,14.4,1.38,64.66,0
STU_00649,B.Tech Computer Science,2,8.16,CR005,84.17,17,3.23,62.4,4,3.3,3,51.4,8.5,1.35,75.05,1
STU_00650,M.S. Computer Science,2,9.47,CR003,57.05,14,2.61,54.2,3,3.0,2,53.3,17.4,1.3,59.92,0
STU_00651,B.Tech Information Technology,1,6.53,CR007,42.38,4,1.19,38.2,0,1.7,0,23.8,8.8,0.85,33.69,0
STU_00652,B.Tech Information Technology,3,9.6,CR010,71.18,19,3.2,54.2,2,2.7,2,57.6,15.7,1.18,60.45,0
STU_00653,BCA / MCA,2,5.75,CR001,81.93,11,3.53,60.8,4,3.7,2,70.5,11.8,1.29,70.18,0
STU_00654,M.S. Computer Science,2,7.84,CR010,89.1,24,4.95,100.0,5,4.6,3,95.3,28.9,2.18,95.05,1
STU_00655,B.Tech Computer Science,2,7.48,CR007,53.06,14,2.5,50.3,2,3.6,3,68.7,15.6,1.26,56.16,0
STU_00656,B.S. Data Science,2,9.1,CR003,28.0,12,1.33,31.3,2,1.2,0,27.1,6.2,0.92,29.8,0
STU_00657,B.S. Data Science,2,7.79,CR002,91.99,21,3.72,76.1,5,4.0,3,84.1,20.9,1.52,88.35,1
STU_00658,B.Tech Electronics,3,7.74,CR002,71.14,6,2.68,47.9,4,3.6,1,62.3,10.5,1.2,65.99,0
STU_00659,B.S. Data Science,1,7.64,CR002,63.99,4,2.71,54.3,4,3.2,1,74.2,17.5,1.27,62.5,0
STU_00660,B.S. Data Science,3,6.49,CR004,77.14,10,3.23,62.7,3,3.0,2,71.2,11.3,1.28,71.3,0
STU_00661,B.Tech Information Technology,1,7.8,CR008,94.47,16,4.48,83.6,8,4.6,5,97.2,23.4,1.9,96.69,1
STU_00662,B.Tech Information Technology,1,7.43,CR002,100.0,23,4.74,98.2,8,4.8,4,91.4,27.8,2.11,99.5,1
STU_00663,B.Tech Computer Science,3,7.77,CR002,94.55,16,3.89,76.9,3,4.4,4,86.0,24.6,1.36,87.98,1
STU_00664,BCA / MCA,2,7.32,CR005,66.17,12,2.31,44.2,2,3.7,1,57.0,12.4,1.36,58.01,0
STU_00665,B.Tech Information Technology,3,8.9,CR005,62.95,12,2.9,59.3,4,3.6,2,69.4,14.3,1.39,68.3,0
STU_00666,B.Tech Electronics,3,6.69,CR002,82.99,20,3.23,74.6,3,4.5,2,88.6,15.2,1.8,83.53,1
STU_00667,B.Tech Information Technology,2,7.73,CR003,65.4,12,2.89,48.6,3,3.1,3,73.0,12.8,1.01,62.51,0
STU_00668,B.S. Data Science,3,7.79,CR002,73.78,15,2.9,58.9,3,3.0,1,73.0,13.0,1.28,72.06,0
STU_00669,B.Tech Computer Science,2,8.14,CR008,59.82,15,2.29,45.4,3,3.7,3,60.7,16.1,1.16,64.85,0
STU_00670,B.Tech Electronics,3,8.15,CR003,44.75,8,1.79,44.9,2,1.4,0,20.0,9.2,0.93,39.84,0
STU_00671,B.Tech Information Technology,1,9.06,CR010,51.8,14,2.38,41.1,4,2.7,3,68.9,15.2,1.15,54.77,0
STU_00672,B.Tech Electronics,1,9.55,CR007,85.8,18,4.09,73.4,3,4.5,3,75.4,21.8,1.47,80.85,1
STU_00673,B.Tech Electronics,3,7.58,CR002,87.92,13,3.88,67.9,6,4.2,2,81.4,21.1,1.77,81.7,1
STU_00674,B.Tech Computer Science,2,8.07,CR006,31.54,7,1.67,41.7,2,2.4,0,24.8,7.6,0.74,32.92,0
STU_00675,BCA / MCA,3,8.18,CR009,80.03,18,3.2,67.9,4,3.1,3,74.6,11.0,1.1,72.27,0
STU_00676,B.Tech Computer Science,2,6.65,CR004,60.47,11,2.59,50.3,4,2.7,3,55.8,14.4,1.18,64.81,0
STU_00677,BCA / MCA,2,8.43,CR009,91.96,14,3.96,78.4,3,4.6,2,83.1,17.0,1.64,83.34,1
STU_00678,BCA / MCA,3,6.41,CR009,89.95,17,3.65,75.5,6,3.9,3,86.0,18.0,1.39,86.96,1
STU_00679,B.Tech Computer Science,3,9.12,CR006,38.95,13,1.69,30.1,1,2.5,0,21.3,5.4,0.76,34.09,0
STU_00680,M.S. Computer Science,2,8.76,CR007,88.44,13,3.46,67.5,2,3.5,1,70.7,17.5,1.06,74.37,0
STU_00681,B.Tech Electronics,2,7.77,CR010,62.81,16,3.05,59.5,3,2.5,2,55.6,17.5,1.01,60.56,0
STU_00682,B.S. Data Science,1,9.06,CR008,94.9,15,3.8,78.5,3,4.0,2,84.8,16.2,1.59,86.27,1
STU_00683,B.Tech Electronics,2,9.14,CR009,76.75,16,2.91,67.1,2,3.2,3,69.4,13.8,1.11,73.81,0
STU_00684,M.S. Computer Science,2,6.91,CR009,60.03,14,2.96,40.5,4,3.2,3,67.8,15.8,1.11,60.98,0
STU_00685,B.Tech Electronics,3,7.78,CR006,81.68,17,3.46,75.1,4,4.3,5,89.1,14.9,1.46,81.29,1
STU_00686,B.S. Data Science,2,6.21,CR010,70.16,10,2.62,57.0,4,3.1,3,59.8,13.6,1.1,65.4,0
STU_00687,B.S. Data Science,3,7.23,CR002,24.4,9,1.58,18.7,2,1.1,0,28.8,9.2,0.74,20.7,0
STU_00688,B.Tech Computer Science,2,6.42,CR005,52.14,14,1.89,48.0,3,3.5,3,72.2,17.7,1.29,60.01,0
STU_00689,B.Tech Computer Science,1,8.66,CR003,78.09,15,3.12,56.8,4,2.8,3,58.6,16.7,1.02,67.9,0
STU_00690,BCA / MCA,2,7.19,CR005,74.04,15,3.63,65.9,2,3.0,1,68.1,8.8,1.24,67.54,0
STU_00691,B.Tech Electronics,2,8.04,CR004,94.13,16,4.03,83.6,3,4.5,5,83.6,22.3,1.68,92.9,1
STU_00692,B.Tech Computer Science,3,7.02,CR010,31.29,5,1.17,24.2,1,1.9,1,28.7,8.8,0.92,32.58,0
STU_00693,BCA / MCA,2,9.57,CR009,30.54,13,1.32,24.5,1,1.2,0,32.2,5.4,0.7,29.73,0
STU_00694,M.S. Computer Science,3,5.99,CR009,99.81,14,4.48,92.1,8,4.7,4,89.2,20.4,2.11,99.5,1
STU_00695,BCA / MCA,2,7.69,CR003,39.52,6,1.85,28.2,2,1.3,1,39.4,8.1,0.7,31.73,0
STU_00696,M.S. Computer Science,3,7.3,CR007,91.42,24,4.82,98.1,6,4.5,5,88.5,28.7,2.0,94.9,1
STU_00697,B.Tech Electronics,3,8.1,CR005,74.01,15,3.53,65.6,2,2.7,1,51.3,13.8,1.39,56.64,0
STU_00698,B.Tech Electronics,2,8.29,CR009,71.91,13,3.0,69.1,4,2.9,3,65.6,8.9,1.25,68.67,0
STU_00699,B.S. Data Science,3,8.68,CR009,68.31,17,3.05,58.1,2,2.5,1,65.2,12.9,1.08,61.78,0
STU_00700,M.S. Computer Science,3,8.37,CR006,92.8,23,4.29,89.4,6,4.7,4,97.7,22.5,1.7,95.23,1
STU_00701,M.S. Computer Science,2,8.62,CR006,79.83,14,3.8,74.6,5,4.2,5,84.8,20.8,1.65,85.58,1
STU_00702,M.S. Computer Science,2,9.51,CR007,94.05,19,3.98,90.3,5,3.9,5,75.2,21.6,1.35,88.89,1
STU_00703,B.Tech Computer Science,2,7.08,CR001,89.73,15,3.5,56.1,2,3.7,3,58.5,11.5,1.23,74.47,0
STU_00704,B.Tech Computer Science,1,7.73,CR003,96.59,21,4.67,93.2,7,4.7,4,97.5,26.5,1.96,96.89,1
STU_00705,B.Tech Computer Science,2,6.85,CR005,52.71,5,2.18,37.5,2,1.7,0,45.5,6.0,0.74,40.65,0
STU_00706,B.S. Data Science,3,6.62,CR002,69.45,18,2.76,48.3,4,3.1,3,68.5,17.6,1.05,69.34,0
STU_00707,M.S. Computer Science,3,7.47,CR009,78.16,20,3.46,60.5,4,2.6,3,68.1,11.9,1.03,69.57,0
STU_00708,B.S. Data Science,2,9.89,CR001,99.15,23,4.53,93.4,8,4.8,6,95.7,30.9,1.86,96.06,1
STU_00709,BCA / MCA,2,7.06,CR009,50.55,14,1.96,45.7,2,2.1,1,41.8,6.5,0.85,40.36,0
STU_00710,B.Tech Information Technology,2,8.8,CR008,87.24,20,3.67,73.5,5,3.9,3,80.4,21.7,1.78,82.9,1
STU_00711,BCA / MCA,3,9.0,CR005,71.11,11,3.2,65.3,4,2.7,1,62.3,14.9,1.26,64.03,0
STU_00712,B.Tech Information Technology,3,9.16,CR009,29.45,11,1.23,21.7,0,1.7,1,44.2,6.7,0.94,28.64,0
STU_00713,B.S. Data Science,2,7.63,CR003,42.51,8,1.6,27.9,1,1.2,0,46.0,5.7,0.91,36.31,0
STU_00714,B.S. Data Science,2,7.24,CR003,47.68,11,2.47,38.8,1,1.4,0,20.4,4.7,0.95,35.55,0
STU_00715,BCA / MCA,2,8.67,CR005,53.31,9,2.14,43.0,4,2.6,3,64.9,11.5,1.19,53.43,0
STU_00716,B.S. Data Science,1,8.34,CR006,76.09,16,2.95,59.4,2,3.2,3,72.8,11.3,1.06,70.24,0
STU_00717,B.Tech Computer Science,3,8.89,CR003,59.88,11,2.01,37.2,4,3.8,2,65.2,13.0,1.15,62.48,0
STU_00718,B.Tech Computer Science,2,5.82,CR004,87.64,18,3.9,71.6,5,4.0,4,84.0,24.2,1.73,82.66,1
STU_00719,B.S. Data Science,2,8.44,CR010,61.43,14,2.52,47.9,4,3.0,3,65.6,10.3,1.37,66.53,0
STU_00720,B.Tech Computer Science,1,8.67,CR006,72.98,16,2.77,57.9,4,3.4,3,60.4,10.2,1.29,68.53,0
STU_00721,M.S. Computer Science,2,8.68,CR001,95.84,11,3.99,81.9,5,4.5,5,84.1,20.7,1.45,86.39,1
STU_00722,B.Tech Computer Science,2,7.43,CR009,81.32,19,3.7,65.3,3,4.6,4,76.8,16.8,1.75,78.34,1
STU_00723,M.S. Computer Science,3,8.58,CR008,77.28,20,3.26,64.5,3,2.6,3,51.7,14.0,1.29,67.46,0
STU_00724,B.Tech Information Technology,2,7.19,CR002,99.45,23,4.42,87.7,6,5.0,3,94.5,26.5,1.85,94.43,1
STU_00725,BCA / MCA,1,9.81,CR004,83.09,15,3.56,75.7,6,4.1,2,75.3,22.2,1.62,86.75,1
STU_00726,B.Tech Information Technology,2,8.62,CR007,66.05,8,2.62,57.9,2,3.0,3,57.9,15.1,1.06,65.7,0
STU_00727,BCA / MCA,1,7.92,CR008,91.43,18,3.58,85.1,3,4.3,2,76.3,16.0,1.5,81.6,1
STU_00728,B.Tech Computer Science,1,7.06,CR005,80.07,17,3.13,60.8,4,3.1,1,61.8,13.0,1.35,70.17,0
STU_00729,B.S. Data Science,2,7.35,CR008,54.31,12,2.72,42.0,3,2.9,2,50.3,15.0,1.25,52.33,0
STU_00730,B.Tech Computer Science,2,7.58,CR002,59.02,14,2.93,55.6,4,3.3,3,57.2,16.5,1.06,62.72,0
STU_00731,M.S. Computer Science,1,6.76,CR010,29.11,3,1.15,26.9,0,2.0,1,49.4,7.8,0.95,29.1,0
STU_00732,M.S. Computer Science,1,8.13,CR005,58.22,13,2.52,50.3,3,3.5,2,61.7,16.4,1.14,59.96,0
STU_00733,B.Tech Electronics,2,8.91,CR001,83.15,16,3.34,63.6,4,3.7,1,66.1,17.8,1.12,70.95,0
STU_00734,B.Tech Information Technology,3,9.77,CR009,83.7,21,3.52,66.8,4,3.7,1,51.4,9.7,1.3,67.3,0
STU_00735,B.S. Data Science,2,7.97,CR006,97.09,19,5.0,90.0,5,4.8,4,92.8,29.4,1.87,93.74,1
STU_00736,B.Tech Computer Science,1,9.13,CR010,58.73,18,2.97,61.6,4,2.5,3,71.9,11.0,1.4,62.23,0
STU_00737,B.Tech Computer Science,2,5.91,CR006,36.27,13,1.64,35.5,2,2.4,0,25.3,4.5,0.95,33.22,0
STU_00738,B.Tech Information Technology,1,8.05,CR010,82.44,21,3.57,74.4,4,4.5,2,85.1,15.9,1.76,85.94,1
STU_00739,B.Tech Information Technology,2,7.71,CR010,88.03,18,3.86,86.0,6,4.4,2,83.4,16.5,1.77,87.62,1
STU_00740,B.S. Data Science,2,8.59,CR005,42.83,9,1.81,36.0,2,2.1,1,28.2,10.0,0.67,40.72,0
STU_00741,B.S. Data Science,2,7.56,CR004,48.9,12,2.24,36.8,2,1.7,0,38.8,7.0,0.99,39.93,0
STU_00742,B.Tech Information Technology,2,7.24,CR008,65.82,9,2.08,48.3,4,3.6,2,57.8,12.5,1.17,63.58,0
STU_00743,BCA / MCA,2,8.2,CR010,59.61,11,2.95,53.7,3,3.3,2,56.4,14.9,1.12,58.13,0
STU_00744,B.Tech Information Technology,1,8.13,CR004,83.49,14,3.8,73.0,6,4.3,4,83.3,24.6,1.58,88.03,1
STU_00745,B.S. Data Science,1,7.56,CR006,83.83,15,3.72,75.9,6,3.9,5,89.9,23.6,1.53,85.79,1
STU_00746,B.S. Data Science,3,6.43,CR008,72.4,17,2.72,60.3,2,3.7,3,50.4,14.4,1.03,64.11,0
STU_00747,M.S. Computer Science,1,9.98,CR005,89.19,26,4.3,81.4,4,3.9,3,89.6,20.8,1.38,85.45,1
STU_00748,B.S. Data Science,3,8.16,CR002,87.28,16,3.52,71.4,3,4.2,2,78.2,23.5,1.59,78.84,1
STU_00749,M.S. Computer Science,2,7.81,CR010,36.21,9,1.25,23.2,0,2.4,1,29.3,6.2,0.79,32.29,0
STU_00750,M.S. Computer Science,3,7.72,CR009,68.97,16,2.73,49.9,2,3.4,2,70.2,14.1,1.04,61.63,0
STU_00751,B.Tech Electronics,2,9.04,CR010,69.51,18,3.37,66.9,5,4.1,3,82.5,24.4,1.77,78.6,1
STU_00752,B.Tech Electronics,2,7.21,CR002,83.62,16,3.16,59.8,4,3.8,1,63.4,13.0,1.07,69.75,0
STU_00753,BCA / MCA,2,9.41,CR010,69.85,16,3.5,68.3,4,4.0,5,89.4,17.4,1.46,77.49,1
STU_00754,B.Tech Information Technology,1,8.03,CR010,92.11,25,4.37,83.9,4,4.6,5,84.2,20.7,1.68,86.83,1
STU_00755,B.S. Data Science,1,7.25,CR008,36.57,8,1.14,21.5,1,2.0,1,35.0,8.0,0.87,34.0,0
STU_00756,B.Tech Information Technology,1,7.06,CR004,67.86,15,2.55,54.4,3,2.6,2,71.9,13.6,1.13,61.16,0
STU_00757,B.Tech Electronics,3,5.44,CR001,58.85,8,2.3,41.3,2,1.0,1,35.6,5.3,0.9,45.12,0
STU_00758,B.Tech Computer Science,3,6.23,CR009,66.6,8,2.92,57.0,3,2.7,3,69.5,11.0,1.08,66.59,0
STU_00759,B.S. Data Science,2,8.19,CR010,35.83,5,1.05,22.2,2,2.2,1,40.5,4.2,0.65,34.22,0
STU_00760,B.S. Data Science,2,7.19,CR002,81.06,17,3.33,63.3,3,3.2,1,62.7,11.2,1.1,66.85,0
STU_00761,M.S. Computer Science,2,7.22,CR006,71.23,19,3.19,63.4,3,3.4,3,66.7,11.7,1.02,68.46,0
STU_00762,B.Tech Computer Science,2,9.0,CR003,52.98,9,2.21,46.6,2,3.1,1,70.4,15.3,1.2,50.46,0
STU_00763,M.S. Computer Science,2,6.36,CR004,42.79,7,1.97,34.9,0,2.3,1,25.2,4.1,0.86,35.68,0
STU_00764,M.S. Computer Science,3,8.51,CR002,82.38,13,3.57,70.2,6,3.8,4,87.6,19.4,1.71,86.45,1
STU_00765,BCA / MCA,1,8.76,CR008,79.83,15,3.04,61.0,4,3.5,1,68.4,9.1,1.11,70.15,0
STU_00766,BCA / MCA,3,6.73,CR001,53.63,13,1.94,39.5,0,1.1,0,45.2,9.7,0.87,37.77,0
STU_00767,B.Tech Information Technology,2,6.19,CR001,88.8,14,3.48,69.0,4,4.6,2,82.8,23.9,1.47,85.99,1
STU_00768,B.Tech Information Technology,2,10.0,CR003,74.52,14,3.14,68.9,3,3.4,3,51.1,16.4,1.4,71.69,0
STU_00769,M.S. Computer Science,2,8.41,CR005,86.81,20,4.25,84.7,6,4.6,6,97.6,23.5,1.92,96.74,1
STU_00770,M.S. Computer Science,3,9.27,CR008,48.59,8,1.62,32.7,1,2.1,0,32.6,8.0,0.65,40.69,0
STU_00771,M.S. Computer Science,3,9.97,CR003,46.98,11,2.57,51.3,4,3.3,2,75.0,17.4,1.0,55.11,0
STU_00772,B.Tech Information Technology,3,7.53,CR006,97.64,22,4.79,94.7,5,4.4,4,93.3,18.6,1.62,93.83,1
STU_00773,B.Tech Electronics,2,7.83,CR002,38.41,11,1.65,33.3,2,1.3,1,37.9,8.2,0.79,38.39,0
STU_00774,B.Tech Information Technology,2,7.5,CR003,57.01,16,2.32,43.0,4,2.6,3,52.2,13.5,1.09,56.07,0
STU_00775,B.Tech Computer Science,3,7.72,CR009,78.52,17,3.45,62.8,2,2.9,1,51.2,17.0,1.19,67.64,0
STU_00776,B.Tech Electronics,2,7.99,CR010,57.38,8,2.57,49.6,2,3.7,3,67.0,15.0,1.39,58.54,0
STU_00777,BCA / MCA,2,6.98,CR007,76.77,14,3.34,65.8,2,2.7,3,54.8,12.2,1.24,69.02,0
STU_00778,M.S. Computer Science,2,9.14,CR008,90.52,17,4.36,85.9,6,4.3,4,88.6,20.2,1.7,92.79,1
STU_00779,M.S. Computer Science,3,7.13,CR010,46.75,9,1.5,37.2,0,2.5,1,48.3,8.3,0.81,42.34,0
STU_00780,B.Tech Electronics,3,7.05,CR002,78.81,9,3.22,70.7,4,3.1,2,64.7,12.6,1.15,72.53,0
STU_00781,B.S. Data Science,1,8.74,CR001,81.25,12,2.8,67.4,2,2.9,3,56.1,14.2,1.18,71.54,0
STU_00782,B.Tech Computer Science,2,7.33,CR004,87.49,20,4.3,83.1,5,4.2,5,87.0,24.2,1.79,89.18,1
STU_00783,B.S. Data Science,1,8.01,CR007,83.45,17,3.39,79.4,5,4.3,4,86.6,19.0,1.62,81.72,1
STU_00784,M.S. Computer Science,2,7.49,CR006,66.6,13,3.13,54.3,4,3.6,2,59.3,12.1,1.17,62.19,0
STU_00785,B.Tech Information Technology,2,8.63,CR009,68.22,14,2.86,53.3,3,2.9,3,53.4,15.4,1.35,65.49,0
STU_00786,M.S. Computer Science,2,7.58,CR005,81.0,16,2.85,60.1,4,3.5,2,52.1,13.8,1.33,71.35,0
STU_00787,BCA / MCA,1,8.57,CR002,94.23,18,4.2,81.5,6,4.5,3,89.0,20.3,1.45,89.88,1
STU_00788,B.Tech Computer Science,2,6.79,CR007,94.12,21,3.93,91.5,3,4.0,3,86.9,19.4,1.67,93.08,1
STU_00789,B.Tech Electronics,3,7.85,CR001,85.11,11,3.57,74.0,4,4.5,5,87.4,15.9,1.51,90.74,1
STU_00790,M.S. Computer Science,2,6.97,CR002,53.25,8,2.3,33.1,3,3.6,1,63.6,8.4,1.37,50.76,0
STU_00791,M.S. Computer Science,1,7.87,CR007,97.95,20,4.21,86.4,8,4.4,5,93.4,21.3,1.78,99.5,1
STU_00792,BCA / MCA,3,8.15,CR001,100.0,25,4.66,91.7,6,4.4,6,90.8,18.7,2.14,98.32,1
STU_00793,B.Tech Electronics,1,7.87,CR009,74.31,18,2.8,58.3,2,3.6,3,70.3,11.4,1.39,67.78,0
STU_00794,M.S. Computer Science,2,8.36,CR004,76.01,12,2.64,57.1,4,3.5,1,72.6,14.8,1.12,71.09,0
STU_00795,B.S. Data Science,2,7.74,CR001,100.0,22,4.53,88.4,5,4.9,5,90.2,28.8,1.87,93.42,1
STU_00796,B.Tech Electronics,2,8.11,CR007,77.34,20,3.34,64.8,2,3.7,3,61.2,14.6,1.16,68.35,0
STU_00797,B.Tech Computer Science,3,10.0,CR002,97.08,21,4.42,89.3,7,4.6,5,91.4,27.8,1.88,96.32,1
STU_00798,B.S. Data Science,3,6.13,CR005,23.6,9,1.15,20.1,0,2.4,1,44.6,8.4,0.84,26.1,0
STU_00799,B.Tech Electronics,2,7.57,CR005,23.51,3,1.0,21.2,2,1.8,0,39.3,6.0,0.88,30.36,0
STU_00800,M.S. Computer Science,1,5.0,CR005,75.85,12,3.33,56.0,2,3.5,3,52.0,10.1,1.12,65.36,0
STU_00801,B.S. Data Science,3,5.0,CR010,58.99,14,2.73,51.7,3,2.9,2,66.9,15.8,1.35,61.3,0
STU_00802,M.S. Computer Science,2,8.89,CR004,91.76,19,4.15,83.8,6,4.4,5,80.7,20.1,1.48,88.9,1
STU_00803,M.S. Computer Science,3,7.67,CR008,44.69,7,1.77,35.2,0,1.3,1,42.2,4.2,0.82,39.12,0
STU_00804,BCA / MCA,3,8.63,CR004,87.96,21,4.25,87.0,4,4.5,4,87.6,24.4,1.57,89.68,1
STU_00805,B.Tech Electronics,3,8.57,CR009,64.85,20,2.7,48.1,4,2.9,2,71.2,17.1,1.18,65.76,0
STU_00806,B.Tech Information Technology,2,9.63,CR007,95.19,20,4.35,71.1,5,3.9,2,89.1,20.8,1.72,88.75,1
STU_00807,M.S. Computer Science,3,6.11,CR008,68.98,10,2.95,57.5,2,3.5,3,66.3,10.3,1.06,67.26,0
STU_00808,B.S. Data Science,1,8.82,CR004,77.2,15,2.83,63.1,2,2.6,1,67.4,15.2,1.4,64.05,0
STU_00809,BCA / MCA,2,8.62,CR005,48.17,7,1.9,49.5,0,1.1,0,32.2,6.0,0.91,36.59,0
STU_00810,M.S. Computer Science,2,10.0,CR002,23.25,9,1.27,19.4,0,2.3,1,48.2,7.7,0.95,28.66,0
STU_00811,M.S. Computer Science,1,5.29,CR009,95.65,24,4.9,91.1,8,4.6,5,90.9,24.7,1.73,97.75,1
STU_00812,M.S. Computer Science,2,7.65,CR010,84.45,20,4.22,81.7,6,3.9,3,85.1,14.0,1.35,86.63,1
STU_00813,M.S. Computer Science,2,7.68,CR004,96.01,17,4.26,89.8,4,4.2,2,79.3,22.7,1.38,89.61,1
STU_00814,M.S. Computer Science,3,6.88,CR008,97.97,21,4.72,99.0,5,5.0,5,90.0,27.9,2.11,99.5,1
STU_00815,B.Tech Electronics,3,7.37,CR003,72.18,8,2.77,53.0,2,3.2,3,58.4,14.3,1.03,67.94,0
STU_00816,M.S. Computer Science,2,7.46,CR001,42.87,15,1.72,36.9,0,2.1,1,20.6,6.8,0.96,38.43,0
STU_00817,M.S. Computer Science,1,7.08,CR006,56.62,5,2.13,50.2,3,2.8,1,50.3,11.5,1.04,53.86,0
STU_00818,M.S. Computer Science,2,7.72,CR005,70.15,15,3.01,53.1,4,3.5,2,61.2,13.3,1.17,63.92,0
STU_00819,B.S. Data Science,1,8.79,CR007,45.82,6,2.03,45.2,2,2.2,1,44.9,5.9,0.87,43.41,0
STU_00820,B.S. Data Science,3,7.06,CR005,62.79,20,2.41,50.9,4,3.7,1,57.2,15.3,1.29,60.37,0
STU_00821,M.S. Computer Science,2,7.58,CR002,84.79,17,3.08,72.4,4,4.5,5,81.5,14.5,1.37,83.89,1
STU_00822,B.Tech Electronics,1,8.79,CR003,62.33,11,2.79,63.3,2,3.8,1,52.4,17.0,1.18,57.32,0
STU_00823,B.Tech Electronics,2,6.5,CR009,79.67,17,3.35,66.8,3,2.8,2,72.5,13.8,1.05,67.66,0
STU_00824,B.S. Data Science,2,7.26,CR010,44.49,9,1.97,42.4,0,1.1,0,24.2,5.0,0.97,30.16,0
STU_00825,B.Tech Computer Science,2,9.82,CR005,68.38,10,2.53,48.1,4,3.4,1,68.5,13.1,1.39,58.45,0
STU_00826,B.Tech Electronics,3,9.0,CR005,68.15,14,2.9,63.3,4,3.1,3,57.2,9.0,1.36,62.63,0
STU_00827,B.S. Data Science,2,7.72,CR007,45.41,11,2.06,37.2,2,1.4,0,41.8,9.0,0.91,39.15,0
STU_00828,M.S. Computer Science,2,8.71,CR009,45.85,9,1.68,37.8,1,2.3,1,48.8,6.9,0.82,39.63,0
STU_00829,B.S. Data Science,2,8.06,CR008,89.66,21,3.81,75.8,6,4.1,2,87.3,16.0,1.33,81.16,1
STU_00830,B.Tech Electronics,2,8.76,CR008,69.46,16,3.09,60.0,2,3.0,1,71.7,11.1,1.03,62.48,0
STU_00831,BCA / MCA,3,7.66,CR006,75.86,15,3.91,68.9,4,2.8,3,67.9,13.3,1.33,73.82,0
STU_00832,B.Tech Electronics,3,6.18,CR002,51.95,12,2.06,40.8,1,1.7,0,45.7,9.6,0.64,43.71,0
STU_00833,B.S. Data Science,2,8.31,CR005,92.62,20,4.3,93.6,6,4.2,4,87.7,17.3,1.49,91.39,1
STU_00834,B.Tech Electronics,3,6.66,CR006,88.21,20,4.3,79.8,6,4.6,5,81.8,24.3,1.76,88.55,1
STU_00835,B.Tech Information Technology,1,7.59,CR001,41.4,10,1.7,28.8,0,1.9,1,20.2,4.6,0.68,35.15,0
STU_00836,BCA / MCA,3,7.57,CR002,43.17,6,1.81,34.4,1,2.1,0,49.0,6.7,0.85,35.79,0
STU_00837,B.Tech Computer Science,1,8.15,CR008,72.81,17,2.75,66.2,2,2.9,2,72.4,9.8,1.18,67.08,0
STU_00838,M.S. Computer Science,3,8.91,CR002,49.92,11,2.57,47.4,2,1.8,0,32.8,5.7,0.79,43.19,0
STU_00839,B.Tech Computer Science,2,7.62,CR007,76.79,9,3.49,63.6,2,2.9,3,73.5,10.8,1.37,67.77,0
STU_00840,B.S. Data Science,2,8.78,CR003,32.18,8,1.31,27.0,0,1.6,0,43.5,8.6,0.92,26.72,0
STU_00841,B.Tech Computer Science,2,6.83,CR006,86.93,25,4.41,89.1,6,4.0,4,78.6,21.6,1.73,89.11,1
STU_00842,M.S. Computer Science,2,6.78,CR009,50.4,6,2.41,38.9,2,2.0,1,33.6,4.9,0.81,39.45,0
STU_00843,BCA / MCA,3,8.07,CR010,61.07,14,2.69,57.2,4,2.8,3,59.8,13.2,1.2,65.04,0
STU_00844,M.S. Computer Science,2,7.74,CR006,53.44,15,2.07,47.0,2,3.1,1,51.2,10.9,1.23,50.37,0
STU_00845,B.Tech Electronics,2,7.8,CR007,56.31,15,2.58,53.5,3,3.7,1,70.6,17.7,1.07,61.99,0
STU_00846,B.Tech Computer Science,2,9.43,CR003,74.3,12,2.94,70.2,3,3.0,3,71.7,9.6,1.35,77.06,1
STU_00847,B.Tech Computer Science,2,9.52,CR008,99.57,19,4.82,97.7,8,4.9,5,89.2,22.7,1.75,97.78,1
STU_00848,B.Tech Computer Science,3,7.74,CR005,72.32,9,3.09,68.6,2,2.6,3,57.7,13.7,1.16,76.34,1
STU_00849,B.S. Data Science,1,6.48,CR009,69.53,15,3.24,55.7,2,3.1,1,65.5,10.4,1.17,57.29,0
STU_00850,BCA / MCA,3,8.41,CR007,84.94,17,3.73,73.0,4,4.0,4,84.2,17.8,1.45,83.3,1
STU_00851,B.Tech Computer Science,2,8.21,CR004,59.39,12,2.53,37.1,4,3.5,3,56.4,9.9,1.15,60.66,0
STU_00852,BCA / MCA,2,6.45,CR009,91.43,15,3.86,80.7,6,4.2,3,79.1,15.8,1.46,86.26,1
STU_00853,B.Tech Computer Science,1,7.76,CR005,42.26,9,1.78,43.1,1,1.1,1,25.3,5.6,0.9,35.44,0
STU_00854,B.S. Data Science,3,8.08,CR008,36.66,3,1.31,28.5,0,1.9,0,38.6,4.3,0.84,32.17,0
STU_00855,B.Tech Computer Science,3,6.26,CR001,53.3,10,1.57,31.7,0,1.9,1,24.8,7.8,0.77,37.8,0
STU_00856,B.S. Data Science,1,9.39,CR008,86.83,19,3.74,79.3,4,4.3,2,76.5,24.3,1.47,82.78,1
STU_00857,B.Tech Information Technology,1,7.86,CR004,72.03,13,3.05,61.5,3,3.3,2,61.1,8.8,1.15,65.91,0
STU_00858,B.S. Data Science,2,8.49,CR001,69.57,7,2.01,42.8,2,3.7,1,64.3,14.1,1.07,58.46,0
STU_00859,B.S. Data Science,3,8.43,CR002,69.28,14,2.6,58.2,2,3.5,1,59.0,15.2,1.23,63.02,0
STU_00860,B.S. Data Science,3,6.85,CR001,16.99,7,1.54,26.6,2,1.7,0,24.4,6.6,0.9,20.17,0
STU_00861,B.Tech Electronics,3,6.48,CR008,50.17,7,1.5,42.5,0,2.2,0,49.2,7.8,0.95,37.07,0
STU_00862,B.Tech Electronics,3,8.44,CR002,71.85,9,3.0,61.2,2,2.7,2,60.3,15.9,1.36,62.71,0
STU_00863,B.Tech Electronics,2,8.81,CR005,97.26,23,4.93,90.3,6,4.7,3,94.7,24.4,2.17,97.69,1
STU_00864,BCA / MCA,3,8.1,CR009,37.06,8,1.24,32.7,1,1.1,1,41.4,9.6,0.89,33.06,0
STU_00865,B.Tech Information Technology,2,6.15,CR001,97.85,15,3.84,80.7,4,4.0,2,87.1,19.9,1.7,83.37,1
STU_00866,B.Tech Information Technology,2,8.09,CR006,22.41,3,1.44,26.6,1,1.7,0,37.7,4.3,0.76,27.59,0
STU_00867,B.Tech Electronics,3,8.23,CR001,99.83,22,4.44,88.4,8,4.8,4,93.8,19.1,1.99,95.73,1
STU_00868,B.S. Data Science,3,8.58,CR004,55.7,15,2.14,53.6,0,2.0,1,40.8,5.3,0.96,43.71,0
STU_00869,BCA / MCA,1,10.0,CR006,58.49,11,2.92,45.1,4,3.5,3,59.1,16.2,1.04,60.72,0
STU_00870,B.Tech Computer Science,1,8.62,CR004,73.09,18,3.08,69.5,4,3.6,3,55.1,11.6,1.39,67.64,0
STU_00871,B.S. Data Science,3,7.94,CR008,83.2,18,3.22,78.8,3,4.4,5,82.5,22.2,1.55,86.93,1
STU_00872,B.S. Data Science,3,6.45,CR005,75.5,16,3.16,71.9,6,4.1,5,81.4,14.7,1.71,77.99,1
STU_00873,M.S. Computer Science,2,8.91,CR008,50.15,10,1.99,37.2,0,1.2,1,38.7,4.7,0.7,30.78,0
STU_00874,B.S. Data Science,3,6.74,CR005,88.47,23,4.15,86.1,4,3.8,2,81.6,19.6,1.6,84.61,1
STU_00875,M.S. Computer Science,1,8.5,CR005,85.05,16,3.94,73.9,5,3.9,5,85.3,15.6,1.63,82.79,1
STU_00876,B.Tech Computer Science,3,7.02,CR009,51.57,12,2.02,40.4,2,3.0,1,70.2,13.4,1.0,51.37,0
STU_00877,M.S. Computer Science,3,7.22,CR010,38.61,6,1.65,44.7,2,1.9,0,21.2,8.6,0.86,33.72,0
STU_00878,BCA / MCA,3,7.58,CR007,48.26,14,1.76,31.2,2,1.5,1,49.4,5.8,0.6,39.81,0
STU_00879,M.S. Computer Science,1,6.92,CR005,72.51,16,3.29,60.6,4,3.1,2,67.7,12.2,1.36,63.63,0
STU_00880,B.Tech Computer Science,1,5.88,CR002,28.17,9,1.31,23.3,0,1.8,0,29.1,8.0,0.73,22.42,0
STU_00881,B.Tech Computer Science,2,6.91,CR008,52.06,11,2.57,44.2,0,1.9,1,20.0,6.1,0.94,37.6,0
STU_00882,BCA / MCA,2,8.65,CR010,81.82,16,3.5,71.5,5,4.3,2,89.7,16.4,1.79,81.59,1
STU_00883,B.S. Data Science,2,7.89,CR002,42.48,9,2.34,36.7,0,2.0,1,24.3,7.6,0.65,35.7,0
STU_00884,B.Tech Computer Science,2,8.41,CR001,72.69,15,2.73,51.9,4,3.8,2,61.4,9.1,1.4,64.12,0
STU_00885,B.S. Data Science,3,5.18,CR001,95.81,15,3.58,80.2,5,4.6,2,84.1,21.9,1.34,90.32,1
STU_00886,BCA / MCA,1,8.66,CR005,35.31,6,1.41,28.8,0,2.3,0,47.6,7.2,0.69,31.24,0
STU_00887,B.Tech Computer Science,3,8.81,CR009,67.14,20,2.91,63.2,2,2.6,3,51.4,13.9,1.35,69.01,0
STU_00888,BCA / MCA,2,5.96,CR003,69.25,13,2.87,65.1,4,3.2,2,64.9,12.7,1.11,70.11,0
STU_00889,BCA / MCA,1,6.26,CR010,80.35,16,3.06,68.2,3,3.8,3,67.7,15.5,1.23,76.88,1
STU_00890,BCA / MCA,2,7.56,CR002,52.36,11,2.05,45.4,0,1.9,1,21.0,7.8,0.98,39.28,0
STU_00891,M.S. Computer Science,2,7.48,CR003,70.11,14,2.75,51.0,4,3.7,2,64.0,14.7,1.05,70.62,0
STU_00892,B.S. Data Science,3,6.8,CR009,95.87,13,4.53,90.4,7,4.8,5,96.2,28.2,1.74,98.7,1
STU_00893,B.Tech Electronics,3,5.7,CR007,91.9,24,4.09,85.4,5,4.6,3,78.4,16.1,1.64,89.38,1
STU_00894,M.S. Computer Science,2,6.93,CR007,95.65,23,4.02,76.7,5,4.1,4,82.3,24.4,1.77,90.63,1
STU_00895,B.Tech Electronics,2,6.5,CR007,32.03,6,1.07,21.2,0,1.4,1,31.3,7.2,0.69,23.82,0
STU_00896,M.S. Computer Science,1,8.87,CR003,91.67,19,4.67,97.2,7,4.6,3,94.5,24.6,2.18,90.18,1
STU_00897,B.S. Data Science,3,6.15,CR004,96.58,15,4.73,79.0,3,4.0,4,86.1,15.7,1.61,88.18,1
STU_00898,M.S. Computer Science,2,7.87,CR010,89.37,17,4.06,80.0,6,4.4,3,92.2,18.6,2.05,91.08,1
STU_00899,B.Tech Computer Science,2,6.98,CR003,43.42,10,1.89,40.1,1,2.3,0,40.2,9.0,0.82,37.16,0
STU_00900,B.Tech Information Technology,2,8.91,CR005,31.71,8,1.35,24.7,1,1.8,0,32.6,7.9,0.79,26.14,0
STU_00901,BCA / MCA,1,9.31,CR006,76.87,17,3.51,79.8,4,4.5,5,81.4,21.2,1.32,81.57,1
STU_00902,BCA / MCA,3,6.8,CR002,59.9,14,2.16,41.4,3,2.9,1,65.0,12.7,1.13,56.79,0
STU_00903,BCA / MCA,3,8.34,CR007,24.4,7,1.54,24.4,0,1.8,1,42.9,8.7,0.66,28.83,0
STU_00904,B.S. Data Science,3,7.09,CR007,70.05,11,3.06,59.0,2,3.3,1,60.5,17.6,1.11,63.0,0
STU_00905,BCA / MCA,2,6.82,CR010,97.33,18,4.21,88.0,8,4.8,3,91.8,19.4,1.95,94.67,1
STU_00906,B.S. Data Science,2,6.03,CR006,49.13,10,2.66,52.2,2,3.7,2,72.3,9.1,1.32,52.18,0
STU_00907,M.S. Computer Science,2,6.62,CR003,28.45,11,1.34,24.9,2,1.2,1,28.0,4.4,0.84,26.05,0
STU_00908,B.Tech Electronics,3,9.34,CR010,67.76,14,3.07,69.3,2,2.8,2,57.8,12.8,1.01,64.1,0
STU_00909,B.S. Data Science,3,8.85,CR003,26.0,5,1.34,11.8,0,1.8,1,33.3,6.5,0.82,19.6,0
STU_00910,M.S. Computer Science,3,10.0,CR009,47.63,13,2.07,41.7,2,3.4,2,62.2,15.9,1.33,52.65,0
STU_00911,M.S. Computer Science,2,9.88,CR003,83.8,18,3.97,76.8,6,4.4,3,85.9,14.5,1.7,83.07,1
STU_00912,B.Tech Electronics,2,7.78,CR010,46.45,12,1.83,38.9,2,1.5,0,36.6,5.5,0.72,35.09,0
STU_00913,B.Tech Information Technology,1,7.26,CR007,76.77,16,3.42,61.6,4,3.3,1,59.0,12.4,1.33,68.52,0
STU_00914,B.Tech Computer Science,2,7.45,CR007,70.29,11,2.73,61.3,2,3.0,2,66.6,11.4,1.14,61.46,0
STU_00915,B.S. Data Science,2,8.3,CR001,96.89,19,3.91,84.2,4,4.2,4,79.0,19.4,1.65,94.94,1
STU_00916,M.S. Computer Science,3,6.66,CR008,66.47,11,2.9,52.2,3,3.2,1,69.2,11.9,1.18,63.54,0
STU_00917,B.Tech Information Technology,1,10.0,CR006,38.8,7,1.92,32.5,2,2.1,0,39.9,4.4,0.78,35.11,0
STU_00918,B.Tech Computer Science,3,7.57,CR004,97.73,23,4.62,95.8,6,4.7,5,90.1,26.9,1.69,99.5,1
STU_00919,B.Tech Computer Science,2,8.52,CR002,68.88,10,3.08,57.2,3,2.7,1,60.1,12.4,1.39,62.89,0
STU_00920,B.S. Data Science,2,8.36,CR009,47.44,8,1.9,39.1,2,1.6,1,30.4,4.3,0.97,42.56,0
STU_00921,M.S. Computer Science,2,9.12,CR003,79.42,13,3.41,70.0,3,4.1,5,89.3,21.7,1.68,79.8,1
STU_00922,M.S. Computer Science,3,7.12,CR009,38.23,9,1.22,30.6,0,1.6,0,46.7,7.7,0.95,31.11,0
STU_00923,B.S. Data Science,2,6.4,CR010,58.12,12,2.79,46.6,3,2.8,3,51.8,11.5,1.39,57.37,0
STU_00924,B.Tech Computer Science,1,8.49,CR005,78.1,15,3.6,66.2,5,3.8,2,88.4,21.9,1.35,72.56,0
STU_00925,B.Tech Computer Science,2,7.77,CR007,37.84,7,1.53,38.6,1,1.2,0,20.2,5.7,0.84,33.68,0
STU_00926,B.S. Data Science,2,7.33,CR010,52.53,14,2.07,49.0,2,2.7,1,62.5,14.5,1.24,52.45,0
STU_00927,M.S. Computer Science,3,7.17,CR009,96.75,18,4.18,95.0,5,4.5,3,95.6,18.9,2.2,96.37,1
STU_00928,B.Tech Information Technology,3,8.85,CR005,61.98,12,2.72,56.4,3,3.2,3,68.6,14.3,1.24,63.4,0
STU_00929,B.Tech Information Technology,1,8.06,CR006,52.47,15,2.64,57.8,3,3.2,1,68.8,12.5,1.25,52.61,0
STU_00930,M.S. Computer Science,2,6.73,CR001,62.78,16,2.42,48.1,3,3.7,1,66.9,14.5,1.02,62.35,0
STU_00931,M.S. Computer Science,3,6.42,CR004,36.3,12,1.43,35.9,1,1.4,0,28.2,7.2,0.66,35.24,0
STU_00932,B.Tech Computer Science,3,9.34,CR009,92.63,23,4.48,77.1,6,4.8,6,92.7,24.1,2.12,90.79,1
STU_00933,B.Tech Information Technology,2,7.01,CR007,97.69,21,4.6,90.7,7,4.6,6,90.9,18.8,1.91,94.66,1
STU_00934,M.S. Computer Science,1,5.73,CR003,64.21,12,2.63,49.8,4,3.5,1,59.8,11.3,1.33,59.54,0
STU_00935,B.Tech Information Technology,2,9.54,CR009,96.26,20,4.67,100.0,8,4.5,4,91.4,25.2,1.98,95.86,1
STU_00936,BCA / MCA,3,8.73,CR003,63.67,9,2.45,54.0,4,2.8,3,65.4,16.1,1.18,68.62,0
STU_00937,BCA / MCA,1,7.52,CR006,81.15,13,3.53,74.8,4,4.3,2,82.2,14.0,1.79,76.74,1
STU_00938,B.S. Data Science,3,8.14,CR007,93.9,21,4.64,81.1,7,4.8,6,90.8,31.4,1.84,93.69,1
STU_00939,BCA / MCA,3,7.39,CR005,39.72,5,1.57,22.7,0,2.0,0,24.2,8.4,0.86,30.97,0
STU_00940,B.Tech Information Technology,1,8.05,CR010,62.06,16,2.73,60.1,4,3.2,3,61.7,17.3,1.31,65.5,0
STU_00941,M.S. Computer Science,2,7.34,CR004,41.6,8,1.71,31.8,0,2.1,1,20.9,9.3,0.91,36.13,0
STU_00942,B.Tech Computer Science,2,8.39,CR008,35.48,6,1.2,26.0,2,1.9,1,24.3,5.8,0.85,30.87,0
STU_00943,BCA / MCA,2,7.32,CR003,91.93,20,4.03,80.9,6,4.3,5,89.1,24.5,1.63,89.67,1
STU_00944,B.Tech Information Technology,1,6.77,CR004,43.15,7,1.46,29.6,0,2.3,1,39.4,7.0,0.65,32.95,0
STU_00945,B.Tech Electronics,2,8.55,CR004,79.21,18,3.73,68.7,3,4.1,3,79.7,17.5,1.52,78.03,1
STU_00946,B.Tech Electronics,3,10.0,CR008,92.9,23,3.66,76.4,6,4.3,3,84.7,24.7,1.61,87.92,1
STU_00947,B.Tech Electronics,2,6.61,CR001,82.99,17,3.33,51.9,3,3.5,3,69.0,11.8,1.23,76.89,1
STU_00948,B.S. Data Science,2,8.02,CR010,49.01,13,2.35,44.9,4,3.2,3,53.0,11.2,1.26,55.54,0
STU_00949,BCA / MCA,3,7.71,CR009,26.87,6,1.0,25.1,1,1.9,0,37.4,5.2,0.92,25.81,0
STU_00950,B.Tech Information Technology,2,8.42,CR007,94.18,18,4.5,86.8,5,4.7,6,91.0,23.8,2.0,94.35,1
STU_00951,M.S. Computer Science,3,7.19,CR001,50.49,8,1.64,26.1,1,1.9,1,39.5,7.8,0.65,37.85,0
STU_00952,B.S. Data Science,3,5.85,CR005,71.98,10,2.46,47.9,3,3.6,2,72.1,16.3,1.35,66.63,0
STU_00953,M.S. Computer Science,3,6.5,CR009,98.4,26,4.28,84.6,8,4.8,6,96.5,18.3,1.94,96.64,1
STU_00954,B.Tech Computer Science,3,9.32,CR002,46.87,12,1.77,37.5,2,1.7,0,27.1,9.8,0.83,37.49,0
STU_00955,B.Tech Electronics,2,7.56,CR008,45.45,7,1.97,36.5,1,2.3,0,39.8,4.2,0.94,32.32,0
STU_00956,B.Tech Electronics,1,8.56,CR006,77.65,15,4.15,77.0,4,4.4,2,89.4,15.7,1.73,80.63,1
STU_00957,B.Tech Computer Science,1,8.71,CR008,46.66,13,2.49,37.0,2,3.0,3,69.3,17.0,1.24,57.36,0
STU_00958,BCA / MCA,2,7.72,CR009,68.16,14,2.66,48.2,2,3.5,2,61.1,12.9,1.27,59.83,0
STU_00959,M.S. Computer Science,2,7.65,CR003,96.34,22,4.78,80.5,6,4.6,4,90.3,30.4,1.99,96.07,1
STU_00960,B.Tech Information Technology,1,7.97,CR001,79.66,15,2.78,66.3,3,3.5,3,64.5,16.3,1.11,72.43,0
STU_00961,B.Tech Electronics,2,8.92,CR003,50.09,12,1.82,44.9,0,1.2,0,31.8,8.0,0.72,36.98,0
STU_00962,B.Tech Computer Science,2,8.73,CR005,54.31,13,2.37,40.7,1,1.4,1,31.6,9.7,0.68,43.38,0
STU_00963,M.S. Computer Science,3,7.47,CR010,85.6,18,3.78,77.2,4,4.1,3,82.7,24.6,1.41,84.11,1
STU_00964,M.S. Computer Science,2,7.13,CR008,82.44,15,3.26,61.5,2,2.7,3,51.0,13.9,1.14,65.29,0
STU_00965,M.S. Computer Science,1,7.24,CR009,83.33,15,3.29,68.1,4,3.2,3,51.0,17.5,1.03,72.2,0
STU_00966,B.Tech Information Technology,1,9.01,CR003,50.36,7,1.84,40.2,1,1.7,0,24.3,9.3,0.74,34.32,0
STU_00967,B.Tech Information Technology,3,8.17,CR010,85.2,19,3.95,80.3,5,4.4,4,77.5,22.3,1.64,89.95,1
STU_00968,B.Tech Computer Science,1,7.41,CR007,95.18,21,4.18,92.0,6,4.9,5,94.6,25.1,1.74,95.95,1
STU_00969,M.S. Computer Science,2,7.63,CR010,68.38,13,2.78,53.2,4,2.6,1,65.2,13.2,1.31,63.18,0
STU_00970,B.Tech Electronics,3,7.34,CR006,92.56,19,5.0,95.4,5,4.9,5,95.7,27.0,2.12,97.72,1
STU_00971,B.S. Data Science,2,7.41,CR007,89.31,19,4.14,80.2,6,3.9,2,79.5,21.9,1.63,86.36,1
STU_00972,B.S. Data Science,2,9.36,CR002,89.49,14,3.7,81.9,5,4.2,4,88.2,16.6,1.43,88.68,1
STU_00973,M.S. Computer Science,2,7.72,CR004,86.01,12,3.99,71.2,3,4.5,2,76.4,18.5,1.5,78.49,1
STU_00974,M.S. Computer Science,3,9.78,CR009,97.97,28,4.69,97.4,8,4.4,5,91.0,22.8,1.94,97.27,1
STU_00975,B.Tech Electronics,2,7.21,CR006,58.4,10,2.74,53.3,4,3.1,3,67.4,10.2,1.39,60.14,0
STU_00976,B.S. Data Science,3,7.87,CR010,74.59,12,3.07,61.7,4,3.7,3,60.1,10.2,1.01,67.5,0
STU_00977,BCA / MCA,2,9.22,CR003,79.34,14,3.49,77.9,4,4.0,4,83.5,17.5,1.51,81.88,1
STU_00978,B.Tech Information Technology,1,6.97,CR001,81.92,11,2.68,58.7,2,2.6,3,51.5,11.7,1.08,67.14,0
STU_00979,B.Tech Information Technology,3,8.67,CR007,63.99,14,3.04,53.8,3,2.6,2,67.7,10.9,1.1,59.64,0
STU_00980,M.S. Computer Science,3,6.73,CR004,34.01,11,1.43,28.6,0,1.9,1,24.2,9.1,0.61,30.54,0
STU_00981,B.S. Data Science,3,7.52,CR005,70.63,17,3.24,71.2,4,3.2,2,52.6,9.4,1.33,63.95,0
STU_00982,B.Tech Computer Science,1,7.39,CR006,79.79,17,3.36,64.5,4,3.2,3,52.3,14.5,1.17,72.17,0
STU_00983,M.S. Computer Science,3,7.2,CR003,37.66,11,1.59,32.8,1,1.5,1,29.6,5.0,0.72,31.71,0
STU_00984,B.Tech Electronics,3,7.57,CR003,66.08,9,2.45,50.2,4,2.6,2,56.1,12.6,1.36,60.77,0
STU_00985,M.S. Computer Science,3,8.31,CR008,85.81,16,3.76,73.4,6,3.8,2,79.9,18.6,1.54,82.36,1
STU_00986,M.S. Computer Science,2,9.86,CR006,71.48,15,3.0,68.3,2,2.6,1,58.5,10.9,1.04,66.03,0
STU_00987,M.S. Computer Science,2,9.08,CR006,43.96,11,1.71,37.6,0,2.1,1,37.1,8.0,0.9,39.48,0
STU_00988,B.Tech Computer Science,2,7.87,CR007,55.74,9,2.89,43.4,2,2.7,3,65.0,15.1,1.16,56.16,0
STU_00989,M.S. Computer Science,2,5.9,CR010,42.04,14,1.75,42.1,1,2.4,1,35.9,8.7,0.9,37.88,0
STU_00990,BCA / MCA,1,8.85,CR007,41.59,10,1.62,37.0,0,1.3,1,31.6,9.1,0.69,38.65,0
STU_00991,B.Tech Electronics,3,7.47,CR005,50.74,18,1.96,50.1,1,1.5,0,33.3,9.4,0.74,43.21,0
STU_00992,B.Tech Computer Science,2,9.11,CR001,86.09,21,3.53,71.6,3,4.0,5,77.8,15.8,1.66,80.74,1
STU_00993,M.S. Computer Science,1,7.8,CR008,98.07,17,4.88,98.1,6,4.7,4,88.7,22.6,1.65,94.13,1
STU_00994,B.S. Data Science,3,6.72,CR009,69.02,13,2.64,61.8,3,3.0,1,68.4,9.0,1.25,58.71,0
STU_00995,B.Tech Computer Science,3,9.94,CR009,71.95,16,3.76,63.5,4,4.4,3,76.8,19.6,1.47,77.01,1
STU_00996,BCA / MCA,1,7.8,CR007,93.03,27,4.2,82.2,3,4.0,2,79.1,23.2,1.37,81.3,1
STU_00997,B.S. Data Science,3,5.73,CR010,83.97,18,3.66,78.0,5,4.3,5,83.7,23.4,1.49,91.66,1
STU_00998,B.Tech Computer Science,1,6.27,CR005,22.49,11,1.0,15.8,1,1.6,0,29.1,5.4,0.84,23.02,0
STU_00999,B.S. Data Science,2,6.52,CR005,59.18,7,3.05,51.4,3,2.7,2,54.2,17.9,1.18,57.14,0
STU_01000,BCA / MCA,1,8.66,CR003,30.58,3,1.35,22.5,0,2.0,0,25.9,7.8,0.64,22.02,0
STU_01001,M.S. Computer Science,2,7.34,CR002,51.96,12,1.81,37.9,1,2.2,1,30.0,5.4,0.93,42.82,0
STU_01002,B.S. Data Science,1,7.96,CR005,53.45,11,2.09,54.8,2,2.9,1,53.3,16.4,1.35,53.95,0
STU_01003,B.S. Data Science,2,7.52,CR006,54.6,9,2.21,35.5,2,2.9,1,73.6,14.5,1.21,50.89,0
STU_01004,B.Tech Computer Science,2,6.81,CR001,38.28,3,1.19,22.6,0,1.5,0,29.3,9.9,0.97,25.15,0
STU_01005,B.Tech Electronics,2,7.01,CR010,84.67,26,4.13,80.5,6,3.8,4,78.5,22.9,1.72,90.62,1
STU_01006,B.S. Data Science,2,5.85,CR004,93.75,18,3.78,82.8,3,3.9,5,78.9,18.7,1.74,90.51,1
STU_01007,M.S. Computer Science,1,7.67,CR008,28.44,3,1.34,30.1,1,1.0,1,38.2,6.0,0.77,31.17,0
STU_01008,B.Tech Electronics,2,6.96,CR004,35.67,8,1.59,27.2,2,1.3,1,34.0,7.4,0.78,31.46,0
STU_01009,B.S. Data Science,2,7.79,CR006,80.96,23,3.21,71.8,5,4.2,5,85.0,22.6,1.66,83.42,1
STU_01010,B.Tech Electronics,1,7.6,CR008,36.72,4,1.27,24.2,1,2.3,1,37.6,8.7,0.92,33.52,0
STU_01011,B.Tech Information Technology,2,9.09,CR006,71.03,21,2.84,69.5,2,2.7,3,59.7,15.3,1.25,65.65,0
STU_01012,B.Tech Computer Science,2,8.76,CR002,74.03,15,3.32,61.8,4,2.9,1,70.8,12.9,1.07,67.99,0
STU_01013,B.S. Data Science,2,7.47,CR007,60.97,14,2.71,47.6,2,2.6,3,54.0,16.4,1.17,59.05,0
STU_01014,B.Tech Information Technology,2,7.03,CR008,87.47,13,3.32,67.0,3,3.6,1,59.3,15.5,1.17,67.77,0
STU_01015,BCA / MCA,2,7.84,CR007,66.15,11,2.61,52.3,3,3.8,3,55.0,13.8,1.03,65.98,0
STU_01016,BCA / MCA,2,5.37,CR002,85.12,16,3.26,73.8,6,4.3,2,89.9,24.6,1.71,82.83,1
STU_01017,M.S. Computer Science,2,5.93,CR006,66.76,15,3.11,57.6,3,3.0,1,58.8,15.6,1.31,58.41,0
STU_01018,B.S. Data Science,3,7.41,CR002,49.7,9,2.1,43.8,4,3.2,3,57.5,18.0,1.16,57.71,0
STU_01019,B.Tech Electronics,2,7.17,CR001,41.05,12,1.21,24.2,0,2.3,0,38.5,5.4,0.95,25.87,0
STU_01020,B.Tech Information Technology,2,6.63,CR008,68.82,12,2.72,45.3,3,3.5,3,68.6,17.1,1.16,69.69,0
STU_01021,M.S. Computer Science,2,6.49,CR004,92.46,14,3.65,70.3,5,4.5,4,76.5,16.4,1.68,86.5,1
STU_01022,M.S. Computer Science,3,8.84,CR005,94.21,23,4.86,100.0,8,4.6,5,91.7,22.0,1.65,96.74,1
STU_01023,B.Tech Computer Science,2,9.05,CR010,87.59,22,4.29,93.2,8,4.8,4,96.8,29.8,2.07,87.56,1
STU_01024,B.S. Data Science,1,9.0,CR009,95.32,24,4.49,92.9,5,4.7,5,94.5,31.5,2.1,97.69,1
STU_01025,B.Tech Computer Science,3,5.36,CR001,63.97,17,2.22,49.9,2,1.1,1,24.6,6.5,0.85,46.21,0
STU_01026,BCA / MCA,2,7.34,CR007,57.35,12,2.43,48.9,3,3.4,3,67.6,15.0,1.37,62.31,0
STU_01027,B.Tech Information Technology,2,7.9,CR008,32.85,5,1.19,16.0,2,1.2,1,41.1,8.0,0.7,27.41,0
STU_01028,B.S. Data Science,3,7.98,CR003,57.36,14,2.6,49.4,4,3.5,1,58.1,10.4,1.3,56.5,0
STU_01029,B.Tech Information Technology,1,7.61,CR001,33.76,10,1.5,31.3,1,1.3,1,38.8,4.2,0.67,31.08,0
STU_01030,B.Tech Information Technology,1,10.0,CR007,79.35,12,3.52,70.5,6,4.3,3,80.3,15.3,1.52,81.7,1
STU_01031,B.Tech Electronics,2,8.98,CR009,95.26,17,4.05,84.4,6,4.2,4,84.1,22.3,1.51,94.32,1
STU_01032,B.Tech Information Technology,1,8.91,CR010,33.76,6,1.33,24.0,1,1.6,0,39.2,9.2,0.86,29.86,0
STU_01033,BCA / MCA,2,6.85,CR007,98.16,25,4.94,94.0,7,4.9,3,95.0,26.3,1.77,98.68,1
STU_01034,B.Tech Computer Science,2,9.33,CR006,25.05,10,1.0,26.2,1,2.0,0,32.1,6.8,0.92,25.66,0
STU_01035,B.Tech Information Technology,3,7.18,CR009,95.01,17,4.35,76.7,7,4.8,6,89.4,22.2,1.63,93.21,1
STU_01036,M.S. Computer Science,1,6.24,CR010,26.75,12,1.17,10.0,1,2.1,0,37.8,4.5,0.96,23.92,0
STU_01037,BCA / MCA,2,7.84,CR010,54.03,12,2.58,49.3,2,3.5,2,56.4,14.7,1.26,52.59,0
STU_01038,M.S. Computer Science,3,9.75,CR008,52.94,14,2.17,44.6,3,3.3,3,53.1,11.8,1.1,57.1,0
STU_01039,BCA / MCA,2,5.35,CR006,88.92,22,4.14,80.1,7,4.7,5,94.5,28.6,1.67,94.51,1
STU_01040,B.Tech Information Technology,1,8.95,CR010,91.53,17,3.93,82.0,5,4.4,2,86.4,16.3,1.61,85.4,1
STU_01041,BCA / MCA,2,7.93,CR003,60.53,11,2.67,56.2,4,2.9,2,55.7,14.4,1.05,60.62,0
STU_01042,BCA / MCA,2,7.83,CR005,72.1,17,2.84,55.9,2,2.9,3,74.9,10.7,1.18,64.44,0
STU_01043,B.Tech Computer Science,3,6.93,CR005,70.49,11,2.97,59.7,4,2.9,2,59.6,12.4,1.17,67.49,0
STU_01044,B.S. Data Science,3,9.35,CR001,93.04,18,3.24,79.7,4,4.2,3,77.5,14.5,1.47,86.68,1
STU_01045,BCA / MCA,2,8.6,CR003,68.83,16,2.8,65.4,4,2.9,1,54.9,12.2,1.11,67.72,0
STU_01046,B.Tech Electronics,1,8.8,CR009,93.07,21,3.87,74.5,5,4.0,2,82.0,24.8,1.58,86.33,1
STU_01047,B.Tech Information Technology,2,6.19,CR003,83.59,17,3.56,67.9,6,4.5,5,78.4,20.6,1.36,91.32,1
STU_01048,B.Tech Information Technology,2,8.17,CR003,39.36,5,1.97,37.8,2,1.1,1,34.8,10.0,0.75,40.93,0
STU_01049,B.Tech Computer Science,2,10.0,CR002,44.03,11,2.23,32.8,1,2.1,1,30.4,6.0,0.71,34.94,0
STU_01050,B.Tech Electronics,2,6.49,CR009,51.8,9,2.18,44.0,2,1.6,1,45.5,5.5,0.73,41.76,0
STU_01051,B.Tech Electronics,2,6.81,CR009,90.41,18,3.83,77.5,3,4.6,4,88.8,18.0,1.69,89.6,1
STU_01052,B.Tech Electronics,2,8.3,CR006,98.19,22,4.59,96.4,5,4.8,3,95.2,21.6,1.95,96.68,1
STU_01053,M.S. Computer Science,2,9.05,CR007,78.2,15,3.74,66.1,4,3.6,2,51.9,9.4,1.24,71.14,0
STU_01054,B.S. Data Science,2,8.86,CR002,79.18,19,3.04,55.1,4,3.6,2,72.5,11.9,1.07,72.42,0
STU_01055,B.Tech Electronics,3,7.76,CR004,88.83,18,4.08,73.6,4,4.6,4,80.0,22.4,1.57,89.13,1
STU_01056,BCA / MCA,2,8.76,CR003,62.42,12,3.14,58.1,2,2.5,3,56.5,11.2,1.34,59.4,0
STU_01057,B.Tech Computer Science,3,7.09,CR001,63.2,12,2.7,51.1,4,2.8,1,55.4,11.0,1.35,54.51,0
STU_01058,BCA / MCA,2,6.67,CR004,84.72,16,3.26,67.3,5,4.0,3,78.5,24.8,1.72,85.34,1
STU_01059,B.Tech Computer Science,1,7.91,CR002,39.84,7,1.41,26.5,2,2.2,0,23.0,8.6,0.7,34.92,0
STU_01060,M.S. Computer Science,2,6.69,CR002,41.06,11,1.67,35.0,2,2.0,0,30.3,8.6,0.65,37.21,0
STU_01061,B.Tech Electronics,2,7.36,CR010,84.96,20,4.55,88.1,4,4.3,2,87.7,23.1,1.75,83.48,1
STU_01062,BCA / MCA,1,7.62,CR005,70.89,12,3.07,65.6,2,2.6,3,55.4,12.2,1.34,60.83,0
STU_01063,B.Tech Electronics,3,7.53,CR005,86.45,15,3.7,67.5,5,4.4,4,77.4,15.4,1.43,82.58,1
STU_01064,B.Tech Information Technology,3,9.38,CR005,87.07,20,4.15,84.2,6,3.8,5,76.5,21.3,1.45,87.06,1
STU_01065,B.S. Data Science,3,7.72,CR005,96.91,25,4.64,90.2,7,4.6,4,91.4,26.9,1.7,98.33,1
STU_01066,B.Tech Electronics,1,6.28,CR004,77.89,17,3.54,62.7,2,2.7,3,53.6,11.7,1.33,66.14,0
STU_01067,B.Tech Electronics,1,6.92,CR009,79.74,18,3.61,65.7,4,4.1,2,82.2,15.9,1.32,75.35,1
STU_01068,B.Tech Electronics,3,7.62,CR002,20.79,6,1.14,23.8,0,2.4,1,29.2,9.5,0.71,26.21,0
STU_01069,B.Tech Electronics,1,6.05,CR008,30.87,4,1.14,30.8,2,1.7,0,20.3,7.2,0.98,34.3,0
STU_01070,B.Tech Computer Science,2,6.8,CR005,50.16,16,1.99,40.2,1,1.3,1,23.4,7.7,0.76,40.15,0
STU_01071,M.S. Computer Science,1,7.64,CR008,83.36,18,3.11,73.2,3,3.3,3,71.8,8.4,1.26,75.97,1
STU_01072,B.Tech Computer Science,2,7.77,CR001,72.98,13,2.72,61.1,4,3.6,2,67.7,16.7,1.02,70.45,0
STU_01073,B.Tech Computer Science,2,8.91,CR006,60.53,13,3.06,55.2,3,3.1,2,61.6,17.5,1.06,62.34,0
STU_01074,B.Tech Computer Science,2,6.05,CR002,63.6,10,2.62,60.9,3,3.6,1,56.2,11.1,1.34,56.39,0
STU_01075,B.Tech Electronics,3,7.09,CR005,67.12,10,2.72,54.9,2,3.5,3,51.7,14.2,1.01,67.81,0
STU_01076,B.Tech Computer Science,3,6.92,CR004,66.99,10,2.53,48.9,3,2.6,1,67.7,12.6,1.22,60.88,0
STU_01077,BCA / MCA,2,6.87,CR008,32.04,6,1.3,15.6,2,1.2,1,31.3,4.6,0.68,26.99,0
STU_01078,BCA / MCA,1,7.25,CR001,65.06,13,2.24,46.7,2,2.0,0,46.9,7.3,0.88,49.39,0
STU_01079,B.Tech Electronics,2,8.16,CR009,58.0,10,2.5,46.4,3,3.3,3,70.6,13.8,1.39,61.76,0
STU_01080,B.Tech Electronics,3,6.72,CR001,42.56,11,1.72,27.9,0,2.4,1,42.1,7.5,0.67,35.77,0
STU_01081,BCA / MCA,1,7.84,CR002,51.26,6,2.17,33.2,2,2.2,1,34.2,7.4,0.89,42.15,0
STU_01082,BCA / MCA,3,7.83,CR009,31.47,3,1.37,21.4,2,1.8,0,48.4,4.9,0.6,26.94,0
STU_01083,B.Tech Computer Science,1,8.44,CR003,75.46,17,3.3,66.8,2,3.3,2,71.9,11.3,1.33,66.69,0
STU_01084,M.S. Computer Science,1,8.73,CR003,50.3,14,2.1,38.7,2,2.1,0,21.8,7.2,0.91,39.07,0
STU_01085,B.S. Data Science,3,7.66,CR002,70.61,21,2.84,59.6,2,3.7,3,69.8,11.7,1.03,65.63,0
STU_01086,B.Tech Computer Science,3,9.79,CR002,40.01,7,1.56,32.0,2,1.2,0,38.7,7.3,0.96,31.29,0
STU_01087,B.Tech Computer Science,3,7.37,CR007,68.97,13,2.69,56.9,4,2.7,3,73.7,8.9,1.38,65.12,0
STU_01088,B.Tech Electronics,2,9.12,CR010,57.76,18,2.7,50.3,3,2.7,1,63.1,15.4,1.11,52.16,0
STU_01089,B.Tech Computer Science,2,6.22,CR006,34.9,10,1.53,37.0,1,2.2,0,44.6,5.5,0.86,34.55,0
STU_01090,B.Tech Electronics,1,6.37,CR006,71.14,17,3.14,59.4,3,2.6,1,52.7,16.4,1.04,59.37,0
STU_01091,M.S. Computer Science,1,10.0,CR002,80.67,22,3.69,75.4,6,4.4,3,88.2,17.1,1.39,85.44,1
STU_01092,B.Tech Computer Science,3,7.75,CR002,36.38,2,1.38,29.5,0,1.9,0,20.4,8.3,0.84,28.61,0
STU_01093,BCA / MCA,2,10.0,CR005,77.58,15,3.22,65.1,3,3.4,3,73.9,9.1,1.34,65.42,0
STU_01094,B.Tech Information Technology,2,10.0,CR005,54.29,7,2.46,50.0,3,3.3,1,63.4,9.6,1.1,54.39,0
STU_01095,B.Tech Information Technology,2,8.39,CR001,82.32,16,2.76,58.6,4,2.9,2,52.4,13.4,1.34,73.3,0
STU_01096,M.S. Computer Science,3,9.56,CR005,80.36,8,3.1,52.2,2,3.2,3,51.5,15.1,1.15,65.77,0
STU_01097,B.Tech Information Technology,1,6.84,CR009,97.61,22,4.87,100.0,7,4.6,4,94.6,29.5,2.08,99.5,1
STU_01098,B.Tech Electronics,3,7.17,CR004,65.29,12,2.67,53.4,2,2.7,1,54.9,15.8,1.1,57.48,0
STU_01099,B.Tech Information Technology,2,7.9,CR008,75.75,14,3.41,55.8,2,3.1,3,62.8,17.3,1.15,69.36,0
STU_01100,B.Tech Computer Science,1,8.4,CR006,73.26,23,3.55,63.0,3,2.9,2,72.8,12.0,1.25,64.51,0
STU_01101,B.S. Data Science,2,7.7,CR008,32.3,4,1.12,30.9,2,2.5,0,29.1,8.1,0.69,37.35,0
STU_01102,M.S. Computer Science,1,8.0,CR001,83.01,17,3.23,68.3,2,3.4,1,62.0,17.2,1.23,72.6,0
STU_01103,B.Tech Information Technology,3,7.18,CR010,65.96,14,3.05,62.5,3,3.7,1,64.4,17.3,1.39,60.53,0
STU_01104,BCA / MCA,2,9.52,CR006,30.01,6,1.01,21.2,0,1.4,1,47.3,6.5,0.98,24.07,0
STU_01105,B.Tech Information Technology,1,7.65,CR007,87.0,14,4.14,76.4,6,3.8,3,75.8,14.2,1.61,82.48,1
STU_01106,B.Tech Computer Science,2,8.51,CR008,48.71,12,1.95,35.5,1,1.0,0,32.0,8.6,0.76,35.24,0
STU_01107,B.Tech Information Technology,3,6.09,CR008,22.95,5,1.31,23.5,1,1.8,0,34.9,5.3,0.87,28.49,0
STU_01108,B.Tech Electronics,3,7.06,CR006,91.39,19,5.0,90.6,6,4.5,5,97.4,22.8,1.63,94.58,1
STU_01109,B.Tech Information Technology,1,7.58,CR010,34.44,2,1.53,26.5,0,1.1,0,24.1,8.0,0.88,24.76,0
STU_01110,B.Tech Electronics,2,8.62,CR003,84.47,22,4.11,78.5,4,4.4,4,86.1,16.3,1.72,85.03,1
STU_01111,M.S. Computer Science,1,6.53,CR010,99.38,22,5.0,96.3,6,4.7,3,91.7,19.0,1.95,94.0,1
STU_01112,B.Tech Electronics,3,8.46,CR008,88.5,20,3.89,70.1,4,3.9,5,80.0,17.1,1.67,84.8,1
STU_01113,B.Tech Electronics,2,7.79,CR007,96.37,17,4.22,92.3,4,4.3,3,76.7,16.9,1.56,89.64,1
STU_01114,B.S. Data Science,2,8.21,CR004,80.75,16,3.16,60.7,4,4.6,2,82.5,23.2,1.57,77.54,1
STU_01115,B.Tech Electronics,3,5.14,CR001,98.85,20,4.3,90.6,5,4.7,6,95.1,27.5,1.84,99.42,1
STU_01116,M.S. Computer Science,2,6.0,CR002,74.88,16,2.75,58.1,2,3.1,1,70.6,9.8,1.13,63.13,0
STU_01117,M.S. Computer Science,3,8.06,CR007,95.08,26,4.72,99.5,6,4.5,5,92.7,21.5,1.73,95.51,1
STU_01118,B.S. Data Science,2,8.2,CR002,44.42,9,1.95,41.1,2,2.3,1,37.4,5.9,0.67,41.4,0
STU_01119,B.Tech Information Technology,3,7.02,CR010,81.45,19,3.73,83.8,3,4.2,5,84.8,14.6,1.45,76.01,1
STU_01120,B.Tech Electronics,3,8.49,CR007,48.97,13,1.6,27.5,1,1.6,1,43.8,9.7,0.6,36.14,0
STU_01121,BCA / MCA,2,5.9,CR002,70.08,13,2.86,52.1,4,3.0,2,50.5,12.4,1.09,64.55,0
STU_01122,M.S. Computer Science,1,6.97,CR007,86.85,20,3.71,71.7,4,4.5,2,79.7,17.6,1.76,81.76,1
STU_01123,M.S. Computer Science,3,7.81,CR001,60.65,6,2.32,45.6,4,3.6,2,62.4,8.2,1.39,60.63,0
STU_01124,B.Tech Computer Science,1,7.86,CR006,72.85,15,3.14,66.4,2,2.5,2,61.5,11.9,1.14,68.74,0
STU_01125,B.S. Data Science,1,9.77,CR009,82.58,18,3.81,76.4,4,4.6,3,87.7,23.1,1.79,80.59,1
STU_01126,B.S. Data Science,2,8.73,CR002,63.96,17,2.23,45.4,4,3.3,3,54.5,17.5,1.27,64.77,0
STU_01127,BCA / MCA,2,7.52,CR004,76.69,16,3.35,62.1,3,3.1,3,52.6,16.8,1.19,67.54,0
STU_01128,BCA / MCA,2,7.27,CR001,59.35,10,2.06,31.7,1,2.2,1,35.0,8.7,0.73,45.48,0
STU_01129,B.Tech Electronics,2,7.15,CR002,77.02,15,3.56,67.8,4,3.8,3,55.4,15.5,1.37,74.85,0
STU_01130,M.S. Computer Science,3,7.99,CR008,58.13,12,2.47,41.9,4,3.4,3,50.5,8.3,1.21,59.24,0
STU_01131,B.Tech Computer Science,1,8.09,CR008,43.96,7,1.79,31.1,1,1.3,0,37.1,9.6,0.74,34.16,0
STU_01132,B.S. Data Science,3,7.23,CR002,37.53,12,1.95,43.4,1,2.2,0,48.5,8.2,0.64,33.34,0
STU_01133,BCA / MCA,1,7.93,CR003,92.53,19,3.93,81.1,3,4.4,4,79.7,18.9,1.55,89.02,1
STU_01134,B.Tech Electronics,3,7.89,CR009,96.75,19,4.29,95.4,8,4.8,5,93.9,26.8,1.81,96.85,1
STU_01135,B.Tech Electronics,2,9.07,CR001,90.08,21,3.26,78.0,2,2.5,1,52.7,11.0,1.01,70.67,0
STU_01136,B.Tech Information Technology,3,9.77,CR009,56.47,7,2.68,49.1,3,3.1,3,55.2,8.4,1.24,57.53,0
STU_01137,B.S. Data Science,2,6.98,CR006,75.0,16,2.98,66.2,4,3.8,3,67.5,11.8,1.16,78.08,1
STU_01138,M.S. Computer Science,3,7.58,CR008,66.28,11,3.04,58.6,4,3.3,1,54.4,17.2,1.32,61.17,0
STU_01139,B.S. Data Science,1,7.13,CR005,33.97,8,1.43,25.9,1,1.1,1,36.8,4.2,0.99,31.43,0
STU_01140,B.Tech Computer Science,1,7.88,CR005,70.12,15,3.2,64.8,2,3.1,3,64.2,12.2,1.21,63.61,0
STU_01141,B.Tech Information Technology,3,9.14,CR005,43.55,12,1.73,32.4,0,1.3,0,40.1,6.3,0.79,31.43,0
STU_01142,B.Tech Information Technology,2,7.54,CR001,99.56,20,4.77,95.0,6,4.7,6,92.6,26.2,2.13,99.5,1
STU_01143,B.S. Data Science,2,8.55,CR004,78.89,19,3.31,73.2,2,3.1,3,51.3,17.6,1.07,69.07,0
STU_01144,B.S. Data Science,3,8.25,CR003,58.24,19,2.36,46.3,4,2.8,1,51.4,14.6,1.22,56.39,0
STU_01145,M.S. Computer Science,2,8.41,CR001,79.9,15,3.24,59.9,3,3.2,1,67.2,17.8,1.15,72.23,0
STU_01146,B.Tech Electronics,3,6.74,CR003,36.86,7,1.26,24.3,2,2.0,1,34.3,4.5,0.66,40.36,0
STU_01147,BCA / MCA,3,7.58,CR008,92.01,16,3.55,68.0,4,4.5,5,84.3,20.6,1.79,91.03,1
STU_01148,B.S. Data Science,2,7.6,CR008,99.67,21,5.0,98.5,6,4.9,3,88.9,29.5,1.73,90.5,1
STU_01149,B.S. Data Science,1,8.77,CR010,87.24,21,3.68,76.1,6,4.0,4,80.2,24.9,1.62,86.12,1
STU_01150,B.Tech Computer Science,2,7.69,CR010,75.55,12,3.47,63.5,4,3.7,3,55.9,10.7,1.09,68.6,0
STU_01151,B.Tech Information Technology,3,8.3,CR005,30.03,8,1.42,21.9,0,1.4,1,23.7,5.7,0.89,26.09,0
STU_01152,BCA / MCA,2,8.88,CR002,95.75,17,4.77,93.9,8,4.4,4,94.8,21.9,1.63,99.5,1
STU_01153,B.Tech Electronics,2,9.06,CR010,68.81,12,3.3,71.2,2,3.0,3,59.7,9.2,1.31,65.73,0
STU_01154,B.S. Data Science,2,8.34,CR007,55.43,7,2.78,40.7,3,2.8,1,54.6,13.2,1.08,50.48,0
STU_01155,B.S. Data Science,2,9.24,CR005,88.89,19,4.7,87.8,5,4.9,4,91.3,22.0,2.06,93.59,1
STU_01156,BCA / MCA,3,5.33,CR007,93.36,22,4.04,87.0,5,4.1,3,85.1,15.9,1.36,89.16,1
STU_01157,BCA / MCA,3,7.39,CR007,84.29,16,3.65,73.7,6,4.4,3,84.7,23.9,1.53,88.8,1
STU_01158,M.S. Computer Science,2,5.9,CR003,44.03,9,1.72,42.0,1,2.0,1,45.9,5.3,0.85,38.79,0
STU_01159,B.Tech Computer Science,3,8.62,CR010,91.65,20,4.18,88.9,3,4.4,2,85.0,18.3,1.33,86.23,1
STU_01160,B.Tech Electronics,2,7.61,CR005,50.43,16,2.5,41.4,4,2.8,2,56.6,13.7,1.16,57.52,0
STU_01161,BCA / MCA,2,8.29,CR003,44.66,8,1.93,33.9,1,2.3,1,31.3,6.1,0.93,42.21,0
STU_01162,M.S. Computer Science,2,8.54,CR005,92.02,13,4.02,83.4,5,3.9,5,88.5,23.7,1.67,91.75,1
STU_01163,M.S. Computer Science,3,8.22,CR004,40.77,8,1.64,34.5,0,1.7,0,43.8,5.0,0.75,32.62,0
STU_01164,B.S. Data Science,2,6.56,CR008,34.76,12,1.26,29.8,2,2.2,1,37.2,7.7,0.79,39.74,0
STU_01165,B.Tech Electronics,1,8.09,CR004,30.52,5,1.29,29.4,1,1.1,1,26.9,5.4,0.73,26.54,0
STU_01166,B.Tech Computer Science,2,8.51,CR006,67.11,19,3.0,72.5,4,3.3,2,53.0,13.7,1.16,68.89,0
STU_01167,B.S. Data Science,2,9.16,CR008,94.57,22,4.95,89.7,5,4.8,5,92.6,19.6,1.71,95.82,1
STU_01168,M.S. Computer Science,3,9.13,CR001,100.0,21,4.21,89.2,4,4.2,2,87.5,24.5,1.55,96.9,1
STU_01169,B.Tech Information Technology,2,6.51,CR003,68.04,11,2.82,49.0,2,3.3,2,56.1,17.2,1.22,62.52,0
STU_01170,B.S. Data Science,2,7.59,CR006,27.44,6,1.45,19.4,1,1.6,0,48.8,5.9,0.86,28.13,0
STU_01171,M.S. Computer Science,1,8.64,CR003,92.15,16,4.23,80.3,4,4.2,4,80.0,24.0,1.37,87.58,1
STU_01172,B.S. Data Science,3,6.81,CR005,59.79,12,2.32,53.6,4,3.5,3,68.7,10.1,1.06,62.52,0
STU_01173,B.S. Data Science,1,6.38,CR010,63.07,16,2.4,54.4,2,2.7,1,53.3,14.5,1.28,57.39,0
STU_01174,B.Tech Information Technology,2,7.22,CR006,86.11,16,4.19,89.8,6,3.8,4,88.6,19.9,1.38,91.24,1
STU_01175,B.Tech Information Technology,1,8.15,CR003,65.63,15,2.55,44.7,2,3.3,3,50.2,12.0,1.1,56.75,0
STU_01176,M.S. Computer Science,2,5.64,CR009,94.72,25,4.13,77.5,3,4.1,5,82.4,19.9,1.69,88.98,1
STU_01177,B.Tech Electronics,3,7.27,CR002,89.82,17,3.83,73.3,3,4.4,5,80.6,24.9,1.39,84.54,1
STU_01178,B.S. Data Science,2,6.6,CR006,43.87,9,2.28,48.3,1,1.3,1,20.3,7.0,0.89,35.99,0
STU_01179,B.Tech Information Technology,3,8.44,CR001,91.66,17,3.54,74.0,3,3.9,3,79.4,18.7,1.78,82.76,1
STU_01180,B.Tech Information Technology,3,8.43,CR003,94.53,18,4.51,84.2,5,4.5,3,86.2,24.3,1.4,91.1,1
STU_01181,B.Tech Information Technology,1,8.7,CR002,73.59,17,2.8,73.5,2,2.9,1,74.4,8.8,1.29,66.23,0
STU_01182,B.Tech Computer Science,3,8.92,CR007,22.43,5,1.07,21.9,0,2.4,0,22.1,6.9,0.97,22.81,0
STU_01183,BCA / MCA,2,7.97,CR001,81.47,17,3.05,55.9,3,2.5,1,58.6,17.7,1.22,70.55,0
STU_01184,B.Tech Computer Science,2,8.76,CR001,90.38,16,4.16,81.1,3,4.4,3,77.5,17.5,1.72,86.26,1
STU_01185,M.S. Computer Science,3,8.09,CR003,91.32,20,3.9,80.9,3,4.2,2,83.7,22.2,1.38,82.93,1
STU_01186,B.Tech Information Technology,3,7.64,CR005,96.69,19,5.0,96.8,7,4.5,5,89.4,21.4,1.94,96.18,1
STU_01187,B.Tech Information Technology,3,7.92,CR010,20.84,9,1.01,22.4,2,1.3,0,29.5,6.9,0.94,17.21,0
STU_01188,B.Tech Computer Science,3,8.02,CR001,74.63,9,2.29,52.4,4,2.9,1,52.3,12.3,1.24,64.51,0
STU_01189,B.S. Data Science,1,7.64,CR009,21.78,11,1.0,22.1,2,1.3,0,34.5,6.4,0.85,26.35,0
STU_01190,B.Tech Information Technology,3,9.85,CR008,72.96,21,2.86,56.6,4,3.5,1,51.3,16.9,1.23,65.41,0
STU_01191,B.Tech Electronics,2,6.32,CR002,31.71,9,1.57,21.1,1,1.8,1,31.3,5.2,0.61,24.4,0
STU_01192,B.Tech Electronics,2,5.45,CR004,60.04,14,2.86,54.3,3,3.8,1,61.9,13.3,1.09,61.82,0
STU_01193,B.Tech Electronics,1,7.01,CR003,66.75,14,2.71,49.6,3,2.7,3,60.7,15.0,1.28,62.44,0
STU_01194,B.S. Data Science,2,7.81,CR001,34.03,7,1.0,24.4,1,1.9,0,23.7,4.9,0.91,29.63,0
STU_01195,B.Tech Electronics,2,7.16,CR010,84.89,16,3.87,81.6,6,4.3,3,86.7,16.5,1.36,81.93,1
STU_01196,M.S. Computer Science,2,9.02,CR007,21.55,4,1.37,17.2,0,1.0,1,46.6,4.6,1.0,22.66,0
STU_01197,BCA / MCA,2,7.31,CR001,99.99,19,4.48,89.1,8,4.5,3,94.5,22.1,1.96,99.5,1
STU_01198,B.Tech Electronics,2,6.28,CR002,38.88,12,1.46,25.0,1,1.3,1,42.1,5.2,0.85,34.83,0
STU_01199,BCA / MCA,2,5.47,CR002,90.39,17,4.11,74.2,4,4.3,2,85.1,21.5,1.35,82.86,1
STU_01200,B.S. Data Science,3,8.12,CR006,49.45,5,1.92,45.6,1,2.0,0,49.5,6.6,0.96,39.75,0
STU_01201,B.Tech Information Technology,3,6.88,CR008,70.24,16,3.19,59.1,4,3.2,3,56.8,14.9,1.36,69.75,0
STU_01202,M.S. Computer Science,2,8.88,CR007,66.15,16,2.82,56.9,4,3.6,3,68.6,15.0,1.03,72.63,0
STU_01203,B.Tech Electronics,3,7.7,CR009,74.44,13,3.19,71.8,3,3.5,1,74.0,12.5,1.21,64.42,0
STU_01204,B.Tech Computer Science,2,9.46,CR008,52.6,11,2.12,38.8,0,1.6,0,33.9,5.0,0.76,34.06,0
STU_01205,B.Tech Computer Science,3,10.0,CR002,76.22,14,2.7,61.3,2,3.7,1,52.5,16.0,1.13,66.14,0
STU_01206,B.Tech Electronics,2,8.37,CR006,30.57,8,1.25,29.1,2,2.1,0,25.6,4.6,0.83,30.07,0
STU_01207,B.Tech Computer Science,2,7.48,CR009,89.82,19,3.63,74.7,6,3.8,3,79.3,18.2,1.35,87.54,1
STU_01208,B.S. Data Science,2,7.31,CR008,82.59,14,3.12,66.0,4,2.8,2,69.1,13.8,1.04,75.45,1
STU_01209,M.S. Computer Science,2,7.99,CR001,98.45,21,4.3,92.5,5,4.8,6,95.6,22.6,1.7,97.37,1
STU_01210,B.Tech Electronics,2,6.75,CR007,71.73,15,3.34,60.6,2,2.7,1,67.2,11.0,1.23,62.77,0
STU_01211,B.Tech Information Technology,2,7.36,CR005,87.78,14,3.67,67.8,4,4.2,5,83.9,20.2,1.35,84.66,1
STU_01212,B.Tech Electronics,1,7.05,CR007,69.87,16,2.75,52.1,2,3.4,3,55.7,8.8,1.23,61.84,0
STU_01213,BCA / MCA,2,8.65,CR009,94.87,19,3.87,81.6,6,4.1,5,88.7,16.7,1.65,94.53,1
STU_01214,M.S. Computer Science,3,7.01,CR009,31.03,6,1.43,25.6,1,1.6,1,34.8,7.3,0.7,26.63,0
STU_01215,M.S. Computer Science,3,9.6,CR010,79.68,16,3.74,66.6,5,3.8,4,82.3,18.9,1.33,77.83,1
STU_01216,B.Tech Computer Science,1,8.41,CR001,31.96,5,1.3,24.4,1,2.1,1,37.6,9.1,0.7,29.16,0
STU_01217,BCA / MCA,2,7.65,CR006,55.57,11,2.27,42.0,3,3.3,2,50.7,14.3,1.27,49.03,0
STU_01218,B.S. Data Science,2,6.23,CR001,91.17,17,3.82,77.5,4,3.9,3,88.0,20.1,1.75,89.55,1
STU_01219,BCA / MCA,2,7.2,CR002,97.64,21,4.97,100.0,5,4.9,5,90.7,26.7,1.76,94.04,1
STU_01220,B.Tech Computer Science,2,7.52,CR001,78.36,8,3.28,63.4,2,3.8,2,70.4,8.4,1.13,67.52,0
STU_01221,BCA / MCA,3,9.02,CR010,62.48,16,2.41,51.0,3,3.1,2,55.9,15.5,1.29,62.39,0
STU_01222,B.Tech Computer Science,2,8.15,CR010,26.47,8,1.29,22.5,1,1.8,1,23.4,4.2,0.87,22.13,0
STU_01223,M.S. Computer Science,2,6.65,CR010,37.69,8,1.59,35.4,1,1.1,0,29.1,8.0,0.66,31.08,0
STU_01224,BCA / MCA,2,8.18,CR006,74.76,14,3.31,69.9,4,3.4,2,52.9,11.0,1.13,72.27,0
STU_01225,B.Tech Information Technology,2,7.16,CR006,97.78,20,5.0,95.1,6,4.5,6,89.7,24.7,1.66,98.22,1
STU_01226,BCA / MCA,3,8.44,CR002,92.3,23,4.09,72.7,4,4.4,4,86.1,19.2,1.47,86.37,1
STU_01227,B.S. Data Science,1,7.18,CR010,52.84,6,2.46,48.2,2,3.3,3,67.2,15.0,1.21,61.31,0
STU_01228,BCA / MCA,3,8.82,CR010,21.55,4,1.3,27.6,1,2.0,1,33.1,9.1,0.76,26.79,0
STU_01229,B.Tech Computer Science,2,8.78,CR009,62.1,14,2.88,55.1,2,3.3,2,51.5,15.1,1.39,58.66,0
STU_01230,B.Tech Computer Science,2,7.36,CR005,54.01,15,2.47,48.7,3,2.7,2,59.7,11.5,1.29,53.95,0
STU_01231,BCA / MCA,2,7.69,CR004,60.28,9,2.67,56.1,3,2.9,3,57.8,16.0,1.34,68.45,0
STU_01232,M.S. Computer Science,2,8.24,CR009,39.48,3,1.73,43.4,0,2.2,0,40.7,4.7,0.8,28.69,0
STU_01233,M.S. Computer Science,2,7.48,CR008,81.02,19,3.2,59.0,4,3.1,3,63.2,14.6,1.03,70.89,0
STU_01234,M.S. Computer Science,3,7.46,CR007,99.91,18,5.0,88.8,5,4.6,4,95.2,21.1,2.13,91.81,1
STU_01235,B.S. Data Science,2,6.88,CR004,33.21,5,1.0,28.0,2,2.5,1,42.0,6.3,0.93,36.23,0
STU_01236,B.Tech Electronics,2,8.18,CR002,63.43,19,2.7,66.2,3,3.4,2,54.9,12.1,1.32,58.93,0
STU_01237,B.S. Data Science,2,6.37,CR005,85.48,19,3.96,72.1,4,3.9,5,79.5,16.5,1.41,84.71,1
STU_01238,B.Tech Information Technology,1,7.51,CR004,48.79,10,1.73,35.8,1,2.0,1,20.2,7.0,0.77,34.12,0
STU_01239,B.Tech Electronics,2,6.96,CR007,74.64,12,2.35,60.7,2,3.5,1,55.9,12.9,1.25,62.29,0
STU_01240,B.Tech Information Technology,2,6.98,CR001,71.76,6,2.8,54.8,3,3.1,3,68.4,15.4,1.2,67.64,0
STU_01241,M.S. Computer Science,1,8.98,CR001,96.82,21,4.65,90.4,8,5.0,3,90.3,21.1,2.03,93.05,1
STU_01242,B.Tech Computer Science,3,8.09,CR002,70.15,16,2.66,48.3,3,3.6,1,73.6,12.2,1.18,63.22,0
STU_01243,B.Tech Electronics,3,7.73,CR002,56.76,13,2.23,44.8,4,2.9,1,73.5,17.8,1.33,60.41,0
STU_01244,B.Tech Information Technology,1,7.51,CR009,96.59,21,4.47,88.0,7,4.5,6,88.8,27.4,1.95,91.4,1
STU_01245,B.Tech Computer Science,2,7.23,CR002,97.27,18,3.8,84.0,5,4.0,4,85.6,22.5,1.36,92.46,1
STU_01246,M.S. Computer Science,3,7.97,CR004,97.76,27,4.64,97.0,6,4.9,4,89.0,21.5,1.68,98.45,1
STU_01247,B.Tech Computer Science,1,8.39,CR005,68.57,16,3.0,61.3,3,3.7,3,54.2,14.9,1.39,72.08,0
STU_01248,B.Tech Computer Science,2,10.0,CR006,83.39,20,3.83,72.0,3,4.5,4,86.1,23.4,1.55,84.65,1
STU_01249,M.S. Computer Science,2,9.12,CR004,96.64,22,4.86,91.7,6,4.7,5,89.4,29.2,1.78,99.5,1
STU_01250,B.Tech Electronics,3,7.71,CR005,36.1,10,1.27,31.3,2,1.2,0,46.2,4.5,0.68,33.92,0
STU_01251,BCA / MCA,2,5.74,CR001,91.05,18,3.76,64.9,4,4.1,4,86.3,15.8,1.33,80.62,1
STU_01252,M.S. Computer Science,2,8.51,CR006,95.6,24,4.57,87.3,5,4.7,4,90.6,21.2,1.93,95.62,1
STU_01253,B.Tech Electronics,2,7.27,CR007,96.63,22,4.53,94.3,7,5.0,5,90.1,27.6,2.19,97.26,1
STU_01254,B.Tech Computer Science,3,10.0,CR004,73.56,11,2.85,57.6,2,2.8,2,65.9,8.4,1.4,63.34,0
STU_01255,BCA / MCA,2,9.21,CR007,92.68,18,3.7,77.6,5,4.1,2,78.3,24.2,1.56,79.64,1
STU_01256,B.Tech Electronics,2,7.99,CR007,97.24,22,4.42,89.6,7,4.5,6,92.2,24.3,1.96,94.38,1
STU_01257,B.Tech Computer Science,3,7.93,CR005,67.51,9,3.17,54.7,3,2.8,2,68.3,17.8,1.21,60.88,0
STU_01258,M.S. Computer Science,3,8.3,CR009,95.43,20,4.22,79.8,6,4.5,2,82.6,19.8,1.4,88.52,1
STU_01259,B.Tech Computer Science,2,7.53,CR003,80.95,17,3.63,67.1,4,2.7,1,72.2,15.0,1.03,72.98,0
STU_01260,B.Tech Computer Science,2,7.33,CR005,65.0,11,2.61,57.6,2,3.6,1,52.7,13.6,1.29,56.95,0
STU_01261,B.Tech Information Technology,2,5.92,CR003,93.84,20,4.39,85.1,6,4.2,4,88.9,17.3,1.5,92.97,1
STU_01262,B.Tech Electronics,2,5.73,CR003,65.91,14,2.54,55.0,4,3.3,3,54.8,10.6,1.34,65.15,0
STU_01263,B.S. Data Science,3,6.2,CR004,30.18,5,1.12,26.0,1,1.4,0,35.1,9.0,0.71,32.5,0
STU_01264,B.Tech Electronics,3,7.71,CR010,44.65,12,1.47,36.8,0,2.0,0,38.8,8.0,0.71,37.57,0
STU_01265,B.Tech Computer Science,3,8.12,CR004,57.17,5,2.32,42.6,2,3.2,1,57.6,11.8,1.32,50.16,0
STU_01266,B.Tech Electronics,2,5.66,CR010,57.31,15,2.88,52.5,2,3.3,2,64.3,12.2,1.01,55.37,0
STU_01267,B.Tech Information Technology,3,6.86,CR002,52.93,13,2.39,40.9,2,1.8,1,25.8,9.2,0.73,41.16,0
STU_01268,B.Tech Electronics,3,7.71,CR008,52.09,13,1.57,44.1,2,1.8,0,38.1,9.6,0.82,39.51,0
STU_01269,B.Tech Information Technology,3,5.63,CR005,69.84,10,2.29,47.9,3,3.4,2,53.1,17.7,1.31,66.36,0
STU_01270,B.Tech Information Technology,2,8.33,CR004,82.25,10,3.25,68.0,3,3.5,3,57.1,14.0,1.06,69.57,0
STU_01271,BCA / MCA,1,6.83,CR003,57.83,13,2.58,48.9,2,2.5,1,67.3,13.9,1.32,52.47,0
STU_01272,B.S. Data Science,3,8.36,CR004,53.3,10,2.25,56.0,2,2.8,2,69.5,14.3,1.09,57.44,0
STU_01273,M.S. Computer Science,2,6.77,CR008,30.22,4,1.14,24.7,1,1.9,0,26.9,8.5,0.81,24.68,0
STU_01274,B.S. Data Science,3,7.69,CR007,86.82,14,3.77,66.1,6,4.2,5,75.7,19.5,1.76,87.24,1
STU_01275,BCA / MCA,2,7.58,CR002,32.38,8,1.15,25.3,0,1.3,0,21.2,8.5,0.99,24.45,0
STU_01276,B.S. Data Science,3,7.72,CR008,91.09,17,4.34,77.7,5,5.0,3,96.1,25.4,1.92,90.59,1
STU_01277,B.S. Data Science,2,9.16,CR007,73.78,16,3.21,63.5,3,3.6,3,61.1,11.6,1.18,69.62,0
STU_01278,B.S. Data Science,1,9.96,CR009,36.41,6,1.72,31.8,0,1.4,1,47.9,9.5,0.81,33.71,0
STU_01279,B.Tech Information Technology,2,9.37,CR006,85.3,13,4.26,78.6,4,3.9,2,82.8,24.6,1.48,78.75,1
STU_01280,B.S. Data Science,3,8.82,CR007,28.78,9,1.22,18.9,0,1.0,1,37.9,5.3,0.61,27.24,0
STU_01281,B.Tech Computer Science,3,7.62,CR008,93.53,19,3.9,84.4,5,4.3,4,76.1,22.0,1.64,89.99,1
STU_01282,B.Tech Electronics,2,7.17,CR005,58.86,13,2.88,59.9,3,3.3,3,50.8,12.1,1.33,61.42,0
STU_01283,B.S. Data Science,2,6.5,CR003,79.89,14,3.34,72.6,3,2.6,1,62.4,12.0,1.08,63.24,0
STU_01284,M.S. Computer Science,3,9.11,CR008,25.27,2,1.0,21.3,0,1.3,0,46.5,4.4,0.69,22.89,0
STU_01285,B.Tech Information Technology,1,8.01,CR008,82.35,14,3.55,65.8,4,2.8,2,62.6,14.0,1.33,69.86,0
STU_01286,B.Tech Electronics,1,6.46,CR008,43.5,12,1.56,41.3,1,2.3,1,36.8,8.1,0.86,38.8,0
STU_01287,B.Tech Electronics,2,7.13,CR003,33.13,13,1.16,20.4,0,2.1,0,36.5,7.3,0.9,26.66,0
STU_01288,B.S. Data Science,1,8.29,CR003,92.86,18,4.02,77.9,5,3.9,3,77.5,19.3,1.77,85.84,1
STU_01289,M.S. Computer Science,3,7.75,CR001,78.67,16,3.34,59.4,4,3.7,1,53.2,16.2,1.33,66.78,0
STU_01290,B.Tech Electronics,3,7.25,CR004,89.53,21,3.99,69.8,3,4.0,4,79.1,20.8,1.67,87.27,1
STU_01291,B.Tech Computer Science,2,8.33,CR002,57.08,7,2.35,58.4,4,3.0,1,70.6,9.3,1.05,55.52,0
STU_01292,B.S. Data Science,1,7.32,CR002,72.67,19,3.24,73.8,4,2.7,3,59.9,15.1,1.33,72.24,0
STU_01293,B.Tech Electronics,2,7.26,CR005,62.7,8,2.52,50.2,2,2.6,2,52.7,8.2,1.17,63.52,0
STU_01294,B.Tech Computer Science,2,5.0,CR008,58.07,15,1.98,45.6,4,2.7,3,52.4,10.4,1.11,59.58,0
STU_01295,M.S. Computer Science,1,5.51,CR001,97.57,25,3.82,76.4,5,3.8,4,84.4,22.4,1.54,93.5,1
STU_01296,B.Tech Computer Science,3,7.63,CR009,97.15,22,4.4,87.4,8,4.5,3,89.2,30.0,1.62,94.77,1
STU_01297,B.Tech Electronics,2,8.27,CR004,95.64,17,3.97,85.4,8,4.8,3,95.6,21.6,1.92,90.57,1
STU_01298,B.Tech Computer Science,3,5.9,CR003,78.82,13,3.57,69.7,3,2.8,2,62.3,17.5,1.19,75.87,1
STU_01299,BCA / MCA,3,6.53,CR003,36.11,9,1.31,22.7,1,2.3,1,37.6,8.7,0.78,33.52,0
STU_01300,BCA / MCA,3,7.28,CR005,94.82,19,4.76,100.0,6,4.8,5,97.4,21.2,1.92,99.5,1
STU_01301,BCA / MCA,1,6.7,CR006,58.19,17,2.49,52.3,3,2.7,2,66.9,12.5,1.09,53.83,0
STU_01302,B.Tech Electronics,2,7.72,CR010,48.18,14,2.35,47.4,2,2.8,2,59.2,15.6,1.3,56.19,0
STU_01303,B.S. Data Science,2,6.42,CR007,76.31,17,2.96,61.0,2,3.6,1,74.8,8.9,1.2,63.43,0
STU_01304,M.S. Computer Science,2,8.63,CR008,86.05,13,3.24,71.1,4,4.1,5,80.9,16.0,1.37,85.83,1
STU_01305,M.S. Computer Science,2,7.59,CR009,41.14,12,1.41,35.9,1,2.1,1,25.2,4.6,0.7,33.33,0
STU_01306,B.Tech Computer Science,3,7.67,CR008,69.59,13,2.58,50.9,2,3.0,3,56.3,8.0,1.26,62.95,0
STU_01307,B.S. Data Science,3,7.24,CR009,52.14,11,2.09,43.0,4,3.2,1,58.0,8.4,1.39,54.63,0
STU_01308,M.S. Computer Science,1,7.87,CR001,84.25,16,3.31,67.5,4,2.8,2,68.0,8.3,1.05,71.67,0
STU_01309,B.Tech Electronics,1,7.88,CR010,79.53,19,3.51,77.3,5,4.3,4,80.1,21.4,1.57,85.42,1
STU_01310,M.S. Computer Science,1,9.54,CR009,38.12,6,1.47,41.2,2,2.5,1,34.8,7.9,0.61,41.61,0
STU_01311,B.Tech Information Technology,3,6.84,CR007,33.26,7,1.11,22.3,1,2.2,1,39.5,5.0,0.7,31.87,0
STU_01312,B.S. Data Science,2,7.7,CR008,92.27,19,4.12,81.4,6,4.0,4,90.0,14.9,1.58,89.42,1
STU_01313,B.S. Data Science,3,9.34,CR003,47.13,12,1.76,31.5,0,1.0,1,39.6,7.8,0.81,39.23,0
STU_01314,BCA / MCA,1,7.73,CR009,35.37,10,1.65,36.6,1,2.2,0,40.3,7.8,0.94,34.91,0
STU_01315,B.Tech Computer Science,1,7.91,CR008,65.18,14,2.3,51.4,3,2.8,3,50.4,9.3,1.11,64.2,0
STU_01316,BCA / MCA,2,7.08,CR008,57.27,11,2.13,52.2,4,2.6,2,54.7,9.0,1.22,59.13,0
STU_01317,BCA / MCA,2,7.92,CR007,94.1,12,3.96,81.6,3,4.1,3,87.7,22.0,1.75,85.52,1
STU_01318,B.Tech Information Technology,1,5.81,CR002,92.75,20,4.16,87.4,4,4.4,2,75.3,15.0,1.35,84.02,1
STU_01319,B.Tech Information Technology,2,8.99,CR003,48.74,8,2.0,47.1,3,3.2,3,74.0,8.1,1.1,56.91,0
STU_01320,M.S. Computer Science,1,8.67,CR005,81.05,20,3.43,75.6,4,4.6,5,88.6,16.6,1.7,84.12,1
STU_01321,B.Tech Electronics,1,7.92,CR003,95.61,28,3.83,85.4,8,5.0,6,96.0,23.3,1.7,94.21,1
STU_01322,B.Tech Electronics,1,8.8,CR008,68.23,16,2.85,49.5,2,2.8,2,56.3,14.6,1.05,60.74,0
STU_01323,M.S. Computer Science,3,8.74,CR007,44.7,7,1.76,34.8,0,1.2,0,39.9,6.7,0.86,35.92,0
STU_01324,BCA / MCA,3,8.62,CR007,98.84,18,4.87,100.0,8,4.6,5,96.7,28.1,2.1,99.5,1
STU_01325,B.Tech Computer Science,2,9.02,CR008,72.52,11,2.52,57.1,4,3.1,3,71.0,16.5,1.34,66.7,0
STU_01326,BCA / MCA,3,7.18,CR008,48.48,8,1.58,26.9,0,1.0,0,29.1,6.7,0.85,31.69,0
STU_01327,B.Tech Electronics,2,7.57,CR009,29.53,3,1.33,18.1,2,1.9,1,20.8,7.6,0.98,31.28,0
STU_01328,B.Tech Electronics,1,7.81,CR010,90.06,21,4.82,98.4,7,4.7,6,92.6,26.3,1.92,95.13,1
STU_01329,BCA / MCA,2,8.0,CR003,76.54,7,3.07,70.0,2,3.6,2,58.6,11.4,1.38,70.78,0
STU_01330,B.S. Data Science,2,8.67,CR009,45.28,4,1.73,33.5,2,2.0,1,34.4,4.8,0.91,37.44,0
STU_01331,M.S. Computer Science,3,9.13,CR008,27.1,8,1.0,21.9,1,1.5,1,39.2,8.9,0.98,26.91,0
STU_01332,B.Tech Electronics,3,7.89,CR006,77.74,22,3.7,76.1,4,3.9,3,80.2,17.8,1.71,80.98,1
STU_01333,B.S. Data Science,2,7.65,CR002,89.09,16,3.78,75.6,4,3.9,3,81.2,20.8,1.39,83.34,1
STU_01334,B.Tech Information Technology,1,6.9,CR008,43.76,9,1.91,31.0,1,2.3,1,46.8,5.7,0.87,38.86,0
STU_01335,B.S. Data Science,2,7.82,CR009,29.27,6,1.28,14.8,0,2.2,1,43.8,4.8,0.73,26.19,0
STU_01336,B.S. Data Science,2,6.08,CR003,39.68,9,1.89,35.3,2,2.3,0,26.3,5.0,0.95,35.4,0
STU_01337,B.Tech Computer Science,2,7.7,CR002,70.18,11,2.11,56.5,2,3.5,3,57.9,10.2,1.39,66.28,0
STU_01338,B.Tech Information Technology,2,8.37,CR006,94.35,22,4.11,83.3,3,4.3,4,88.8,22.9,1.41,87.32,1
STU_01339,B.Tech Information Technology,3,8.47,CR009,62.52,13,2.98,50.7,2,2.8,3,50.6,12.8,1.17,61.28,0
STU_01340,B.Tech Computer Science,3,7.7,CR008,84.6,18,4.17,78.1,3,4.0,2,85.4,18.5,1.32,83.68,1
STU_01341,M.S. Computer Science,2,7.76,CR002,85.86,12,3.72,70.8,3,4.0,2,81.1,17.5,1.48,82.27,1
STU_01342,B.Tech Information Technology,2,8.85,CR004,96.49,22,4.83,100.0,6,4.9,5,96.6,20.1,1.75,99.17,1
STU_01343,BCA / MCA,2,9.54,CR009,53.65,7,2.46,46.3,2,3.2,1,69.6,8.7,1.17,53.09,0
STU_01344,BCA / MCA,2,5.98,CR003,50.59,14,1.92,30.6,0,1.7,1,44.9,4.8,0.89,37.23,0
STU_01345,B.Tech Electronics,3,6.06,CR001,28.33,3,1.13,19.5,1,1.2,1,29.6,4.1,0.69,31.11,0
STU_01346,B.S. Data Science,2,7.57,CR002,70.87,15,2.72,55.2,4,3.0,2,68.4,8.3,1.22,66.41,0
STU_01347,B.S. Data Science,2,8.81,CR004,35.19,6,1.44,30.2,2,2.3,1,31.0,7.5,0.69,35.79,0
STU_01348,B.Tech Information Technology,1,8.64,CR007,73.39,11,2.71,56.4,3,3.1,2,61.7,12.1,1.25,69.13,0
STU_01349,M.S. Computer Science,3,7.25,CR006,92.29,27,4.44,87.6,8,4.6,4,96.3,30.3,1.86,92.57,1
STU_01350,B.Tech Computer Science,3,8.44,CR009,96.86,22,4.94,96.0,5,4.5,5,90.2,26.1,2.11,94.21,1
STU_01351,B.S. Data Science,2,7.73,CR003,70.79,15,2.84,64.5,3,2.6,1,52.4,16.5,1.12,64.36,0
STU_01352,BCA / MCA,3,7.93,CR003,98.71,18,4.84,100.0,5,4.7,5,94.0,24.2,1.69,99.5,1
STU_01353,B.Tech Electronics,2,9.18,CR009,89.98,16,3.87,78.5,5,4.5,4,83.9,14.1,1.33,91.39,1
STU_01354,B.Tech Computer Science,3,8.27,CR009,60.44,7,2.21,45.3,2,3.4,3,74.8,17.6,1.32,59.6,0
STU_01355,B.Tech Electronics,2,8.07,CR004,89.23,21,3.89,89.8,6,4.3,4,88.6,20.9,1.79,91.55,1
STU_01356,BCA / MCA,2,8.87,CR004,92.57,17,3.94,91.6,3,4.3,2,84.7,18.0,1.34,83.39,1
STU_01357,M.S. Computer Science,2,7.53,CR003,59.08,15,2.66,42.8,4,2.7,2,68.6,15.8,1.31,62.88,0
STU_01358,B.Tech Information Technology,1,5.99,CR009,76.36,14,3.41,51.7,3,2.9,3,67.9,13.4,1.22,68.78,0
STU_01359,B.Tech Information Technology,1,7.36,CR009,63.41,11,2.47,53.7,2,3.5,2,70.7,14.8,1.19,61.72,0
STU_01360,BCA / MCA,2,7.79,CR009,23.27,3,1.18,21.3,0,1.1,1,37.8,7.1,0.74,24.18,0
STU_01361,B.S. Data Science,2,7.18,CR006,39.24,11,1.83,26.3,2,1.1,0,42.0,6.8,0.89,34.44,0
STU_01362,B.Tech Electronics,2,6.88,CR001,63.26,14,2.21,51.7,2,3.1,3,66.3,8.1,1.25,57.48,0
STU_01363,M.S. Computer Science,2,8.63,CR009,84.02,18,3.92,75.7,4,3.9,4,77.9,24.9,1.51,83.88,1
STU_01364,B.S. Data Science,2,9.07,CR010,89.04,17,3.92,77.8,6,4.0,3,85.4,24.2,1.72,85.94,1
STU_01365,B.Tech Computer Science,2,6.78,CR010,51.58,13,1.59,31.4,1,2.4,1,44.7,8.4,0.75,39.31,0
STU_01366,B.Tech Computer Science,1,8.01,CR007,81.61,18,3.32,67.2,3,4.0,2,76.1,20.1,1.39,78.21,1
STU_01367,B.Tech Computer Science,2,8.64,CR003,82.09,15,3.21,64.1,3,3.1,1,53.2,8.6,1.13,67.71,0
STU_01368,B.S. Data Science,2,10.0,CR007,68.46,14,3.3,62.7,4,3.1,2,61.7,15.8,1.09,66.64,0
STU_01369,B.S. Data Science,2,8.72,CR007,96.64,22,4.41,83.0,8,4.4,6,96.8,24.7,2.04,99.5,1
STU_01370,B.Tech Information Technology,1,8.26,CR003,73.95,13,3.19,70.3,3,3.4,1,71.1,10.2,1.23,68.89,0
STU_01371,BCA / MCA,2,8.42,CR009,31.75,6,1.52,32.4,0,1.4,1,43.0,4.1,0.91,28.26,0
STU_01372,B.Tech Electronics,1,5.27,CR003,99.48,21,4.74,100.0,7,4.5,3,90.3,25.2,1.85,97.68,1
STU_01373,M.S. Computer Science,3,8.56,CR002,29.49,9,1.62,17.0,2,1.8,1,49.2,7.8,0.78,32.55,0
STU_01374,B.Tech Computer Science,2,7.27,CR002,80.19,13,3.34,60.0,3,3.4,2,66.4,12.4,1.26,65.69,0
STU_01375,B.S. Data Science,2,7.77,CR003,41.32,9,1.68,38.6,2,1.6,1,26.9,9.5,0.73,38.33,0
STU_01376,B.Tech Computer Science,3,8.7,CR005,90.38,22,4.21,84.5,4,4.1,3,88.2,15.3,1.54,91.77,1
STU_01377,BCA / MCA,2,8.44,CR002,58.5,11,2.21,48.5,2,3.4,1,58.4,12.5,1.13,52.75,0
STU_01378,B.Tech Electronics,2,7.33,CR005,59.71,13,2.44,45.8,3,3.3,2,71.3,14.3,1.22,55.66,0
STU_01379,B.Tech Electronics,3,9.41,CR010,42.84,13,1.15,28.8,0,1.2,1,42.4,6.7,0.63,37.3,0
STU_01380,B.Tech Electronics,2,6.63,CR003,84.53,13,3.77,80.5,5,4.1,2,86.4,14.1,1.64,79.9,1
STU_01381,M.S. Computer Science,2,7.97,CR007,56.92,12,2.46,45.0,3,3.7,2,71.1,9.4,1.02,59.74,0
STU_01382,M.S. Computer Science,1,8.91,CR008,93.16,20,4.31,90.9,3,4.4,3,77.6,18.3,1.68,86.0,1
STU_01383,BCA / MCA,1,7.76,CR005,67.03,7,2.67,53.7,2,3.2,3,55.7,11.0,1.04,63.69,0
STU_01384,M.S. Computer Science,1,9.74,CR010,54.03,12,2.32,50.9,2,3.5,3,69.2,12.7,1.38,59.06,0
STU_01385,M.S. Computer Science,1,6.93,CR008,63.32,11,2.56,42.5,2,3.2,1,52.3,13.9,1.13,59.68,0
STU_01386,BCA / MCA,3,6.68,CR003,99.23,22,4.95,89.6,7,4.9,4,88.7,29.8,1.87,99.5,1
STU_01387,B.Tech Information Technology,3,7.44,CR010,76.46,16,3.26,59.3,4,2.7,3,57.8,10.8,1.02,68.69,0
STU_01388,B.S. Data Science,2,7.65,CR001,82.03,14,2.78,59.1,2,3.2,2,65.2,14.2,1.2,67.52,0
STU_01389,B.Tech Electronics,1,7.21,CR001,99.22,13,4.08,82.2,5,4.0,5,85.8,19.5,1.75,92.99,1
STU_01390,B.S. Data Science,1,6.99,CR002,75.46,12,3.43,62.6,3,3.8,1,70.7,10.3,1.18,64.84,0
STU_01391,B.Tech Information Technology,2,8.24,CR002,48.32,11,1.84,47.8,1,1.3,0,20.3,8.1,0.65,35.46,0
STU_01392,B.Tech Computer Science,2,8.46,CR006,31.89,2,1.54,21.7,2,1.8,0,34.5,6.3,0.9,29.88,0
STU_01393,B.S. Data Science,2,8.25,CR006,28.41,14,1.3,25.8,1,1.7,1,42.2,5.7,0.97,27.9,0
STU_01394,B.Tech Electronics,3,5.54,CR002,29.56,16,1.55,40.4,0,1.5,0,42.3,7.1,0.97,31.85,0
STU_01395,B.Tech Electronics,2,7.45,CR009,84.82,13,3.41,68.4,2,3.7,2,67.8,13.2,1.1,67.57,0
STU_01396,B.Tech Computer Science,2,10.0,CR009,69.5,20,2.94,56.7,3,3.2,1,64.5,12.3,1.15,59.77,0
STU_01397,B.Tech Electronics,2,9.04,CR001,80.18,18,2.91,62.1,4,3.8,3,70.8,12.9,1.1,74.03,0
STU_01398,B.Tech Computer Science,2,6.79,CR009,88.76,24,4.11,81.3,4,3.8,4,88.1,20.7,1.45,90.83,1
STU_01399,M.S. Computer Science,2,7.47,CR002,90.14,21,3.49,84.0,4,4.5,3,88.0,15.5,1.57,85.09,1
STU_01400,B.S. Data Science,2,8.45,CR003,94.32,22,4.3,84.4,6,4.2,5,83.6,15.5,1.53,92.19,1
STU_01401,B.Tech Computer Science,1,9.06,CR008,93.74,21,4.29,84.8,7,4.4,4,88.3,20.1,2.0,91.33,1
STU_01402,B.Tech Computer Science,1,8.02,CR008,68.35,14,3.05,52.2,3,3.4,3,50.0,8.9,1.01,58.98,0
STU_01403,B.Tech Electronics,3,6.62,CR004,71.71,17,2.96,66.1,4,3.0,2,56.0,17.0,1.15,69.06,0
STU_01404,B.Tech Computer Science,1,8.2,CR009,60.84,8,2.44,53.8,3,3.1,1,65.9,17.8,1.27,61.54,0
STU_01405,B.Tech Electronics,2,8.53,CR003,88.17,12,3.86,88.8,5,4.0,5,84.8,16.6,1.43,93.13,1
STU_01406,B.Tech Information Technology,2,9.57,CR006,84.22,17,3.72,76.7,5,4.5,4,89.3,20.4,1.34,84.87,1
STU_01407,BCA / MCA,2,9.37,CR004,85.83,16,3.91,77.7,5,4.6,4,75.7,14.7,1.65,84.22,1
STU_01408,B.Tech Information Technology,2,7.48,CR010,59.75,12,2.37,56.0,4,2.7,1,62.3,17.5,1.13,60.08,0
STU_01409,BCA / MCA,3,6.64,CR010,49.22,12,2.43,43.3,2,3.3,3,63.5,16.5,1.13,53.01,0
STU_01410,B.Tech Information Technology,2,9.97,CR008,82.54,17,3.47,66.9,3,3.8,2,79.7,14.6,1.54,77.93,1
STU_01411,M.S. Computer Science,1,7.67,CR008,88.75,18,3.84,76.6,5,4.1,5,82.1,17.3,1.61,88.13,1
STU_01412,M.S. Computer Science,2,7.83,CR003,83.73,24,3.54,69.8,3,4.0,2,76.9,19.3,1.35,77.47,1
STU_01413,B.Tech Electronics,2,6.97,CR004,72.35,13,2.94,57.7,2,2.8,3,68.3,12.6,1.34,68.48,0
STU_01414,B.Tech Computer Science,3,8.24,CR006,55.96,11,2.16,41.2,2,1.2,1,40.9,4.6,0.74,40.98,0
STU_01415,BCA / MCA,2,9.59,CR008,98.19,20,4.41,90.0,5,4.7,5,94.8,18.3,2.07,95.75,1
STU_01416,B.Tech Electronics,3,9.5,CR010,28.66,10,1.05,17.9,0,1.2,1,46.7,9.4,0.79,31.73,0
STU_01417,B.Tech Computer Science,3,6.06,CR010,71.22,15,3.12,58.1,2,2.8,3,61.8,15.5,1.03,68.8,0
STU_01418,B.Tech Information Technology,2,7.57,CR010,85.07,22,4.03,68.8,4,4.6,2,75.6,20.3,1.35,78.51,1
STU_01419,M.S. Computer Science,1,7.49,CR002,21.45,9,1.05,18.6,2,1.3,0,26.1,5.5,0.7,16.95,0
STU_01420,M.S. Computer Science,3,9.46,CR005,39.89,13,1.03,28.5,2,2.2,0,48.3,6.8,0.78,36.77,0
STU_01421,BCA / MCA,2,5.83,CR010,58.53,13,2.86,50.0,4,3.5,2,50.1,15.5,1.32,61.59,0
STU_01422,B.Tech Computer Science,3,8.14,CR001,94.72,14,3.62,71.1,5,4.1,5,75.5,19.1,1.66,88.74,1
STU_01423,B.Tech Electronics,2,8.55,CR009,59.94,12,2.13,51.6,3,3.5,3,73.1,17.6,1.0,64.8,0
STU_01424,B.Tech Computer Science,3,8.04,CR004,29.64,8,1.34,32.9,1,2.3,1,31.8,5.8,0.8,31.53,0
STU_01425,B.S. Data Science,1,8.39,CR004,68.55,9,2.91,42.4,4,2.7,1,69.0,15.6,1.4,61.9,0
STU_01426,BCA / MCA,2,5.87,CR007,98.21,24,4.93,87.1,6,4.4,4,95.4,27.9,2.13,98.34,1
STU_01427,B.Tech Information Technology,2,8.7,CR002,77.62,12,2.97,64.6,2,2.8,1,56.6,15.2,1.32,67.98,0
STU_01428,B.Tech Electronics,2,8.83,CR001,76.04,12,2.79,47.7,4,3.7,2,50.9,9.1,1.16,69.74,0
STU_01429,B.S. Data Science,2,8.83,CR008,37.82,11,1.47,30.0,1,2.4,0,33.6,7.1,0.98,32.66,0
STU_01430,B.S. Data Science,2,8.51,CR004,96.75,23,4.47,91.8,8,4.5,3,97.7,31.8,2.07,99.5,1
STU_01431,BCA / MCA,2,7.98,CR002,52.36,12,1.96,49.7,0,1.3,0,28.9,4.6,0.72,40.79,0
STU_01432,B.Tech Electronics,2,7.21,CR002,85.12,20,4.07,73.8,3,4.1,5,88.2,18.1,1.73,86.75,1
STU_01433,B.Tech Computer Science,2,6.07,CR007,56.58,10,1.95,42.0,2,2.4,0,37.0,8.7,0.96,49.82,0
STU_01434,M.S. Computer Science,1,8.93,CR007,80.24,21,2.86,67.9,4,2.9,2,62.3,14.4,1.03,72.78,0
STU_01435,B.Tech Information Technology,3,7.39,CR010,43.92,7,2.16,36.8,1,2.2,1,46.3,9.5,0.8,39.59,0
STU_01436,B.Tech Electronics,3,8.54,CR010,34.49,4,1.79,27.2,2,2.3,0,21.4,8.7,0.78,29.73,0
STU_01437,B.Tech Electronics,2,6.41,CR010,20.65,6,1.0,19.1,0,1.5,0,38.2,4.9,0.62,22.3,0
STU_01438,M.S. Computer Science,3,5.1,CR010,81.2,17,3.45,74.4,4,3.9,3,83.6,24.3,1.37,81.28,1
STU_01439,BCA / MCA,2,7.46,CR006,63.28,22,2.93,47.9,4,3.1,3,65.5,12.0,1.06,59.89,0
STU_01440,B.Tech Electronics,1,6.42,CR003,83.31,15,3.78,76.7,3,4.2,3,81.7,16.2,1.31,76.92,1
STU_01441,B.S. Data Science,2,7.51,CR009,96.73,19,4.27,81.2,7,4.9,5,93.1,27.1,1.68,94.46,1
STU_01442,M.S. Computer Science,3,8.58,CR003,35.31,9,1.82,44.4,1,1.2,1,42.1,7.4,0.78,32.21,0
STU_01443,B.S. Data Science,2,8.79,CR001,72.04,8,2.6,48.8,4,2.9,3,52.6,13.6,1.1,64.08,0
STU_01444,B.Tech Information Technology,1,9.27,CR009,84.22,16,3.16,77.6,3,4.0,5,76.2,15.0,1.38,82.26,1
STU_01445,B.S. Data Science,1,6.46,CR004,74.01,12,2.84,53.0,2,2.6,1,73.1,8.9,1.23,58.73,0
STU_01446,B.S. Data Science,1,7.43,CR008,90.29,15,4.1,81.0,6,4.3,4,80.8,17.9,1.38,83.82,1
STU_01447,M.S. Computer Science,2,6.25,CR006,49.54,16,2.54,40.9,3,3.6,2,62.3,12.4,1.3,51.14,0
STU_01448,B.Tech Information Technology,1,8.37,CR001,77.66,17,2.87,62.0,2,3.5,3,66.3,9.0,1.12,70.07,0
STU_01449,B.Tech Information Technology,2,6.83,CR008,77.07,14,3.1,63.4,2,2.6,2,74.7,15.0,1.13,67.56,0
STU_01450,BCA / MCA,3,6.34,CR006,82.68,22,3.66,66.4,6,4.1,3,87.5,21.4,1.77,85.02,1
STU_01451,B.Tech Electronics,1,6.97,CR001,85.22,18,3.22,62.5,2,3.2,2,67.1,17.8,1.31,74.34,0
STU_01452,B.Tech Computer Science,2,8.19,CR003,50.74,12,2.4,47.3,2,3.2,3,57.4,14.7,1.22,54.04,0
STU_01453,M.S. Computer Science,3,9.81,CR006,41.27,10,1.95,36.2,0,2.0,0,39.4,7.3,0.79,32.19,0
STU_01454,B.Tech Information Technology,2,7.56,CR004,94.4,21,4.22,99.3,4,4.3,4,86.3,16.6,1.68,93.98,1
STU_01455,M.S. Computer Science,2,5.75,CR004,35.64,8,1.1,28.4,1,1.1,0,23.2,9.4,0.71,28.09,0
STU_01456,B.Tech Computer Science,3,6.6,CR003,54.77,15,2.32,36.3,2,3.7,2,56.6,9.8,1.36,53.31,0
STU_01457,B.Tech Information Technology,2,9.22,CR004,71.05,11,2.7,51.3,3,2.8,3,56.0,16.0,1.03,63.33,0
STU_01458,B.Tech Information Technology,3,6.12,CR010,92.18,18,4.08,89.8,3,4.3,2,76.5,22.8,1.43,84.62,1
STU_01459,B.Tech Information Technology,3,7.81,CR003,78.98,16,3.25,77.2,4,4.2,5,84.4,22.2,1.37,82.91,1
STU_01460,BCA / MCA,2,9.21,CR010,65.34,12,3.18,58.3,4,3.3,1,66.0,10.3,1.15,58.15,0
STU_01461,B.Tech Computer Science,3,9.5,CR010,40.59,11,1.89,37.2,2,2.3,1,44.6,9.0,0.87,36.01,0
STU_01462,B.Tech Information Technology,2,8.46,CR001,74.74,14,2.71,48.7,3,3.7,1,71.2,16.5,1.23,64.62,0
STU_01463,M.S. Computer Science,3,7.65,CR008,56.5,10,1.87,36.5,0,1.8,1,23.2,4.3,0.75,37.75,0
STU_01464,BCA / MCA,2,9.26,CR003,53.34,9,2.4,39.2,4,3.1,3,73.1,17.9,1.08,57.14,0
STU_01465,B.S. Data Science,2,6.65,CR008,23.16,5,1.39,22.0,2,1.4,1,32.6,6.2,0.71,25.61,0
STU_01466,M.S. Computer Science,2,7.52,CR008,64.99,10,2.48,41.2,4,3.6,2,67.6,10.0,1.29,70.0,0
STU_01467,BCA / MCA,3,9.24,CR010,63.62,15,3.1,48.7,2,3.7,1,51.3,15.6,1.09,57.09,0
STU_01468,B.Tech Information Technology,2,7.02,CR004,86.95,25,3.27,71.6,3,3.8,2,72.6,11.6,1.15,75.19,1
STU_01469,B.Tech Electronics,2,8.83,CR006,71.66,17,2.94,62.5,2,2.6,1,55.0,15.6,1.0,58.74,0
STU_01470,B.Tech Computer Science,2,6.6,CR009,73.69,13,2.82,56.6,4,3.4,1,55.9,10.8,1.27,67.29,0
STU_01471,B.Tech Electronics,2,8.86,CR006,54.42,16,2.66,43.5,3,3.4,2,57.0,10.6,1.13,53.52,0
STU_01472,B.Tech Electronics,2,10.0,CR008,79.39,13,3.32,64.4,3,3.1,1,66.1,8.5,1.36,66.57,0
STU_01473,B.Tech Information Technology,2,6.93,CR005,74.57,16,3.38,69.4,3,3.4,1,58.2,9.8,1.25,66.91,0
STU_01474,B.S. Data Science,3,8.81,CR009,56.79,14,2.89,68.2,2,2.8,2,52.9,13.4,1.05,58.24,0
STU_01475,B.Tech Information Technology,1,7.25,CR002,68.22,16,3.12,60.0,4,2.7,1,54.2,16.0,1.28,62.53,0
STU_01476,B.S. Data Science,1,6.68,CR006,78.17,15,3.06,58.9,4,3.5,3,69.8,14.4,1.15,74.06,0
STU_01477,B.S. Data Science,1,7.65,CR010,87.87,21,4.45,82.0,7,4.5,3,89.8,28.2,2.13,90.29,1
STU_01478,B.S. Data Science,2,10.0,CR006,87.1,20,4.17,81.2,6,3.9,5,82.7,15.7,1.52,84.71,1
STU_01479,M.S. Computer Science,3,7.85,CR001,82.14,13,3.19,57.7,4,3.0,1,51.0,16.8,1.38,64.54,0
STU_01480,B.Tech Electronics,2,7.69,CR004,56.78,13,2.39,41.6,4,3.7,3,50.4,14.6,1.13,60.62,0
STU_01481,M.S. Computer Science,3,5.0,CR008,60.97,13,2.43,55.7,2,3.3,2,72.2,11.3,1.25,60.69,0
STU_01482,B.Tech Information Technology,2,9.46,CR007,41.87,8,1.42,30.6,1,2.3,0,50.0,9.4,0.91,40.37,0
STU_01483,B.S. Data Science,1,7.13,CR003,56.55,15,2.64,41.1,4,2.8,1,72.3,9.5,1.3,56.29,0
STU_01484,B.Tech Electronics,3,7.62,CR006,65.74,11,2.65,56.6,3,3.3,2,65.9,16.8,1.12,64.7,0
STU_01485,BCA / MCA,3,7.16,CR009,61.14,19,2.74,59.0,4,3.4,1,70.8,10.5,1.08,62.38,0
STU_01486,M.S. Computer Science,3,7.7,CR003,43.88,9,1.77,29.5,1,2.0,1,37.8,6.3,0.85,34.25,0
STU_01487,B.Tech Electronics,2,5.84,CR007,42.83,9,1.43,19.3,1,2.2,0,26.5,9.0,0.86,31.8,0
STU_01488,B.Tech Electronics,1,8.85,CR010,91.46,25,4.33,84.6,7,5.0,3,88.8,25.7,1.9,89.62,1
STU_01489,B.Tech Information Technology,1,8.82,CR009,41.68,8,2.01,38.7,2,1.2,1,23.5,9.5,0.8,39.89,0
STU_01490,B.Tech Computer Science,1,5.4,CR002,96.29,20,4.9,99.6,8,4.4,5,91.5,28.2,2.01,99.17,1
STU_01491,B.Tech Information Technology,2,8.63,CR009,34.61,8,1.69,36.4,0,1.8,1,20.3,4.9,0.86,29.36,0
STU_01492,M.S. Computer Science,1,7.6,CR006,88.35,22,4.45,76.8,6,4.0,5,76.7,21.5,1.41,88.05,1
STU_01493,B.Tech Information Technology,3,8.86,CR003,75.38,11,3.16,67.6,3,3.0,3,74.7,8.7,1.03,69.55,0
STU_01494,B.Tech Computer Science,2,7.61,CR004,49.3,10,2.06,48.4,0,1.4,1,20.6,7.9,0.66,38.14,0
STU_01495,B.Tech Electronics,3,8.49,CR008,23.82,8,1.12,23.9,2,1.4,1,26.6,8.6,0.81,26.08,0
STU_01496,M.S. Computer Science,2,7.64,CR008,69.89,15,2.43,50.0,2,3.6,1,67.5,10.1,1.18,63.38,0
STU_01497,B.Tech Electronics,1,8.19,CR007,68.23,14,2.97,55.9,2,2.7,3,72.1,16.0,1.31,68.04,0
STU_01498,B.S. Data Science,3,7.62,CR008,62.62,11,2.61,41.2,4,3.4,1,69.1,13.4,1.24,59.35,0
STU_01499,BCA / MCA,1,9.11,CR008,66.6,15,2.97,49.1,4,3.3,2,54.3,11.7,1.06,64.63,0
STU_01500,B.Tech Electronics,2,8.65,CR003,52.18,16,1.95,53.0,2,3.7,3,52.0,13.0,1.21,53.24,0
STU_01501,BCA / MCA,2,8.62,CR007,97.62,23,4.8,100.0,6,4.8,3,91.7,23.8,2.01,94.78,1
STU_01502,B.Tech Electronics,2,6.84,CR001,33.94,8,1.45,24.1,0,1.9,1,37.5,7.6,0.68,28.64,0
STU_01503,BCA / MCA,2,7.43,CR002,88.44,14,4.3,77.8,4,4.4,5,82.2,24.9,1.76,88.58,1
STU_01504,B.Tech Electronics,3,9.61,CR009,42.0,11,1.31,37.7,1,1.1,0,33.2,8.7,0.79,31.65,0
STU_01505,B.Tech Computer Science,2,8.67,CR006,62.38,15,2.61,58.6,2,2.6,2,57.9,9.3,1.2,57.62,0
STU_01506,B.Tech Information Technology,2,8.62,CR008,33.86,8,1.14,31.2,2,1.6,1,38.0,6.1,0.88,32.92,0
STU_01507,B.Tech Electronics,2,7.04,CR007,88.46,14,3.8,70.5,6,4.4,2,85.7,24.7,1.46,85.29,1
STU_01508,B.Tech Computer Science,2,9.52,CR003,73.36,15,2.68,59.8,4,3.8,2,59.9,13.5,1.21,67.44,0
STU_01509,B.Tech Electronics,2,8.94,CR002,67.49,18,2.45,53.9,2,3.7,3,58.3,14.1,1.29,67.28,0
STU_01510,B.Tech Electronics,1,9.51,CR005,77.41,13,3.07,73.6,4,3.8,2,77.1,17.0,1.74,75.44,1
STU_01511,M.S. Computer Science,1,6.26,CR005,37.29,8,2.25,39.5,2,2.4,1,43.7,5.0,0.71,40.33,0
STU_01512,B.Tech Information Technology,1,8.06,CR001,97.88,26,3.59,92.7,4,3.8,5,80.4,21.4,1.78,95.02,1
STU_01513,B.S. Data Science,1,6.98,CR001,97.37,20,4.19,84.8,4,4.0,5,81.6,18.3,1.46,90.62,1
STU_01514,BCA / MCA,1,5.41,CR009,80.74,17,2.78,70.6,4,3.2,3,65.5,12.1,1.06,66.13,0
STU_01515,B.Tech Computer Science,2,7.31,CR005,60.11,10,2.79,62.3,4,2.5,1,61.3,12.8,1.27,59.0,0
STU_01516,B.Tech Computer Science,3,8.71,CR004,98.43,21,4.84,100.0,7,4.4,4,89.1,27.1,1.74,94.96,1
STU_01517,B.Tech Information Technology,1,8.8,CR007,35.24,13,1.03,23.6,0,1.4,1,28.8,8.4,0.66,30.8,0
STU_01518,B.Tech Information Technology,2,6.86,CR002,28.53,2,1.21,32.2,0,2.3,0,39.0,6.6,0.73,26.55,0
STU_01519,BCA / MCA,1,6.9,CR007,56.08,17,2.33,42.9,3,3.2,2,54.4,16.9,1.33,56.3,0
STU_01520,M.S. Computer Science,2,7.17,CR010,35.39,12,1.53,22.8,2,1.0,1,28.5,7.6,0.74,27.7,0
STU_01521,B.Tech Electronics,1,6.63,CR004,38.54,7,2.09,24.5,1,1.3,0,36.9,7.9,0.65,34.22,0
STU_01522,B.Tech Computer Science,2,5.43,CR006,40.61,10,1.55,30.4,0,1.5,1,22.3,4.2,0.67,31.02,0
STU_01523,B.Tech Information Technology,1,8.47,CR005,54.52,11,1.96,47.7,3,2.5,1,53.1,8.7,1.15,48.53,0
STU_01524,B.Tech Computer Science,3,7.79,CR007,53.5,11,2.32,54.6,4,3.7,2,61.4,11.6,1.38,60.37,0
STU_01525,B.Tech Computer Science,3,6.95,CR010,38.06,12,1.88,42.6,0,1.8,1,28.3,7.5,0.97,34.89,0
STU_01526,BCA / MCA,2,7.93,CR003,57.54,13,2.15,47.1,4,3.0,3,73.0,13.0,1.29,64.6,0
STU_01527,B.S. Data Science,3,9.19,CR008,44.93,14,2.33,36.7,0,1.5,1,23.3,9.2,0.73,32.14,0
STU_01528,B.Tech Electronics,2,7.85,CR004,64.69,8,2.0,46.9,4,3.4,1,67.8,13.3,1.2,63.54,0
STU_01529,B.Tech Information Technology,1,7.86,CR002,57.88,11,2.82,47.6,4,3.2,2,57.6,17.0,1.39,58.81,0
STU_01530,B.Tech Information Technology,2,8.02,CR001,50.84,6,2.43,42.2,1,1.7,1,39.6,9.3,0.95,40.84,0
STU_01531,B.Tech Information Technology,1,7.38,CR004,73.26,13,3.21,60.3,2,3.3,3,74.0,14.6,1.14,68.11,0
STU_01532,M.S. Computer Science,3,6.45,CR008,88.52,18,3.77,76.1,5,4.5,3,85.7,24.9,1.34,92.46,1
STU_01533,B.S. Data Science,2,8.3,CR001,91.01,17,3.15,64.2,3,3.5,3,74.0,15.6,1.12,74.25,0
STU_01534,B.S. Data Science,3,7.9,CR004,91.47,20,4.05,80.9,5,3.9,4,75.7,20.7,1.51,87.45,1
STU_01535,B.Tech Information Technology,2,7.29,CR001,98.04,18,4.44,85.8,6,4.7,4,93.0,23.1,1.9,98.75,1
STU_01536,M.S. Computer Science,3,8.45,CR009,75.1,16,3.12,75.4,3,3.7,3,56.7,14.1,1.29,71.12,0
STU_01537,B.Tech Computer Science,1,6.63,CR008,36.98,9,1.3,26.3,0,2.1,0,26.5,9.9,0.9,25.2,0
STU_01538,BCA / MCA,3,8.4,CR004,37.74,7,1.56,20.2,0,2.4,0,24.7,6.3,0.7,29.45,0
STU_01539,B.Tech Information Technology,2,8.62,CR007,81.54,17,3.39,61.6,5,4.0,3,88.4,18.6,1.54,81.81,1
STU_01540,BCA / MCA,1,7.36,CR007,44.43,8,2.38,39.3,0,2.2,1,39.4,4.5,0.98,38.32,0
STU_01541,B.S. Data Science,2,7.1,CR004,62.63,12,2.71,58.5,3,3.8,1,54.0,16.3,1.26,60.8,0
STU_01542,B.S. Data Science,2,7.61,CR003,55.33,11,2.77,52.5,3,2.8,3,72.4,9.8,1.35,62.84,0
STU_01543,M.S. Computer Science,3,7.95,CR003,79.82,16,3.56,73.2,6,4.5,2,86.7,24.7,1.35,80.29,1
STU_01544,B.Tech Electronics,2,6.59,CR002,83.97,14,3.26,74.5,5,3.9,3,80.0,20.1,1.36,80.65,1
STU_01545,M.S. Computer Science,3,6.52,CR005,56.9,15,2.34,43.9,3,3.1,2,73.8,17.0,1.07,60.6,0
STU_01546,B.S. Data Science,2,9.69,CR010,69.72,11,2.72,60.1,3,2.6,1,68.5,10.2,1.04,58.58,0
STU_01547,BCA / MCA,2,6.66,CR003,95.83,14,4.17,86.0,5,4.8,3,97.9,30.6,1.75,99.5,1
STU_01548,M.S. Computer Science,3,9.17,CR006,58.41,10,2.45,41.0,3,3.3,2,73.9,15.3,1.17,55.91,0
STU_01549,BCA / MCA,2,8.07,CR008,63.02,6,2.62,38.2,4,2.7,1,63.0,9.0,1.1,54.62,0
STU_01550,B.Tech Electronics,3,8.6,CR002,65.67,11,2.5,46.7,4,3.4,1,51.1,12.6,1.0,59.14,0
STU_01551,B.Tech Information Technology,3,5.44,CR005,75.51,17,3.47,65.9,5,4.6,5,81.4,18.6,1.53,82.8,1
STU_01552,BCA / MCA,2,8.1,CR001,96.4,16,3.89,77.1,6,3.9,3,81.0,17.9,1.62,91.54,1
STU_01553,B.Tech Information Technology,2,6.4,CR006,75.1,16,2.96,55.8,4,3.1,1,52.9,16.4,1.03,65.0,0
STU_01554,BCA / MCA,2,8.53,CR003,57.48,16,2.35,55.6,3,3.1,3,63.1,11.1,1.33,59.45,0
STU_01555,B.Tech Information Technology,2,6.03,CR010,55.98,11,2.39,47.2,4,3.2,1,68.0,8.4,1.31,51.19,0
STU_01556,B.Tech Computer Science,1,10.0,CR002,72.7,12,2.37,50.0,3,3.7,2,62.4,12.2,1.02,62.74,0
STU_01557,BCA / MCA,2,7.17,CR002,60.15,9,2.26,54.3,2,2.8,2,50.4,15.2,1.16,55.88,0
STU_01558,B.Tech Information Technology,3,7.3,CR005,78.66,14,3.95,71.0,6,4.0,4,80.4,16.7,1.77,80.82,1
STU_01559,BCA / MCA,2,7.19,CR002,51.42,4,2.02,42.5,2,2.1,1,45.8,4.6,0.6,44.25,0
STU_01560,B.Tech Information Technology,2,8.16,CR004,96.06,19,4.91,97.1,8,4.7,5,92.9,31.2,1.75,96.6,1
STU_01561,B.Tech Computer Science,3,6.25,CR008,47.73,11,1.85,28.5,0,2.0,1,28.4,5.5,0.76,40.99,0
STU_01562,M.S. Computer Science,2,8.43,CR005,81.42,18,4.22,79.5,4,4.1,3,89.0,21.0,1.72,77.19,1
STU_01563,B.S. Data Science,1,6.45,CR003,50.48,13,2.17,34.1,0,1.8,0,24.1,6.3,0.85,34.63,0
STU_01564,B.Tech Electronics,2,7.51,CR004,46.35,13,2.08,31.6,0,1.6,0,42.9,7.2,0.8,35.51,0
STU_01565,B.Tech Information Technology,2,7.59,CR007,77.92,14,3.18,70.6,4,3.5,1,74.4,8.4,1.15,72.81,0
STU_01566,BCA / MCA,1,6.21,CR005,33.35,11,1.77,33.3,0,1.6,1,49.2,8.9,0.9,28.61,0
STU_01567,B.Tech Computer Science,2,7.98,CR010,30.43,12,1.18,45.7,1,1.2,0,34.8,6.6,0.91,28.01,0
STU_01568,B.Tech Computer Science,1,7.53,CR001,90.79,18,3.71,71.3,3,3.9,2,86.9,17.0,1.77,78.25,1
STU_01569,B.Tech Information Technology,2,7.56,CR001,74.52,14,3.05,55.5,4,2.7,2,70.4,15.5,1.22,70.11,0
STU_01570,B.Tech Electronics,2,6.36,CR006,61.08,12,2.48,55.6,3,3.4,2,62.3,11.1,1.06,57.68,0
STU_01571,BCA / MCA,3,9.13,CR006,88.36,17,3.67,74.8,5,4.4,5,75.5,24.5,1.41,89.47,1
STU_01572,B.Tech Electronics,2,8.67,CR006,82.43,14,3.98,80.3,3,4.0,2,88.2,19.2,1.39,70.98,0
STU_01573,B.Tech Electronics,3,6.02,CR007,88.02,18,3.62,83.5,4,4.2,2,78.1,23.9,1.74,86.86,1
STU_01574,M.S. Computer Science,1,8.58,CR009,81.69,16,3.29,62.2,4,3.7,1,68.8,10.5,1.05,69.89,0
STU_01575,B.S. Data Science,2,8.8,CR008,65.92,15,2.69,59.2,4,3.4,1,66.6,8.2,1.18,61.21,0
STU_01576,B.Tech Computer Science,3,7.37,CR006,40.23,8,1.54,35.5,1,1.5,0,45.5,7.0,0.97,37.41,0
STU_01577,BCA / MCA,2,9.16,CR008,22.98,10,1.22,24.4,1,1.2,1,32.8,6.3,0.99,25.37,0
STU_01578,BCA / MCA,2,8.42,CR002,75.51,14,3.16,63.5,3,3.7,3,67.4,9.9,1.05,72.07,0
STU_01579,BCA / MCA,3,10.0,CR007,68.31,16,2.87,48.8,2,3.0,3,72.9,8.1,1.02,64.36,0
STU_01580,B.Tech Information Technology,3,7.32,CR010,83.25,14,3.88,84.4,3,4.5,3,78.0,14.4,1.73,80.05,1
STU_01581,B.Tech Electronics,3,8.62,CR005,76.56,18,3.59,76.5,6,4.2,3,85.1,23.9,1.49,85.09,1
STU_01582,B.Tech Electronics,3,8.13,CR008,91.9,15,4.35,75.7,4,4.0,3,88.7,18.9,1.38,87.67,1
STU_01583,B.Tech Information Technology,1,5.77,CR002,44.71,11,1.69,30.7,2,1.6,0,29.2,5.5,0.67,34.66,0
STU_01584,B.Tech Information Technology,3,9.58,CR006,93.79,20,4.59,78.9,7,4.6,4,92.6,22.5,1.97,96.03,1
STU_01585,BCA / MCA,2,8.7,CR008,96.22,19,4.64,93.0,5,4.6,4,96.5,18.7,1.65,99.5,1
STU_01586,M.S. Computer Science,2,8.15,CR008,57.15,7,1.98,35.0,2,2.4,1,26.6,8.4,0.98,49.06,0
STU_01587,B.Tech Information Technology,3,8.99,CR010,26.7,11,1.16,23.9,1,2.4,1,43.6,7.8,0.96,31.73,0
STU_01588,BCA / MCA,3,6.77,CR007,94.45,15,3.96,84.6,6,4.1,3,87.0,23.5,1.32,92.66,1
STU_01589,B.Tech Information Technology,2,9.83,CR005,36.33,10,1.27,29.4,0,1.7,1,44.9,6.7,0.65,32.01,0
STU_01590,BCA / MCA,2,5.38,CR004,90.5,20,4.18,80.5,3,4.6,4,89.6,16.5,1.55,87.67,1
STU_01591,B.Tech Information Technology,3,8.17,CR007,73.37,11,2.6,62.7,2,3.8,2,53.8,14.6,1.18,69.89,0
STU_01592,B.Tech Computer Science,2,8.55,CR004,90.53,20,4.32,78.1,6,4.0,4,76.5,16.3,1.39,90.55,1
STU_01593,B.S. Data Science,3,6.68,CR003,81.38,10,3.32,62.8,4,3.6,3,54.0,13.2,1.17,72.36,0
STU_01594,B.Tech Information Technology,1,7.86,CR001,85.27,16,3.18,63.0,3,2.6,2,65.9,9.5,1.39,71.42,0
STU_01595,B.Tech Information Technology,3,6.45,CR005,79.41,14,3.39,66.0,6,4.2,5,77.6,16.4,1.41,82.89,1
STU_01596,B.Tech Information Technology,2,7.48,CR003,83.43,14,3.54,67.1,3,4.2,4,88.9,22.3,1.33,82.16,1
STU_01597,B.S. Data Science,2,9.0,CR002,77.24,14,3.23,53.7,4,3.4,3,58.3,9.6,1.09,66.45,0
STU_01598,B.Tech Electronics,2,8.29,CR004,74.21,19,3.31,59.1,4,3.1,2,74.8,8.3,1.08,71.43,0
STU_01599,B.Tech Computer Science,3,7.94,CR006,40.15,6,1.44,32.2,2,2.2,0,27.3,9.2,0.82,36.42,0
STU_01600,BCA / MCA,3,9.04,CR004,90.72,21,3.63,69.0,3,4.0,3,86.8,22.9,1.54,83.28,1
STU_01601,B.Tech Electronics,3,10.0,CR005,96.77,16,4.75,95.7,6,4.4,3,95.1,20.3,2.04,94.82,1
STU_01602,M.S. Computer Science,2,9.54,CR007,91.86,25,4.24,84.5,5,4.4,5,76.9,22.5,1.59,94.7,1
STU_01603,B.Tech Electronics,1,6.98,CR005,72.75,19,2.92,64.5,2,3.0,3,57.8,16.6,1.35,70.94,0
STU_01604,M.S. Computer Science,2,7.63,CR003,58.64,10,2.56,48.0,4,2.6,1,64.7,17.6,1.34,61.12,0
STU_01605,BCA / MCA,2,6.11,CR003,65.79,13,2.73,59.3,3,2.8,3,64.7,13.7,1.21,66.03,0
STU_01606,B.Tech Electronics,2,7.67,CR003,28.69,4,1.32,21.3,2,1.9,0,43.6,8.0,0.73,27.76,0
STU_01607,BCA / MCA,2,7.6,CR006,74.11,8,3.47,81.4,3,3.9,3,88.5,18.7,1.76,76.44,1
STU_01608,B.Tech Electronics,3,7.25,CR007,91.58,24,4.67,87.1,4,4.3,2,75.9,24.6,1.65,86.23,1
STU_01609,B.Tech Computer Science,2,6.46,CR008,36.47,8,1.01,18.9,0,2.2,0,23.8,8.4,0.81,26.13,0
STU_01610,M.S. Computer Science,2,9.1,CR010,65.01,13,2.91,57.1,2,3.7,3,55.3,10.5,1.25,61.56,0
STU_01611,BCA / MCA,2,8.05,CR001,34.42,7,1.04,23.4,1,2.0,1,29.5,6.9,0.93,28.62,0
STU_01612,B.S. Data Science,2,8.24,CR003,93.37,25,4.52,89.0,6,3.8,2,84.6,23.3,1.36,88.41,1
STU_01613,B.Tech Electronics,3,8.11,CR007,65.66,16,2.93,47.7,4,2.8,2,63.5,8.6,1.3,59.39,0
STU_01614,B.S. Data Science,1,8.69,CR002,37.56,11,1.34,33.4,1,1.8,0,33.3,8.2,0.8,34.26,0
STU_01615,B.Tech Computer Science,2,8.47,CR010,72.2,11,3.22,61.3,4,3.4,3,63.8,13.7,1.08,74.64,0
STU_01616,B.Tech Computer Science,3,6.05,CR003,77.87,14,3.32,61.9,4,3.2,3,56.3,11.8,1.15,76.68,1
STU_01617,B.Tech Electronics,2,6.3,CR003,47.9,12,1.87,38.3,0,1.4,0,39.1,9.7,0.76,39.06,0
STU_01618,B.Tech Electronics,3,7.99,CR001,73.78,17,2.9,65.4,4,3.5,3,72.7,9.9,1.2,75.04,1
STU_01619,B.Tech Electronics,1,8.61,CR010,55.2,12,2.65,59.6,4,3.2,1,57.7,12.5,1.08,60.73,0
STU_01620,B.Tech Information Technology,3,9.45,CR002,38.1,12,1.74,37.4,2,1.8,0,44.7,8.9,0.77,35.78,0
STU_01621,B.Tech Computer Science,2,8.25,CR006,50.15,11,1.88,45.8,0,2.4,0,27.2,4.8,0.88,35.95,0
STU_01622,BCA / MCA,1,7.06,CR009,65.52,14,2.55,51.1,2,2.6,1,71.8,17.3,1.25,58.7,0
STU_01623,B.Tech Computer Science,2,10.0,CR006,95.96,24,4.24,84.1,6,4.5,6,89.3,24.9,1.94,95.9,1
STU_01624,BCA / MCA,1,7.1,CR005,43.04,9,1.64,30.7,2,1.1,1,31.3,9.4,0.78,40.22,0
STU_01625,BCA / MCA,2,7.26,CR003,62.67,15,2.45,54.7,4,2.6,2,65.9,14.7,1.33,61.58,0
STU_01626,M.S. Computer Science,3,6.7,CR006,64.03,12,2.91,46.4,4,3.5,1,57.1,17.2,1.37,61.4,0
STU_01627,BCA / MCA,1,6.45,CR001,41.51,9,1.25,34.1,0,1.2,0,38.6,7.8,0.99,30.72,0
STU_01628,B.S. Data Science,3,8.26,CR004,96.56,25,4.62,92.0,6,4.4,5,91.3,25.9,1.69,99.5,1
STU_01629,B.S. Data Science,1,8.42,CR010,71.85,18,3.25,60.4,4,3.4,2,64.0,12.1,1.24,61.28,0
STU_01630,B.S. Data Science,2,9.26,CR003,53.1,10,2.2,45.2,2,3.6,2,74.7,9.2,1.26,54.21,0
STU_01631,BCA / MCA,2,7.04,CR003,62.44,12,2.63,53.6,2,3.3,3,55.7,8.4,1.04,57.2,0
STU_01632,BCA / MCA,2,7.36,CR004,87.93,12,4.01,65.8,4,4.3,5,86.9,20.9,1.35,86.85,1
STU_01633,B.Tech Information Technology,2,5.78,CR007,74.91,16,2.82,54.1,4,3.8,1,70.2,12.0,1.19,63.84,0
STU_01634,B.Tech Computer Science,2,8.02,CR009,27.67,5,1.08,23.9,2,1.5,1,28.1,8.8,0.8,27.17,0
STU_01635,B.Tech Computer Science,2,10.0,CR002,64.93,10,2.56,50.6,3,3.5,2,63.0,14.4,1.11,65.63,0
STU_01636,B.Tech Information Technology,3,9.76,CR004,71.26,21,3.28,65.7,2,2.8,2,58.4,17.3,1.39,69.63,0
STU_01637,B.Tech Information Technology,2,9.36,CR002,95.23,18,4.04,85.1,3,4.0,3,77.0,18.7,1.31,84.06,1
STU_01638,M.S. Computer Science,3,8.37,CR005,73.89,9,2.92,58.2,3,3.1,1,64.2,9.9,1.06,67.93,0
STU_01639,M.S. Computer Science,2,7.09,CR010,81.24,17,3.58,73.3,5,4.4,2,88.9,22.4,1.4,78.2,1
STU_01640,B.Tech Computer Science,1,7.99,CR007,39.95,11,1.83,35.8,2,2.1,1,39.8,4.3,0.89,35.8,0
STU_01641,B.Tech Electronics,2,7.05,CR005,38.07,5,1.58,32.4,2,2.1,0,25.7,6.8,0.65,38.17,0
STU_01642,BCA / MCA,1,7.54,CR007,73.72,16,2.91,62.3,3,3.5,1,51.2,8.5,1.08,63.07,0
STU_01643,BCA / MCA,2,7.39,CR006,81.02,19,3.67,77.0,4,3.8,5,88.5,15.5,1.68,81.37,1
STU_01644,BCA / MCA,2,7.79,CR008,97.44,21,5.0,100.0,8,5.0,5,93.6,24.2,1.82,99.5,1
STU_01645,B.S. Data Science,3,7.06,CR009,95.27,21,4.56,91.3,6,4.6,5,90.9,19.7,1.85,96.65,1
STU_01646,BCA / MCA,3,6.63,CR005,52.23,13,2.31,42.9,3,2.6,1,66.7,9.9,1.37,50.67,0
STU_01647,BCA / MCA,1,7.18,CR004,97.29,26,5.0,96.2,6,4.9,3,97.5,19.7,1.62,96.03,1
STU_01648,B.Tech Computer Science,3,8.0,CR009,99.08,24,4.73,96.7,5,4.8,6,89.9,24.8,1.79,95.16,1
STU_01649,BCA / MCA,2,6.79,CR003,68.95,9,2.63,44.5,4,2.9,3,50.2,9.7,1.02,65.69,0
STU_01650,BCA / MCA,3,6.15,CR002,81.36,13,2.99,55.4,4,2.6,1,51.1,16.0,1.28,65.76,0
STU_01651,BCA / MCA,1,8.51,CR007,86.19,18,3.57,71.3,5,4.4,3,82.8,15.5,1.67,83.94,1
STU_01652,BCA / MCA,2,7.72,CR009,97.75,17,4.37,83.0,3,3.9,5,83.6,17.8,1.49,92.67,1
STU_01653,B.Tech Information Technology,2,6.49,CR009,98.24,21,4.97,100.0,6,4.5,3,97.9,27.0,1.63,99.5,1
STU_01654,B.S. Data Science,3,6.8,CR009,59.98,10,2.56,46.6,2,3.4,2,58.0,10.8,1.01,58.68,0
STU_01655,B.Tech Electronics,2,8.49,CR006,90.59,22,4.58,98.6,7,4.5,4,97.2,18.3,1.93,95.16,1
STU_01656,M.S. Computer Science,3,8.69,CR002,69.77,14,3.14,60.0,3,3.3,2,72.3,10.3,1.15,66.89,0
STU_01657,B.S. Data Science,2,8.02,CR010,66.15,15,2.89,57.6,3,3.3,3,69.2,10.7,1.24,65.99,0
STU_01658,M.S. Computer Science,3,7.25,CR001,99.4,17,4.41,91.0,8,5.0,3,91.6,28.7,2.08,94.83,1
STU_01659,B.S. Data Science,1,8.26,CR008,75.61,10,2.94,61.3,3,3.0,1,61.7,16.6,1.29,65.79,0
STU_01660,B.Tech Computer Science,2,9.78,CR003,62.15,11,2.85,47.2,2,3.5,1,71.2,8.7,1.11,57.5,0
STU_01661,B.Tech Electronics,2,7.41,CR002,61.98,15,3.01,53.6,2,3.5,2,61.5,8.8,1.25,56.28,0
STU_01662,B.Tech Computer Science,3,7.79,CR001,45.74,12,1.74,27.1,2,1.0,1,30.5,6.9,0.86,38.42,0
STU_01663,B.Tech Information Technology,2,7.94,CR006,60.05,6,2.26,50.6,3,2.5,1,51.0,15.7,1.03,51.46,0
STU_01664,M.S. Computer Science,3,9.06,CR002,95.63,14,4.09,79.1,8,4.5,4,93.9,27.2,2.05,97.68,1
STU_01665,B.Tech Information Technology,2,8.67,CR007,46.08,8,2.25,41.7,2,1.7,0,39.5,7.2,0.62,37.83,0
STU_01666,B.Tech Computer Science,1,10.0,CR001,30.73,8,1.39,21.1,1,1.3,1,23.8,7.1,0.91,32.14,0
STU_01667,B.Tech Computer Science,1,6.37,CR004,94.97,24,4.04,87.2,7,4.9,3,89.0,30.1,1.66,91.98,1
STU_01668,B.Tech Electronics,2,8.36,CR008,85.56,13,3.28,74.7,4,4.3,4,75.3,22.8,1.45,87.0,1
STU_01669,B.Tech Electronics,2,8.41,CR007,46.34,13,2.11,40.5,0,1.4,0,23.0,8.6,0.64,37.37,0
STU_01670,B.Tech Information Technology,1,5.98,CR009,43.12,14,1.88,34.4,2,1.2,0,40.5,4.6,0.94,36.42,0
STU_01671,B.Tech Computer Science,2,5.94,CR006,61.45,18,2.52,54.6,4,3.6,3,73.4,16.5,1.16,70.83,0
STU_01672,B.Tech Computer Science,2,7.62,CR005,69.06,13,2.72,60.6,2,3.3,2,73.1,13.1,1.11,66.05,0
STU_01673,B.Tech Information Technology,2,6.77,CR009,55.9,12,2.03,41.2,1,1.7,0,49.6,7.3,0.61,45.31,0
STU_01674,B.S. Data Science,3,7.82,CR004,95.18,19,4.61,96.1,6,4.1,3,85.9,18.5,1.36,94.51,1
STU_01675,B.Tech Electronics,3,7.28,CR002,85.27,15,3.66,70.3,4,4.6,3,80.0,17.0,1.51,85.97,1
STU_01676,M.S. Computer Science,2,8.4,CR003,38.7,11,1.88,43.8,0,1.6,1,28.8,8.0,0.92,31.98,0
STU_01677,B.Tech Computer Science,2,9.24,CR004,96.94,22,5.0,98.8,8,4.7,3,97.9,28.5,1.67,95.75,1
STU_01678,M.S. Computer Science,1,8.79,CR001,60.86,13,1.94,44.7,4,2.7,2,72.1,12.9,1.07,59.2,0
STU_01679,BCA / MCA,2,7.55,CR004,28.99,7,1.12,21.1,1,1.1,1,28.4,4.6,0.95,28.28,0
STU_01680,B.Tech Computer Science,2,7.53,CR001,66.45,15,2.17,48.3,3,3.0,2,62.4,14.5,1.12,63.4,0
STU_01681,B.S. Data Science,3,9.32,CR007,29.12,10,1.27,26.8,0,2.2,0,48.3,9.4,0.7,26.98,0
STU_01682,B.Tech Computer Science,1,8.53,CR006,51.33,11,1.96,48.6,1,2.3,1,39.2,8.9,0.74,41.09,0
STU_01683,M.S. Computer Science,1,6.93,CR003,57.76,9,2.61,52.2,3,3.2,2,54.2,9.7,1.0,58.11,0
STU_01684,B.S. Data Science,2,6.65,CR002,88.66,22,4.18,79.1,4,4.4,4,77.2,17.8,1.41,88.69,1
STU_01685,B.S. Data Science,3,7.31,CR006,78.87,19,3.37,71.6,5,4.2,3,77.7,21.4,1.8,83.33,1
STU_01686,BCA / MCA,2,8.77,CR010,54.72,13,2.48,50.0,2,3.8,1,70.4,17.5,1.08,58.62,0
STU_01687,BCA / MCA,3,6.47,CR002,59.67,13,2.03,45.3,2,1.3,0,38.3,6.3,0.7,45.07,0
STU_01688,B.Tech Information Technology,3,10.0,CR002,42.82,10,1.66,20.2,2,1.6,1,48.0,5.3,0.65,37.27,0
STU_01689,B.S. Data Science,3,8.13,CR004,72.33,19,2.63,61.1,2,3.8,1,61.0,16.4,1.33,65.95,0
STU_01690,B.Tech Information Technology,1,6.6,CR009,94.04,20,4.08,82.3,5,4.1,4,80.1,14.8,1.8,90.42,1
STU_01691,B.Tech Electronics,2,7.32,CR002,99.52,25,4.73,99.3,5,4.9,6,97.3,26.7,2.12,99.5,1
STU_01692,B.Tech Electronics,2,8.81,CR009,93.98,20,3.94,67.8,4,3.9,4,77.1,22.7,1.41,88.62,1
STU_01693,BCA / MCA,3,8.6,CR005,32.71,2,1.2,32.8,2,1.5,0,39.9,9.6,0.78,31.97,0
STU_01694,BCA / MCA,1,6.93,CR007,46.21,13,2.6,52.5,4,3.4,3,74.0,14.6,1.11,56.84,0
STU_01695,B.Tech Computer Science,1,8.54,CR009,69.91,12,2.6,54.3,3,3.8,2,68.2,17.8,1.37,63.3,0
STU_01696,M.S. Computer Science,2,6.31,CR003,27.17,13,1.45,18.4,2,1.2,0,33.8,6.0,0.9,23.71,0
STU_01697,M.S. Computer Science,2,8.74,CR009,63.06,15,2.61,50.2,4,3.3,3,74.1,10.1,1.26,63.95,0
STU_01698,M.S. Computer Science,2,7.67,CR004,83.74,12,3.18,68.5,3,3.7,3,71.8,10.2,1.29,77.3,1
STU_01699,B.Tech Computer Science,1,6.68,CR001,63.15,10,2.77,50.0,3,2.7,1,72.2,9.6,1.14,55.12,0
STU_01700,BCA / MCA,1,8.9,CR005,96.25,17,4.75,98.1,7,4.6,3,91.6,20.3,2.16,95.51,1
STU_01701,BCA / MCA,3,7.66,CR004,72.88,20,3.59,61.5,2,2.6,3,63.4,11.5,1.01,63.38,0
STU_01702,B.S. Data Science,2,5.86,CR006,63.93,14,2.9,51.2,4,3.4,3,50.0,17.6,1.07,63.54,0
STU_01703,B.S. Data Science,3,6.45,CR007,95.95,22,3.97,86.3,5,4.3,4,87.9,20.2,1.69,91.73,1
STU_01704,B.Tech Computer Science,2,6.66,CR001,92.93,16,4.08,78.1,4,4.5,4,85.4,24.2,1.38,92.93,1
STU_01705,B.Tech Information Technology,2,7.33,CR001,76.85,11,2.95,50.7,4,2.6,1,73.0,11.7,1.27,70.95,0
STU_01706,BCA / MCA,3,7.35,CR007,93.05,25,4.09,81.0,7,4.4,4,97.8,23.0,1.73,98.29,1
STU_01707,B.Tech Electronics,2,8.15,CR005,48.02,9,2.31,55.7,2,1.3,1,22.1,5.6,0.77,47.42,0
STU_01708,B.Tech Information Technology,2,8.61,CR007,56.4,12,2.77,43.7,3,2.7,1,64.4,11.1,1.19,52.94,0
STU_01709,B.Tech Electronics,1,7.79,CR003,83.36,12,4.11,61.8,4,4.0,3,89.9,18.4,1.69,81.89,1
STU_01710,M.S. Computer Science,2,5.76,CR003,50.06,12,2.03,41.6,2,3.0,2,54.1,15.1,1.09,50.18,0
STU_01711,B.Tech Information Technology,3,8.0,CR007,91.06,16,3.93,73.1,4,4.5,2,88.7,23.1,1.69,81.2,1
STU_01712,B.Tech Information Technology,1,8.16,CR004,54.91,10,1.98,49.0,4,2.9,2,64.7,9.7,1.28,56.39,0
STU_01713,B.Tech Computer Science,3,7.03,CR003,89.18,17,3.88,73.7,3,4.4,2,88.9,19.8,1.55,83.23,1
STU_01714,B.Tech Electronics,2,7.08,CR002,86.82,18,3.53,75.4,3,3.9,3,79.1,24.8,1.35,80.58,1
STU_01715,B.Tech Information Technology,3,7.69,CR005,47.04,10,1.48,37.9,2,1.2,0,37.8,8.2,0.75,40.99,0
STU_01716,B.Tech Computer Science,3,7.72,CR002,70.57,20,2.95,55.0,3,3.3,3,54.1,8.5,1.06,64.98,0
STU_01717,B.Tech Computer Science,2,7.3,CR008,91.58,21,4.17,86.5,6,4.4,3,89.5,24.3,1.41,91.12,1
STU_01718,B.S. Data Science,2,8.7,CR003,46.83,18,1.99,25.1,2,2.4,1,43.7,5.9,0.96,37.82,0
STU_01719,BCA / MCA,2,8.39,CR001,93.87,18,3.5,68.7,3,4.0,4,80.8,16.2,1.76,81.97,1
STU_01720,B.Tech Computer Science,2,8.42,CR007,39.71,15,1.77,33.7,0,2.4,0,35.6,4.7,0.81,31.83,0
STU_01721,B.Tech Information Technology,2,6.62,CR003,74.06,14,2.99,58.0,3,3.6,1,71.8,8.2,1.33,62.88,0
STU_01722,BCA / MCA,2,8.83,CR002,71.95,14,3.03,57.8,2,3.1,1,65.6,12.4,1.21,59.85,0
STU_01723,B.Tech Computer Science,3,7.86,CR005,57.0,7,2.06,45.9,4,2.5,2,56.4,13.5,1.03,57.02,0
STU_01724,B.Tech Computer Science,2,8.76,CR002,79.27,14,3.25,62.8,4,4.6,3,88.5,18.6,1.63,80.39,1
STU_01725,B.Tech Electronics,2,7.68,CR010,31.51,10,1.26,28.2,1,1.7,0,35.1,10.0,0.86,34.29,0
STU_01726,BCA / MCA,2,10.0,CR010,80.61,22,4.09,84.2,5,3.9,2,81.1,16.2,1.57,82.54,1
STU_01727,B.S. Data Science,3,8.03,CR006,88.25,23,4.35,92.0,5,4.4,3,95.2,22.9,2.19,91.86,1
STU_01728,B.Tech Information Technology,3,6.06,CR003,65.77,14,2.86,57.3,3,2.7,2,68.8,10.2,1.13,58.98,0
STU_01729,BCA / MCA,3,7.81,CR008,83.43,17,3.38,66.6,3,4.0,5,82.8,16.9,1.57,77.9,1
STU_01730,BCA / MCA,2,5.63,CR002,70.69,13,2.82,54.4,2,2.5,1,56.8,13.0,1.3,58.78,0
STU_01731,B.Tech Electronics,2,6.89,CR008,70.82,13,2.5,50.5,4,2.9,2,70.7,13.8,1.04,63.23,0
STU_01732,M.S. Computer Science,3,7.57,CR006,51.58,10,2.02,43.6,2,2.2,0,37.1,8.9,0.66,43.08,0
STU_01733,B.Tech Electronics,2,8.67,CR008,68.77,6,3.11,52.1,3,3.6,3,63.7,12.5,1.01,64.95,0
STU_01734,M.S. Computer Science,3,9.49,CR007,32.76,7,1.24,25.9,2,2.1,1,36.7,9.2,0.79,34.42,0
STU_01735,M.S. Computer Science,2,7.57,CR004,92.89,23,4.09,85.8,4,4.1,4,85.8,19.5,1.34,91.01,1
STU_01736,B.Tech Computer Science,2,8.69,CR001,59.79,16,2.52,46.1,3,3.4,1,52.2,15.5,1.25,54.42,0
STU_01737,B.Tech Computer Science,1,8.35,CR006,68.94,18,2.77,61.0,2,3.1,2,64.9,17.0,1.26,65.63,0
STU_01738,B.Tech Electronics,1,8.53,CR009,91.16,25,3.95,85.6,8,4.6,4,91.9,20.7,1.96,96.81,1
STU_01739,B.Tech Information Technology,3,7.39,CR001,98.99,22,4.23,86.4,3,4.0,3,80.3,14.0,1.34,87.25,1
STU_01740,B.Tech Electronics,3,8.84,CR007,64.97,15,2.58,63.3,4,3.1,1,50.1,11.0,1.35,58.59,0
STU_01741,BCA / MCA,2,7.97,CR008,90.42,21,3.61,70.7,4,4.3,2,88.3,17.0,1.36,84.68,1
STU_01742,B.Tech Information Technology,2,6.28,CR002,25.54,7,1.4,19.9,0,1.0,1,32.8,6.0,0.88,25.55,0
STU_01743,B.Tech Information Technology,3,7.16,CR008,94.94,20,4.15,80.6,5,4.0,5,82.9,20.8,1.4,93.06,1
STU_01744,B.Tech Electronics,3,6.68,CR008,94.7,20,4.31,79.7,3,4.1,4,75.6,21.1,1.4,86.65,1
STU_01745,B.Tech Computer Science,1,7.95,CR001,66.86,6,2.39,46.7,2,2.9,3,64.4,8.2,1.19,60.23,0
STU_01746,B.Tech Information Technology,1,7.84,CR007,87.75,14,3.53,73.7,6,4.6,4,80.5,24.1,1.73,87.08,1
STU_01747,M.S. Computer Science,2,10.0,CR004,65.14,16,2.55,49.5,2,3.6,2,50.9,14.1,1.35,64.14,0
STU_01748,B.Tech Computer Science,2,9.85,CR003,83.5,16,3.5,69.3,6,4.3,2,79.9,20.7,1.72,81.41,1
STU_01749,B.Tech Information Technology,2,6.96,CR009,62.3,16,2.55,53.3,2,2.9,3,66.4,12.9,1.3,56.29,0
STU_01750,B.Tech Electronics,2,8.85,CR007,93.76,19,4.12,87.2,4,4.2,2,84.4,18.6,1.69,91.53,1
STU_01751,B.S. Data Science,2,7.38,CR004,82.19,15,3.08,62.5,2,2.6,1,59.8,14.1,1.31,69.0,0
STU_01752,B.S. Data Science,2,6.74,CR006,37.85,5,1.82,25.5,1,1.7,0,30.6,9.4,0.65,29.45,0
STU_01753,M.S. Computer Science,1,7.56,CR004,77.27,17,3.15,69.5,3,3.6,1,57.8,17.6,1.12,71.09,0
STU_01754,M.S. Computer Science,2,7.17,CR001,42.25,5,1.45,36.9,0,1.9,0,22.2,7.7,0.89,34.15,0
STU_01755,M.S. Computer Science,3,8.22,CR008,60.26,9,1.8,32.1,1,1.4,0,44.1,6.5,0.71,40.2,0
STU_01756,B.S. Data Science,1,6.87,CR006,82.29,21,3.86,71.0,6,4.1,3,82.3,15.9,1.69,83.49,1
STU_01757,B.S. Data Science,3,7.02,CR006,92.96,19,4.38,82.5,5,4.8,5,95.1,22.9,1.94,96.24,1
STU_01758,B.Tech Electronics,3,7.0,CR009,24.43,16,1.22,16.9,0,1.6,0,23.9,5.3,0.8,24.46,0
STU_01759,M.S. Computer Science,3,8.0,CR008,64.12,13,2.36,46.5,2,3.6,2,73.5,8.3,1.32,60.5,0
STU_01760,B.Tech Information Technology,1,8.22,CR008,32.95,7,1.0,23.5,2,1.8,0,32.2,7.2,0.9,27.47,0
STU_01761,BCA / MCA,2,7.71,CR004,85.05,13,3.8,76.2,4,3.9,3,78.7,14.3,1.66,82.89,1
STU_01762,M.S. Computer Science,2,8.09,CR010,79.01,25,3.6,89.3,5,4.3,5,83.1,14.5,1.64,88.51,1
STU_01763,B.Tech Information Technology,2,8.8,CR006,55.1,15,2.44,51.1,3,3.2,1,56.1,13.9,1.17,49.33,0
STU_01764,BCA / MCA,3,8.8,CR007,49.86,11,1.98,43.8,2,2.3,0,39.1,8.6,0.86,42.02,0
STU_01765,B.Tech Information Technology,2,6.68,CR008,38.29,12,1.41,28.5,0,2.2,0,37.6,9.4,0.69,28.19,0
STU_01766,B.S. Data Science,2,8.22,CR002,74.98,16,3.07,69.6,3,3.4,2,60.5,8.3,1.01,69.78,0
STU_01767,B.Tech Information Technology,3,7.5,CR003,39.11,14,1.54,35.5,2,2.3,1,37.6,6.7,0.83,34.46,0
STU_01768,B.S. Data Science,1,9.39,CR003,86.14,13,3.87,75.7,6,4.6,4,81.5,21.5,1.61,90.28,1
STU_01769,B.Tech Electronics,3,7.49,CR008,87.19,17,3.66,68.0,4,4.3,2,80.1,18.9,1.64,84.66,1
STU_01770,M.S. Computer Science,2,7.38,CR006,85.25,20,3.84,78.2,6,4.1,5,78.2,22.4,1.34,89.02,1
STU_01771,M.S. Computer Science,3,6.69,CR003,53.67,9,2.1,38.9,4,3.6,3,51.6,17.9,1.16,55.85,0
STU_01772,B.S. Data Science,2,10.0,CR007,54.09,5,2.32,39.8,3,3.4,3,64.6,8.5,1.08,57.73,0
STU_01773,B.Tech Computer Science,2,6.54,CR001,99.21,22,3.9,81.4,4,4.6,2,84.8,21.8,1.51,86.91,1
STU_01774,B.Tech Information Technology,3,6.94,CR005,77.48,21,3.38,64.2,4,2.9,2,66.2,15.9,1.01,69.6,0
STU_01775,B.Tech Computer Science,2,8.34,CR008,84.75,16,3.42,74.1,5,4.5,5,77.7,23.6,1.78,85.66,1
STU_01776,B.Tech Electronics,2,8.09,CR008,48.87,5,1.3,17.0,0,2.3,0,21.5,5.8,0.96,34.09,0
STU_01777,B.Tech Electronics,3,5.99,CR004,83.96,16,3.25,68.6,2,2.9,2,51.8,14.3,1.3,70.58,0
STU_01778,B.S. Data Science,3,7.94,CR008,53.9,9,2.35,40.7,2,1.7,1,35.0,5.0,0.98,43.25,0
STU_01779,B.Tech Computer Science,2,6.98,CR001,58.26,13,2.67,49.1,3,3.6,1,54.3,9.1,1.35,54.85,0
STU_01780,BCA / MCA,2,7.23,CR010,33.69,8,1.0,19.6,2,1.4,1,22.8,9.8,0.67,25.2,0
STU_01781,B.Tech Computer Science,3,8.67,CR006,90.54,20,3.97,78.6,6,4.0,3,86.3,15.1,1.31,87.79,1
STU_01782,B.Tech Computer Science,2,5.98,CR001,95.83,23,4.43,77.9,8,4.8,5,94.4,23.6,2.03,98.08,1
STU_01783,B.S. Data Science,2,8.24,CR002,33.01,9,1.6,26.7,1,2.1,1,49.0,4.9,0.62,28.93,0
STU_01784,B.Tech Computer Science,2,9.13,CR008,92.85,18,3.6,77.4,4,4.5,4,75.8,21.9,1.37,93.69,1
STU_01785,B.Tech Information Technology,3,7.13,CR002,81.83,10,3.35,77.6,6,3.9,4,76.9,18.7,1.74,89.5,1
STU_01786,B.S. Data Science,1,9.67,CR006,95.79,26,4.44,92.4,8,4.5,6,90.9,30.5,1.95,95.48,1
STU_01787,M.S. Computer Science,2,6.72,CR003,97.29,25,4.21,89.1,8,4.7,5,91.1,29.6,2.19,97.94,1
STU_01788,BCA / MCA,2,8.62,CR001,78.88,17,3.37,65.3,4,3.1,1,52.6,10.5,1.22,68.91,0
STU_01789,B.Tech Computer Science,3,8.1,CR010,76.88,19,3.76,61.0,3,3.6,3,72.0,8.2,1.15,72.97,0
STU_01790,BCA / MCA,3,7.31,CR006,52.58,9,1.78,43.4,1,1.3,0,26.0,8.6,0.73,35.68,0
STU_01791,B.Tech Electronics,3,7.84,CR002,93.27,19,4.12,77.9,6,4.1,4,87.1,18.1,1.68,92.7,1
STU_01792,M.S. Computer Science,3,8.97,CR008,97.4,22,4.71,87.7,6,4.7,6,96.1,23.2,1.75,94.98,1
STU_01793,BCA / MCA,3,9.24,CR002,53.44,13,1.71,41.5,2,1.8,0,47.0,6.8,0.81,43.39,0
STU_01794,B.Tech Electronics,2,9.11,CR003,79.62,19,3.03,69.4,2,3.7,2,74.8,17.4,1.29,71.58,0
STU_01795,B.Tech Information Technology,3,9.37,CR010,90.57,19,4.77,89.1,7,5.0,5,91.3,23.1,2.18,87.23,1
STU_01796,B.Tech Computer Science,2,8.04,CR005,74.02,18,3.4,71.4,2,2.9,3,59.8,8.7,1.05,68.42,0
STU_01797,B.Tech Electronics,2,8.03,CR008,61.01,13,2.42,53.3,3,2.9,2,52.3,16.4,1.18,59.2,0
STU_01798,M.S. Computer Science,2,7.76,CR006,33.02,7,1.19,20.5,0,1.5,1,39.1,6.2,0.97,28.84,0
STU_01799,B.Tech Electronics,2,7.07,CR009,60.0,11,3.0,51.4,4,3.3,2,67.6,16.9,1.34,63.67,0
STU_01800,B.Tech Electronics,2,7.46,CR007,67.42,12,2.55,47.8,4,3.8,3,70.1,12.6,1.3,62.58,0
STU_01801,B.Tech Computer Science,3,8.94,CR002,39.82,5,1.53,30.0,0,1.9,1,38.6,6.6,0.8,36.27,0
STU_01802,B.Tech Computer Science,2,7.7,CR010,91.75,20,5.0,96.8,5,4.7,6,96.7,23.9,1.95,90.48,1
STU_01803,M.S. Computer Science,2,6.26,CR001,94.76,23,3.93,73.3,6,4.6,3,88.2,15.3,1.63,89.52,1
STU_01804,B.Tech Information Technology,3,9.14,CR009,69.15,10,2.68,48.2,2,3.8,2,65.4,12.9,1.12,60.77,0
STU_01805,B.Tech Computer Science,2,9.12,CR008,83.93,17,3.12,73.0,4,3.0,3,51.0,14.4,1.15,75.99,1
STU_01806,BCA / MCA,2,7.94,CR006,85.61,22,3.75,80.2,5,4.4,4,88.0,23.3,1.48,90.95,1
STU_01807,BCA / MCA,2,8.04,CR007,95.07,19,3.54,83.3,3,4.2,5,82.4,24.9,1.62,89.12,1
STU_01808,B.Tech Computer Science,1,7.34,CR003,86.41,20,3.36,71.5,5,4.2,4,81.9,16.8,1.34,83.54,1
STU_01809,B.Tech Information Technology,3,6.94,CR007,61.06,12,1.97,35.2,1,2.5,0,36.0,4.5,0.9,41.77,0
STU_01810,M.S. Computer Science,2,7.91,CR001,90.2,16,3.96,69.2,6,4.2,3,89.4,14.3,1.76,85.17,1
STU_01811,BCA / MCA,2,7.69,CR003,67.34,15,2.79,58.2,3,2.8,3,62.3,12.6,1.21,64.66,0
STU_01812,B.Tech Information Technology,2,7.61,CR002,84.47,22,3.6,75.1,4,4.1,2,78.6,21.3,1.62,78.88,1
STU_01813,BCA / MCA,2,5.53,CR007,87.3,19,4.12,81.2,5,3.8,3,75.6,17.7,1.66,85.76,1
STU_01814,B.S. Data Science,2,8.18,CR002,45.21,9,1.93,39.3,0,1.8,0,34.2,8.9,0.91,36.9,0
STU_01815,B.Tech Computer Science,2,7.32,CR009,98.67,20,4.65,91.3,5,4.9,6,90.8,24.3,2.02,95.17,1
STU_01816,B.Tech Computer Science,3,6.88,CR003,92.46,20,4.66,93.6,7,4.5,4,97.6,21.5,2.2,97.38,1
STU_01817,B.Tech Information Technology,2,6.5,CR004,64.15,14,2.99,54.9,4,3.7,1,53.2,10.9,1.03,58.37,0
STU_01818,BCA / MCA,3,7.32,CR007,94.69,19,4.07,78.9,3,4.3,4,79.7,22.5,1.77,84.85,1
STU_01819,B.Tech Computer Science,3,9.53,CR001,75.71,11,2.75,59.0,4,3.4,1,64.8,13.7,1.27,68.69,0
STU_01820,B.Tech Computer Science,2,7.46,CR010,39.57,15,1.29,33.7,0,1.6,1,49.2,8.6,0.73,37.02,0
STU_01821,B.S. Data Science,3,9.98,CR002,50.65,13,1.99,35.0,1,2.1,0,48.6,9.2,0.67,44.01,0
STU_01822,B.Tech Electronics,1,7.41,CR001,82.62,15,3.14,57.9,3,3.5,3,57.6,13.1,1.3,72.89,0
STU_01823,B.Tech Computer Science,2,8.15,CR007,69.36,9,2.6,55.0,3,3.6,3,69.6,17.5,1.0,67.95,0
STU_01824,B.Tech Electronics,3,6.34,CR003,80.06,15,3.42,64.8,2,2.9,3,74.6,17.4,1.22,71.99,0
STU_01825,M.S. Computer Science,2,9.32,CR001,39.43,12,1.41,36.2,1,1.4,1,42.1,6.2,0.63,40.39,0
STU_01826,B.Tech Electronics,3,7.26,CR010,80.64,15,3.26,58.3,2,3.6,3,53.9,17.0,1.25,69.01,0
STU_01827,BCA / MCA,2,7.54,CR002,33.5,8,1.08,28.2,0,1.4,0,33.9,9.2,0.81,33.98,0
STU_01828,M.S. Computer Science,2,9.01,CR003,49.81,4,2.43,43.2,1,1.9,0,24.7,4.6,0.98,34.81,0
STU_01829,B.Tech Information Technology,1,9.27,CR003,28.1,10,1.5,32.1,2,1.3,0,21.2,5.1,0.93,25.62,0
STU_01830,B.S. Data Science,2,7.88,CR004,94.52,19,4.25,91.1,7,4.9,5,94.1,30.3,2.03,96.01,1
STU_01831,B.Tech Electronics,3,9.97,CR008,62.37,14,2.41,48.3,3,2.6,1,53.4,9.4,1.13,54.06,0
STU_01832,B.S. Data Science,1,8.46,CR005,90.86,17,4.43,86.3,5,4.5,5,92.0,24.0,2.12,92.49,1
STU_01833,B.Tech Information Technology,3,7.61,CR008,77.78,14,2.87,66.1,3,3.5,2,64.2,17.2,1.05,69.68,0
STU_01834,M.S. Computer Science,3,7.63,CR006,72.88,15,3.08,67.1,4,2.7,2,58.7,11.8,1.31,67.39,0
STU_01835,B.Tech Electronics,1,7.75,CR006,53.95,11,2.18,46.5,4,3.4,1,59.8,14.5,1.14,55.97,0
STU_01836,B.Tech Electronics,1,8.96,CR001,100.0,22,4.71,93.7,7,4.9,6,89.3,30.0,1.89,99.5,1
STU_01837,B.S. Data Science,2,7.58,CR009,80.74,14,3.28,72.9,2,2.7,1,50.6,13.3,1.28,62.66,0
STU_01838,B.Tech Information Technology,3,8.96,CR007,91.84,22,4.05,77.8,5,4.2,3,78.1,20.9,1.35,86.73,1
STU_01839,B.Tech Computer Science,2,9.19,CR006,52.25,14,2.25,41.0,3,3.7,1,66.5,10.5,1.21,55.72,0
STU_01840,B.Tech Computer Science,2,7.86,CR001,96.33,20,4.16,86.9,4,4.0,5,77.1,14.9,1.51,91.04,1
STU_01841,M.S. Computer Science,3,8.18,CR004,71.91,17,2.4,51.4,3,3.3,2,56.9,11.5,1.21,63.01,0
STU_01842,M.S. Computer Science,2,8.82,CR004,45.99,12,1.93,38.7,1,1.5,0,45.9,9.5,0.82,39.07,0
STU_01843,M.S. Computer Science,3,8.9,CR007,95.95,15,4.25,86.7,6,4.5,4,88.0,20.6,1.34,92.16,1
STU_01844,B.S. Data Science,1,7.06,CR001,98.1,22,4.13,81.9,6,3.9,2,83.7,15.8,1.54,87.12,1
STU_01845,B.S. Data Science,2,6.8,CR002,77.08,11,2.68,60.7,4,3.0,2,69.0,14.4,1.14,68.21,0
STU_01846,M.S. Computer Science,2,6.0,CR010,36.17,4,1.46,21.9,0,1.3,0,43.0,6.4,0.93,34.5,0
STU_01847,B.Tech Electronics,2,5.72,CR007,35.27,14,1.0,16.1,2,1.5,0,41.0,7.3,0.61,27.98,0
STU_01848,B.S. Data Science,2,8.69,CR002,79.23,16,3.14,47.7,3,3.7,3,74.8,13.7,1.14,70.5,0
STU_01849,B.S. Data Science,2,6.81,CR006,53.64,8,2.1,39.1,4,3.7,2,68.8,14.2,1.08,54.55,0
STU_01850,B.Tech Electronics,2,7.11,CR007,78.51,15,3.41,71.8,3,3.6,2,62.3,9.1,1.23,71.06,0
STU_01851,BCA / MCA,3,8.54,CR002,85.76,17,3.16,67.1,3,4.4,2,86.6,17.3,1.66,78.85,1
STU_01852,B.Tech Information Technology,1,6.33,CR001,53.21,12,2.11,37.2,1,1.9,1,45.6,9.6,0.63,47.43,0
STU_01853,B.Tech Information Technology,1,6.11,CR004,92.94,18,4.06,79.5,5,4.4,2,79.4,20.9,1.6,84.03,1
STU_01854,BCA / MCA,3,7.13,CR005,86.96,23,4.17,84.1,3,4.5,2,88.1,15.2,1.42,78.66,1
STU_01855,B.Tech Computer Science,3,8.29,CR002,79.62,19,3.36,58.1,4,3.3,3,71.3,10.6,1.01,75.26,1
STU_01856,B.Tech Electronics,2,8.11,CR003,96.15,22,4.29,85.6,8,4.5,3,89.0,24.1,1.99,90.17,1
STU_01857,B.Tech Information Technology,2,6.0,CR003,90.46,16,3.88,89.2,6,4.4,5,85.9,22.3,1.4,92.18,1
STU_01858,BCA / MCA,1,8.34,CR009,43.21,10,1.91,38.6,1,1.2,1,41.2,4.4,0.6,33.24,0
STU_01859,B.S. Data Science,2,7.99,CR008,41.7,11,1.67,25.4,1,1.3,1,46.4,6.0,0.91,33.59,0
STU_01860,BCA / MCA,1,7.94,CR009,83.02,17,3.89,68.3,4,3.9,3,83.8,14.9,1.4,83.59,1
STU_01861,BCA / MCA,1,8.22,CR008,36.7,6,1.19,13.9,0,2.3,0,45.1,9.8,0.83,31.68,0
STU_01862,B.Tech Electronics,3,7.21,CR004,81.48,15,3.23,68.5,3,2.6,1,63.1,10.0,1.08,67.17,0
STU_01863,M.S. Computer Science,3,8.33,CR009,88.57,18,3.66,74.8,5,4.2,5,79.0,20.5,1.69,88.71,1
STU_01864,BCA / MCA,1,5.57,CR009,42.71,13,2.24,30.7,0,1.9,0,30.3,6.1,0.86,32.9,0
STU_01865,B.S. Data Science,2,7.36,CR008,92.46,17,3.87,73.7,4,4.3,5,85.9,21.4,1.35,88.14,1
STU_01866,B.Tech Information Technology,1,8.7,CR007,49.55,8,1.79,35.3,1,1.4,0,45.7,6.5,0.74,38.01,0
STU_01867,B.Tech Information Technology,2,7.11,CR002,87.44,19,3.67,70.2,4,4.1,2,75.1,15.7,1.77,79.08,1
STU_01868,B.Tech Electronics,1,7.13,CR001,73.1,12,2.52,54.5,4,3.7,2,73.8,15.8,1.06,66.03,0
STU_01869,B.S. Data Science,2,7.2,CR009,30.81,4,1.08,29.1,1,2.4,0,41.0,5.0,0.98,31.71,0
STU_01870,B.Tech Information Technology,2,7.77,CR007,65.05,13,2.56,58.9,2,2.8,2,56.1,10.4,1.17,56.03,0
STU_01871,B.S. Data Science,2,7.76,CR001,71.39,10,2.77,42.4,4,2.6,2,56.2,15.2,1.22,62.82,0
STU_01872,B.Tech Information Technology,2,6.65,CR007,34.9,11,1.19,32.7,1,1.0,1,36.9,9.3,0.94,32.53,0
STU_01873,M.S. Computer Science,2,7.82,CR001,64.85,9,2.44,52.7,2,3.1,1,68.6,16.1,1.29,58.75,0
STU_01874,B.Tech Computer Science,1,9.54,CR001,72.58,10,2.76,40.7,2,3.7,1,65.6,9.1,1.01,63.01,0
STU_01875,M.S. Computer Science,1,5.0,CR004,91.83,21,4.23,96.1,6,4.1,5,78.5,20.3,1.77,94.07,1
STU_01876,B.Tech Electronics,1,10.0,CR005,63.37,11,2.85,55.4,2,2.9,1,52.4,10.1,1.3,58.17,0
STU_01877,B.S. Data Science,2,6.38,CR010,70.87,13,2.52,47.6,2,2.7,1,57.7,10.7,1.11,59.11,0
STU_01878,B.Tech Information Technology,2,5.52,CR010,53.35,14,2.25,59.4,3,3.2,3,72.9,12.1,1.09,58.14,0
STU_01879,B.Tech Information Technology,1,8.37,CR002,53.54,15,2.17,42.9,1,2.2,1,34.0,8.5,0.68,43.83,0
STU_01880,B.Tech Information Technology,3,5.77,CR008,77.67,15,2.82,59.0,2,2.9,1,71.2,15.0,1.29,66.73,0
STU_01881,B.S. Data Science,3,6.39,CR003,90.68,19,3.84,74.7,3,4.4,4,86.4,24.9,1.48,86.75,1
STU_01882,B.Tech Electronics,2,7.76,CR008,87.31,13,3.82,75.4,6,4.2,2,88.2,19.6,1.77,79.4,1
STU_01883,B.Tech Computer Science,3,9.58,CR010,84.58,19,4.4,84.5,5,4.0,3,75.4,23.8,1.79,83.83,1
STU_01884,M.S. Computer Science,2,9.62,CR003,86.88,15,3.46,73.5,3,4.3,4,85.9,24.3,1.43,87.84,1
STU_01885,BCA / MCA,2,6.91,CR008,90.43,17,4.11,81.9,5,4.2,5,83.2,20.6,1.53,92.3,1
STU_01886,B.S. Data Science,2,9.85,CR001,97.62,17,4.14,93.7,5,3.9,4,77.0,17.2,1.75,93.32,1
STU_01887,M.S. Computer Science,3,7.08,CR010,74.36,15,3.69,70.8,3,2.8,3,56.6,9.7,1.11,71.42,0
STU_01888,M.S. Computer Science,3,7.17,CR001,55.62,10,1.88,46.2,1,1.3,0,32.0,9.2,0.85,43.91,0
STU_01889,BCA / MCA,3,7.74,CR006,74.65,9,3.05,62.8,2,3.4,3,50.5,14.7,1.16,68.3,0
STU_01890,BCA / MCA,2,9.09,CR007,61.19,7,2.25,60.2,4,3.2,1,50.2,17.9,1.31,58.86,0
STU_01891,B.Tech Information Technology,3,8.39,CR007,82.02,20,3.61,69.4,3,3.2,3,64.0,12.1,1.14,73.23,0
STU_01892,BCA / MCA,2,7.78,CR008,98.08,29,5.0,100.0,6,4.9,5,94.9,20.1,1.9,97.01,1
STU_01893,BCA / MCA,2,7.25,CR006,58.15,12,2.13,46.9,3,3.0,2,72.7,12.2,1.04,57.62,0
STU_01894,B.S. Data Science,1,6.98,CR010,62.85,10,3.1,58.3,3,3.5,3,51.3,12.2,1.39,64.71,0
STU_01895,B.Tech Computer Science,2,6.86,CR008,54.49,18,2.46,51.1,3,2.8,2,54.7,9.4,1.01,51.15,0
STU_01896,B.Tech Computer Science,3,7.18,CR008,94.85,19,4.48,79.9,6,4.6,6,89.2,20.2,1.82,91.36,1
STU_01897,BCA / MCA,1,8.98,CR005,75.4,20,2.93,64.3,4,3.1,1,60.1,15.9,1.12,67.01,0
STU_01898,B.S. Data Science,2,9.88,CR002,87.6,14,3.67,78.6,3,4.1,5,82.5,22.3,1.31,84.79,1
STU_01899,B.Tech Computer Science,2,5.0,CR010,41.58,9,1.92,41.1,1,1.7,1,36.4,5.2,0.83,40.42,0
STU_01900,B.Tech Computer Science,2,9.28,CR001,50.48,9,2.03,23.7,0,1.3,1,28.5,6.9,0.87,40.82,0
STU_01901,B.S. Data Science,3,7.9,CR009,90.83,19,3.77,66.9,4,4.1,2,81.2,16.1,1.75,80.29,1
STU_01902,BCA / MCA,2,9.47,CR004,69.54,13,2.88,64.0,2,2.8,2,56.9,15.1,1.39,60.83,0
STU_01903,B.Tech Information Technology,1,8.19,CR006,42.19,10,1.61,36.7,2,2.5,1,34.5,9.8,0.61,39.78,0
STU_01904,B.Tech Electronics,2,6.97,CR002,86.62,13,3.81,84.4,5,4.6,4,75.1,18.0,1.64,91.27,1
STU_01905,B.Tech Information Technology,2,8.27,CR006,90.19,17,4.15,79.7,4,4.2,3,89.0,19.4,1.69,87.65,1
STU_01906,B.S. Data Science,1,7.34,CR009,45.39,11,2.19,41.5,1,1.1,0,45.0,7.7,0.62,39.01,0
STU_01907,B.S. Data Science,2,6.52,CR008,74.98,16,3.22,51.9,3,3.7,2,62.7,16.5,1.02,68.65,0
STU_01908,B.Tech Computer Science,1,7.78,CR008,85.65,15,3.35,68.8,5,3.9,5,80.2,16.3,1.65,85.36,1
STU_01909,B.S. Data Science,2,9.54,CR007,97.56,18,4.24,87.8,8,4.9,3,94.7,20.7,2.19,88.08,1
STU_01910,M.S. Computer Science,1,9.73,CR007,46.95,13,2.05,37.5,0,1.5,1,39.7,4.0,0.87,38.56,0
STU_01911,B.Tech Information Technology,2,5.64,CR006,37.25,2,1.34,34.9,2,1.7,1,42.8,7.3,0.67,38.04,0
STU_01912,B.Tech Computer Science,3,8.73,CR007,44.75,4,2.03,35.3,2,2.0,0,30.4,8.6,0.61,38.47,0
STU_01913,B.Tech Electronics,3,6.85,CR009,67.92,17,2.86,48.8,2,3.7,1,56.8,13.4,1.09,58.72,0
STU_01914,B.Tech Computer Science,2,8.03,CR002,81.5,18,2.98,65.2,2,2.9,2,71.1,12.4,1.18,71.01,0
STU_01915,M.S. Computer Science,2,7.46,CR006,88.72,25,3.48,79.1,3,4.3,2,77.5,23.9,1.68,82.35,1
STU_01916,BCA / MCA,2,6.59,CR003,42.78,5,2.75,44.8,3,2.6,1,56.2,9.9,1.15,49.84,0
STU_01917,B.Tech Information Technology,3,7.6,CR003,81.85,17,3.23,65.4,3,2.6,3,72.4,14.9,1.16,75.27,1
STU_01918,B.Tech Computer Science,3,8.46,CR010,89.86,21,4.38,89.5,3,4.2,2,85.2,17.2,1.42,81.82,1
STU_01919,B.Tech Computer Science,1,7.39,CR002,67.54,8,2.24,44.7,2,2.5,1,70.8,14.3,1.23,61.22,0
STU_01920,B.Tech Computer Science,2,7.35,CR009,59.77,18,2.37,49.0,2,3.3,1,63.9,16.2,1.16,51.36,0
STU_01921,B.S. Data Science,2,7.46,CR003,85.05,15,3.53,80.8,5,4.1,5,82.0,15.0,1.35,89.69,1
STU_01922,BCA / MCA,2,8.64,CR007,42.68,7,1.63,32.1,0,1.3,0,45.8,4.6,0.93,25.74,0
STU_01923,B.Tech Information Technology,3,6.7,CR004,49.89,12,2.28,45.5,2,2.3,0,49.2,6.1,0.84,42.27,0
STU_01924,B.Tech Electronics,2,8.55,CR005,74.7,19,3.58,69.4,6,4.1,4,81.4,21.6,1.4,84.22,1
STU_01925,BCA / MCA,2,9.9,CR007,84.78,15,3.64,67.3,3,4.2,5,77.2,23.3,1.77,81.05,1
STU_01926,B.Tech Electronics,3,8.42,CR003,26.95,9,1.24,23.8,1,1.4,0,33.5,7.3,0.81,25.1,0
STU_01927,M.S. Computer Science,2,7.01,CR010,69.78,13,3.27,66.3,4,3.6,3,56.6,13.9,1.07,73.16,0
STU_01928,BCA / MCA,2,8.4,CR001,100.0,22,4.74,96.1,7,4.9,4,88.5,18.1,2.17,96.32,1
STU_01929,B.Tech Electronics,3,6.11,CR008,64.44,11,2.41,37.1,2,3.7,2,72.0,14.1,1.2,57.69,0
STU_01930,M.S. Computer Science,3,5.48,CR009,32.45,10,1.69,29.0,2,1.2,1,25.4,9.0,0.78,28.81,0
STU_01931,M.S. Computer Science,1,7.97,CR003,61.57,10,2.54,54.1,4,3.7,3,60.8,17.2,1.08,64.52,0
STU_01932,B.S. Data Science,2,7.16,CR003,84.72,15,3.08,73.7,4,3.6,2,66.8,8.7,1.24,72.98,0
STU_01933,B.Tech Electronics,1,7.24,CR008,77.11,14,2.86,52.1,3,3.0,3,74.7,16.1,1.34,67.8,0
STU_01934,BCA / MCA,1,8.52,CR009,84.5,17,3.81,72.0,5,4.1,3,82.0,18.8,1.31,81.33,1
STU_01935,BCA / MCA,2,9.07,CR010,60.45,19,3.16,55.5,4,2.7,2,73.9,15.1,1.15,61.04,0
STU_01936,B.Tech Computer Science,1,9.05,CR003,28.76,4,1.13,13.5,2,2.0,0,21.7,7.9,0.92,27.28,0
STU_01937,B.Tech Electronics,3,6.82,CR008,61.8,9,2.68,51.6,2,3.6,3,63.8,13.6,1.36,61.5,0
STU_01938,B.Tech Information Technology,1,9.18,CR003,94.84,23,4.31,72.9,6,4.2,5,88.9,16.6,1.61,94.31,1
STU_01939,B.Tech Computer Science,1,6.33,CR005,27.37,4,1.18,16.1,2,1.4,0,47.3,7.1,0.92,27.38,0
STU_01940,B.Tech Electronics,3,7.99,CR010,75.97,18,3.36,68.7,2,3.5,1,56.4,12.9,1.02,66.83,0
STU_01941,B.S. Data Science,1,8.4,CR008,76.38,13,3.29,63.1,4,3.0,3,65.6,13.5,1.24,68.55,0
STU_01942,M.S. Computer Science,1,8.38,CR005,45.37,12,2.31,39.2,4,3.4,2,67.4,10.3,1.13,48.37,0
STU_01943,B.Tech Information Technology,2,8.6,CR003,70.04,13,2.57,48.9,4,2.9,1,63.4,16.0,1.35,63.29,0
STU_01944,B.Tech Computer Science,2,8.44,CR002,54.1,10,2.06,45.9,0,1.6,0,40.6,5.1,0.82,41.56,0
STU_01945,B.S. Data Science,3,7.72,CR010,75.51,17,2.94,57.1,2,3.1,2,59.0,13.2,1.29,66.96,0
STU_01946,B.Tech Information Technology,2,7.96,CR009,75.1,14,2.68,57.6,2,3.2,3,66.8,9.6,1.03,68.07,0
STU_01947,B.Tech Electronics,2,6.1,CR006,54.03,18,2.55,51.1,4,3.6,1,55.6,18.0,1.14,52.32,0
STU_01948,B.Tech Computer Science,2,7.88,CR007,93.73,21,3.98,86.3,3,4.6,3,85.4,17.0,1.44,90.33,1
STU_01949,M.S. Computer Science,2,6.01,CR002,70.86,12,3.25,67.5,2,3.8,3,60.1,17.2,1.23,70.27,0
STU_01950,M.S. Computer Science,2,6.71,CR004,87.07,16,3.37,77.5,5,4.0,4,86.2,18.0,1.58,85.86,1
STU_01951,B.Tech Electronics,3,7.87,CR002,88.18,18,3.61,62.0,4,4.1,4,82.1,19.5,1.63,84.58,1
STU_01952,B.Tech Computer Science,2,8.67,CR004,91.56,25,4.15,78.5,5,4.5,5,83.6,15.2,1.71,88.73,1
STU_01953,M.S. Computer Science,1,8.25,CR002,60.89,14,2.44,47.1,3,3.0,3,52.0,10.3,1.31,61.19,0
STU_01954,B.Tech Computer Science,1,7.96,CR007,75.33,18,2.88,70.0,3,3.5,1,62.7,12.8,1.37,63.03,0
STU_01955,B.Tech Information Technology,2,8.17,CR006,94.27,16,4.68,87.6,5,4.7,4,90.9,29.0,1.85,92.97,1
STU_01956,B.Tech Electronics,1,7.7,CR010,91.0,18,4.43,86.9,5,4.8,5,97.6,19.0,2.14,93.48,1
STU_01957,B.Tech Computer Science,3,8.88,CR010,88.09,13,3.8,77.5,3,4.1,5,77.0,23.5,1.57,83.89,1
STU_01958,B.Tech Information Technology,2,7.24,CR001,49.88,13,1.63,27.1,1,2.2,0,38.0,9.0,0.71,39.63,0
STU_01959,BCA / MCA,2,8.2,CR008,69.56,10,2.26,53.1,2,2.8,1,58.2,14.0,1.11,59.32,0
STU_01960,B.Tech Computer Science,1,8.51,CR004,75.2,21,3.16,64.5,3,3.2,3,73.3,9.4,1.22,75.3,1
STU_01961,BCA / MCA,3,7.73,CR009,83.99,15,3.61,66.6,3,2.6,2,61.1,12.0,1.31,72.29,0
STU_01962,BCA / MCA,1,6.6,CR007,63.3,10,2.5,51.9,2,3.7,2,63.2,15.1,1.26,59.49,0
STU_01963,B.Tech Computer Science,3,7.14,CR006,59.52,13,2.12,45.1,3,3.3,2,60.0,8.5,1.12,60.24,0
STU_01964,B.Tech Computer Science,2,7.07,CR002,59.25,19,2.05,47.1,2,3.6,2,70.5,11.0,1.15,58.67,0
STU_01965,BCA / MCA,3,5.74,CR009,50.11,13,2.57,44.4,2,3.7,3,66.2,12.4,1.02,56.12,0
STU_01966,B.Tech Information Technology,3,9.16,CR002,36.83,6,1.5,31.7,1,1.9,0,48.4,7.0,0.8,35.32,0
STU_01967,B.S. Data Science,1,8.87,CR006,68.17,17,2.85,61.5,2,3.7,2,62.5,15.5,1.32,61.23,0
STU_01968,B.Tech Information Technology,2,6.82,CR008,86.13,14,3.51,76.1,3,4.6,2,86.9,21.4,1.73,78.42,1
STU_01969,B.S. Data Science,3,10.0,CR004,49.38,18,2.04,42.6,4,3.0,2,57.8,16.6,1.31,58.15,0
STU_01970,B.Tech Information Technology,2,8.57,CR005,97.54,19,4.82,100.0,7,4.4,4,88.7,30.6,1.98,98.26,1
STU_01971,M.S. Computer Science,3,9.12,CR006,82.79,18,3.92,75.1,3,4.5,2,84.3,20.8,1.55,80.97,1
STU_01972,B.S. Data Science,3,7.72,CR010,74.12,14,3.02,58.9,2,3.1,1,60.5,14.7,1.11,66.25,0
STU_01973,B.Tech Information Technology,3,6.76,CR009,27.68,2,1.0,26.5,2,2.0,0,30.4,4.6,0.99,23.6,0
STU_01974,B.Tech Computer Science,2,9.01,CR003,26.28,12,1.33,26.8,0,2.1,1,43.4,7.5,0.75,27.27,0
STU_01975,BCA / MCA,3,6.27,CR002,45.22,8,1.74,33.0,0,1.7,1,45.7,7.4,0.85,33.97,0
STU_01976,B.S. Data Science,2,7.72,CR005,82.12,17,4.03,70.7,3,4.3,2,88.0,17.3,1.57,76.67,1
STU_01977,B.S. Data Science,3,6.85,CR007,78.63,13,3.38,65.8,3,3.3,2,59.8,14.1,1.12,69.53,0
STU_01978,B.Tech Electronics,1,7.46,CR004,69.73,13,2.61,46.5,4,3.1,2,55.9,14.7,1.09,61.81,0
STU_01979,M.S. Computer Science,1,6.81,CR005,48.4,10,1.5,29.6,1,1.1,0,48.2,5.7,0.71,38.07,0
STU_01980,M.S. Computer Science,3,9.64,CR006,92.95,20,4.87,92.7,7,4.9,4,93.3,21.1,1.61,96.21,1
STU_01981,B.Tech Computer Science,2,7.81,CR010,76.21,14,3.09,62.3,3,2.8,3,61.0,9.7,1.13,67.55,0
STU_01982,BCA / MCA,3,6.54,CR002,75.31,16,2.6,57.0,4,3.7,3,63.6,14.3,1.28,73.79,0
STU_01983,B.S. Data Science,3,8.03,CR009,64.21,7,2.6,57.1,4,3.4,3,64.2,9.1,1.21,68.94,0
STU_01984,M.S. Computer Science,3,9.5,CR005,43.2,5,1.87,35.5,1,1.9,1,32.2,7.2,0.95,40.64,0
STU_01985,BCA / MCA,3,7.88,CR004,46.73,14,1.62,37.1,0,1.2,1,40.9,7.9,0.9,37.92,0
STU_01986,BCA / MCA,3,6.47,CR002,98.0,25,4.76,93.8,7,4.5,5,96.1,23.1,1.69,99.5,1
STU_01987,M.S. Computer Science,2,8.47,CR010,67.43,11,3.06,61.1,3,3.2,3,63.4,14.8,1.31,66.56,0
STU_01988,B.S. Data Science,3,7.14,CR010,36.13,6,1.63,33.5,1,1.7,1,20.7,9.7,0.82,30.27,0
STU_01989,B.S. Data Science,3,6.31,CR008,62.16,14,2.48,49.7,3,3.6,1,52.7,17.0,1.24,56.05,0
STU_01990,B.Tech Electronics,1,7.05,CR006,59.31,19,2.73,54.0,4,2.5,1,72.1,10.7,1.21,59.76,0
STU_01991,B.Tech Electronics,1,6.37,CR002,69.95,10,2.82,59.7,4,3.7,3,69.1,10.1,1.36,67.9,0
STU_01992,B.S. Data Science,3,7.44,CR008,39.38,5,1.3,32.0,1,2.2,1,21.7,5.7,0.81,34.3,0
STU_01993,B.Tech Electronics,1,7.83,CR003,51.99,5,2.04,32.6,2,2.2,0,32.5,9.9,0.93,43.44,0
STU_01994,B.Tech Information Technology,1,9.28,CR001,25.05,3,1.0,24.8,2,1.3,1,48.7,6.7,0.72,25.46,0
STU_01995,M.S. Computer Science,2,8.52,CR009,90.83,22,3.38,81.5,3,4.6,4,75.5,17.2,1.44,87.57,1
STU_01996,B.S. Data Science,1,7.3,CR006,52.01,13,2.26,48.4,2,3.6,3,73.9,10.9,1.31,57.92,0
STU_01997,B.Tech Information Technology,2,8.13,CR002,55.47,16,2.49,52.0,2,2.5,3,53.4,11.2,1.37,58.82,0
STU_01998,B.Tech Computer Science,2,8.65,CR006,66.3,18,2.44,51.4,4,3.5,2,73.2,9.3,1.38,63.83,0
STU_01999,B.Tech Computer Science,2,10.0,CR005,46.18,5,2.1,43.6,1,1.8,1,34.1,9.3,0.99,37.83,0
STU_02000,B.S. Data Science,3,6.93,CR006,73.64,13,3.06,77.6,3,3.1,3,64.8,14.5,1.22,72.86,0
STU_02001,B.Tech Computer Science,1,8.86,CR001,74.15,7,2.53,56.5,2,3.8,3,55.3,8.6,1.39,68.63,0
STU_02002,B.Tech Computer Science,1,6.75,CR004,83.09,19,3.68,69.2,5,4.0,3,86.3,23.6,1.66,82.2,1
STU_02003,B.Tech Electronics,3,5.2,CR001,97.26,20,3.26,74.2,4,4.1,5,76.1,17.2,1.34,89.48,1
STU_02004,BCA / MCA,1,7.81,CR002,96.75,15,4.35,87.5,6,4.7,6,97.3,24.5,1.88,93.93,1
STU_02005,M.S. Computer Science,3,7.91,CR009,94.65,14,4.13,82.2,6,4.3,5,88.6,22.3,1.47,93.25,1
STU_02006,B.S. Data Science,2,6.54,CR010,52.08,14,2.2,46.8,2,3.7,2,66.8,12.3,1.04,55.73,0
STU_02007,B.Tech Information Technology,3,6.74,CR006,40.86,9,1.49,24.2,1,1.8,0,31.2,7.7,0.86,32.71,0
STU_02008,BCA / MCA,2,7.48,CR007,62.57,16,2.54,59.3,3,3.1,3,66.4,12.8,1.09,61.7,0
STU_02009,M.S. Computer Science,1,7.91,CR006,78.94,18,3.52,74.4,4,4.4,5,89.2,20.0,1.66,79.98,1
STU_02010,B.Tech Electronics,2,8.52,CR003,99.79,29,5.0,100.0,6,4.7,6,91.1,20.8,1.9,98.6,1
STU_02011,BCA / MCA,2,9.57,CR003,57.99,13,2.42,41.4,3,3.1,2,73.6,16.2,1.01,56.61,0
STU_02012,B.S. Data Science,1,8.6,CR007,69.65,11,2.68,47.4,2,3.8,3,52.2,8.9,1.29,62.74,0
STU_02013,B.Tech Electronics,2,7.91,CR004,89.78,19,3.81,78.3,6,4.5,2,80.1,20.1,1.59,84.41,1
STU_02014,B.Tech Information Technology,1,7.1,CR005,88.01,21,4.0,85.5,6,4.6,2,75.1,15.9,1.74,82.02,1
STU_02015,B.Tech Information Technology,3,9.09,CR007,29.36,3,1.0,19.5,0,1.1,0,32.7,9.0,0.72,27.4,0
STU_02016,B.Tech Information Technology,2,9.47,CR009,100.0,20,4.94,96.2,8,4.5,5,89.7,20.7,1.85,98.31,1
STU_02017,B.Tech Information Technology,2,8.46,CR009,25.99,3,1.24,26.2,1,1.9,0,20.1,6.8,0.89,22.67,0
STU_02018,B.S. Data Science,3,7.66,CR006,66.69,9,2.66,58.9,4,2.9,1,69.4,9.0,1.18,61.63,0
STU_02019,BCA / MCA,1,7.36,CR006,90.25,19,4.36,94.5,8,4.9,6,92.3,26.0,1.85,95.17,1
STU_02020,BCA / MCA,3,7.55,CR005,74.38,22,4.05,73.6,4,4.6,3,87.5,21.5,1.6,79.4,1
STU_02021,BCA / MCA,3,9.15,CR009,53.01,12,2.1,54.8,0,1.5,1,27.6,8.2,0.67,38.72,0
STU_02022,BCA / MCA,2,7.04,CR007,72.31,12,2.78,65.6,2,2.9,3,62.6,9.1,1.34,65.23,0
STU_02023,BCA / MCA,2,8.48,CR002,33.01,4,1.46,29.8,1,1.1,1,24.1,5.3,0.86,29.58,0
STU_02024,B.Tech Computer Science,2,10.0,CR009,50.2,14,2.48,42.9,3,2.9,2,54.0,8.5,1.31,52.06,0
STU_02025,B.S. Data Science,2,6.88,CR003,94.54,15,4.59,90.0,5,4.7,4,88.3,19.0,2.1,92.06,1
STU_02026,B.Tech Electronics,2,7.8,CR010,78.25,21,3.45,75.0,5,3.8,2,83.0,15.3,1.54,78.74,1
STU_02027,B.S. Data Science,2,10.0,CR002,73.91,12,3.15,63.0,3,2.7,2,66.4,9.5,1.03,62.84,0
STU_02028,B.Tech Information Technology,3,7.14,CR005,96.09,24,5.0,91.7,7,4.9,3,96.1,21.1,1.85,92.91,1
STU_02029,B.Tech Information Technology,2,8.7,CR003,34.0,11,1.36,29.8,2,1.7,0,24.0,8.5,0.83,31.03,0
STU_02030,B.Tech Computer Science,2,8.15,CR001,100.0,23,4.7,89.5,6,4.9,3,90.4,27.7,1.75,94.5,1
STU_02031,B.Tech Electronics,3,6.17,CR001,81.29,17,2.52,65.5,3,3.4,3,53.8,8.8,1.35,72.96,0
STU_02032,B.Tech Electronics,3,10.0,CR009,27.58,8,1.38,19.2,1,2.0,1,25.8,6.4,0.81,24.43,0
STU_02033,B.Tech Computer Science,3,7.15,CR002,66.72,17,2.91,60.8,3,2.7,2,74.4,16.5,1.39,64.89,0
STU_02034,B.S. Data Science,1,9.21,CR003,97.8,20,4.25,96.2,5,4.6,5,97.5,27.8,2.1,96.6,1
STU_02035,B.Tech Computer Science,3,8.8,CR004,87.07,19,3.77,72.0,5,4.2,3,77.6,16.2,1.69,83.86,1
STU_02036,M.S. Computer Science,2,6.48,CR008,74.35,11,2.91,50.9,4,3.5,3,63.3,14.3,1.04,67.92,0
STU_02037,B.Tech Computer Science,3,7.84,CR006,76.81,14,3.69,68.3,3,4.0,5,89.5,20.4,1.43,77.11,1
STU_02038,B.Tech Computer Science,3,8.71,CR009,57.56,9,2.57,56.8,4,2.7,3,58.9,16.6,1.09,59.61,0
STU_02039,BCA / MCA,1,7.81,CR001,44.05,7,1.51,30.8,2,2.2,1,43.7,8.1,0.75,44.77,0
STU_02040,B.Tech Information Technology,2,8.21,CR005,65.93,14,3.25,62.8,3,3.4,1,53.4,8.0,1.04,58.53,0
STU_02041,BCA / MCA,2,8.63,CR003,40.93,10,1.2,30.0,0,1.1,0,49.7,9.0,0.83,36.23,0
STU_02042,B.Tech Computer Science,2,5.74,CR008,81.49,14,3.57,60.9,2,3.5,3,62.0,14.6,1.13,70.51,0
STU_02043,B.Tech Information Technology,1,9.11,CR005,64.46,14,2.84,43.7,4,2.7,3,66.5,8.3,1.34,61.59,0
STU_02044,B.Tech Information Technology,2,9.74,CR008,82.08,16,3.2,65.3,2,2.7,2,52.1,11.2,1.22,70.48,0
STU_02045,B.Tech Information Technology,3,7.42,CR008,80.01,13,3.28,61.8,4,2.9,2,70.3,14.9,1.19,71.84,0
STU_02046,M.S. Computer Science,2,5.02,CR008,70.72,21,2.86,60.9,2,3.5,1,69.2,15.2,1.04,65.06,0
STU_02047,B.S. Data Science,2,7.75,CR008,73.84,17,2.73,61.9,4,3.6,2,73.1,12.5,1.12,69.26,0
STU_02048,B.Tech Computer Science,1,7.55,CR006,80.77,21,3.2,74.4,5,4.0,5,81.3,17.7,1.69,84.49,1
STU_02049,BCA / MCA,1,6.58,CR008,88.66,20,4.23,81.1,6,4.0,5,81.2,18.2,1.34,89.48,1
STU_02050,BCA / MCA,2,8.22,CR005,63.52,17,2.71,51.4,2,3.7,2,56.0,10.4,1.36,55.89,0
STU_02051,B.Tech Computer Science,2,9.95,CR006,72.53,14,3.05,58.0,3,2.9,2,51.7,14.7,1.24,67.4,0
STU_02052,B.Tech Electronics,3,6.9,CR007,65.66,13,3.15,61.1,2,3.0,2,62.7,13.7,1.02,63.32,0
STU_02053,B.Tech Electronics,3,8.28,CR006,67.46,11,2.77,53.2,2,3.0,2,69.1,11.6,1.04,60.02,0
STU_02054,B.Tech Electronics,2,8.45,CR010,79.44,13,3.24,70.8,4,3.9,2,81.1,18.7,1.66,72.21,0
STU_02055,M.S. Computer Science,2,5.95,CR003,71.85,18,2.65,55.5,2,3.5,3,50.1,17.5,1.29,64.87,0
STU_02056,B.Tech Computer Science,3,9.82,CR002,83.6,18,3.71,79.9,5,4.1,4,75.9,17.5,1.33,87.68,1
STU_02057,M.S. Computer Science,1,8.29,CR001,73.57,13,2.39,58.7,3,3.0,3,72.2,16.3,1.03,72.15,0
STU_02058,B.Tech Information Technology,3,9.54,CR009,67.86,12,2.49,59.7,4,3.0,1,51.8,14.2,1.17,67.47,0
STU_02059,B.S. Data Science,3,6.48,CR006,64.09,17,2.83,59.0,2,3.6,3,62.7,10.0,1.17,60.59,0
STU_02060,BCA / MCA,2,7.7,CR001,49.0,12,1.81,39.4,0,1.6,0,29.1,5.7,0.6,34.39,0
STU_02061,M.S. Computer Science,2,9.25,CR008,54.8,10,2.16,42.4,1,2.5,1,22.0,8.8,0.63,45.26,0
STU_02062,B.Tech Computer Science,2,7.58,CR004,48.38,8,2.04,40.1,2,1.5,0,23.5,7.3,0.65,40.02,0
STU_02063,B.Tech Electronics,2,7.42,CR003,87.39,19,4.01,68.4,5,4.2,2,77.8,14.1,1.51,81.93,1
STU_02064,B.Tech Computer Science,1,6.68,CR007,37.02,5,1.49,26.4,2,2.1,0,30.1,8.8,0.87,33.46,0
STU_02065,B.Tech Computer Science,3,8.33,CR007,33.77,4,1.48,22.8,2,1.5,1,39.7,9.2,0.87,33.61,0
STU_02066,B.S. Data Science,2,9.09,CR001,77.48,13,3.02,65.8,3,3.1,1,55.7,10.8,1.39,67.18,0
STU_02067,B.Tech Computer Science,2,8.51,CR010,57.75,15,2.82,60.7,3,2.7,2,64.2,17.4,1.34,57.97,0
STU_02068,B.Tech Computer Science,2,8.2,CR007,62.84,14,2.89,56.4,3,3.4,2,71.9,16.0,1.3,67.0,0
STU_02069,BCA / MCA,2,8.72,CR004,82.43,16,3.5,66.6,3,2.7,3,65.9,13.2,1.34,74.85,0
STU_02070,B.Tech Electronics,3,6.04,CR009,85.89,20,3.56,70.3,6,3.9,3,79.3,19.2,1.45,81.71,1
STU_02071,M.S. Computer Science,3,7.79,CR007,83.66,16,3.63,73.6,6,3.8,4,82.0,14.8,1.72,85.91,1
STU_02072,B.Tech Electronics,2,7.61,CR005,74.79,15,2.88,65.6,4,2.7,1,68.8,13.6,1.31,68.15,0
STU_02073,B.Tech Computer Science,2,8.69,CR004,84.82,22,3.73,85.6,6,4.1,3,83.9,21.7,1.58,88.32,1
STU_02074,B.Tech Computer Science,1,6.11,CR010,78.37,17,3.66,71.9,4,4.5,2,88.9,18.0,1.36,79.42,1
STU_02075,B.Tech Electronics,2,6.58,CR005,87.77,18,4.12,80.4,4,3.9,2,78.0,21.1,1.75,81.42,1
STU_02076,B.S. Data Science,2,8.6,CR010,60.75,10,2.07,55.5,2,3.5,2,60.5,16.0,1.22,59.57,0
STU_02077,BCA / MCA,2,8.86,CR009,91.25,21,3.88,77.1,6,4.6,4,82.8,22.6,1.51,94.92,1
STU_02078,BCA / MCA,2,6.79,CR008,78.82,13,3.42,72.9,3,4.1,2,87.6,19.9,1.53,77.06,1
STU_02079,B.Tech Electronics,2,8.92,CR007,32.97,10,1.1,25.7,0,1.9,0,46.5,6.3,0.7,29.6,0
STU_02080,M.S. Computer Science,3,6.6,CR003,47.2,11,1.96,29.2,0,1.0,0,36.7,7.1,0.62,30.93,0
STU_02081,B.Tech Electronics,2,9.02,CR009,61.06,16,2.47,51.4,4,2.9,3,72.3,17.1,1.01,62.96,0
STU_02082,B.Tech Electronics,2,6.42,CR005,38.27,11,1.78,27.4,1,2.1,1,44.4,6.1,0.73,32.82,0
STU_02083,M.S. Computer Science,2,7.93,CR006,61.77,13,2.61,51.8,2,2.7,1,72.3,14.9,1.21,61.37,0
STU_02084,B.S. Data Science,2,6.8,CR004,88.6,11,3.4,74.8,5,4.1,4,81.0,24.5,1.52,86.51,1
STU_02085,B.Tech Electronics,2,7.44,CR006,94.17,19,4.82,94.4,6,4.5,4,97.1,24.7,2.18,94.68,1
STU_02086,M.S. Computer Science,3,8.31,CR008,45.6,11,1.49,31.2,1,2.2,0,35.7,6.1,0.75,32.46,0
STU_02087,B.Tech Information Technology,2,8.49,CR001,77.63,13,3.33,68.3,2,3.0,1,66.8,13.5,1.33,63.23,0
STU_02088,BCA / MCA,1,8.01,CR008,76.62,16,2.97,54.3,2,2.6,3,60.5,13.1,1.28,64.29,0
STU_02089,B.Tech Electronics,2,8.97,CR002,60.27,10,2.29,40.9,4,3.0,1,67.2,14.5,1.04,56.81,0
STU_02090,B.S. Data Science,2,7.37,CR004,77.94,14,3.13,62.2,3,3.2,3,56.7,17.4,1.31,72.67,0
STU_02091,BCA / MCA,2,6.28,CR010,83.36,14,3.61,75.0,5,4.0,3,86.3,16.9,1.7,83.58,1
STU_02092,B.Tech Computer Science,2,6.78,CR002,87.38,21,3.48,67.9,5,4.5,3,79.3,17.7,1.64,85.9,1
STU_02093,B.S. Data Science,2,8.05,CR003,82.0,16,3.71,70.8,6,4.3,4,82.9,21.8,1.48,82.3,1
STU_02094,M.S. Computer Science,3,8.22,CR010,78.96,14,3.24,63.3,4,3.3,3,55.8,13.6,1.27,73.82,0
STU_02095,BCA / MCA,3,7.69,CR004,44.88,14,1.78,45.8,0,1.7,0,30.6,7.2,0.98,38.4,0
STU_02096,B.Tech Computer Science,3,7.72,CR010,39.36,11,1.61,41.2,0,1.4,1,23.3,9.6,0.66,34.02,0
STU_02097,B.Tech Computer Science,2,6.0,CR001,45.17,9,1.46,24.4,1,2.0,1,41.4,5.0,1.0,38.88,0
STU_02098,BCA / MCA,2,9.0,CR005,70.86,10,2.47,45.6,2,2.9,1,65.7,12.1,1.16,58.99,0
STU_02099,M.S. Computer Science,2,6.15,CR007,93.21,19,4.08,76.9,5,4.0,4,85.5,20.8,1.49,90.51,1
STU_02100,M.S. Computer Science,2,7.77,CR002,90.19,19,4.19,80.1,4,4.4,3,87.3,18.4,1.8,84.99,1
STU_02101,BCA / MCA,3,7.08,CR003,85.35,23,3.57,72.9,6,4.4,5,78.9,19.3,1.33,87.31,1
STU_02102,BCA / MCA,3,9.53,CR002,68.41,12,3.45,71.8,3,2.9,3,70.1,11.1,1.05,68.64,0
STU_02103,B.S. Data Science,1,5.57,CR006,88.58,19,4.0,80.3,5,4.6,5,78.2,23.8,1.57,91.21,1
STU_02104,B.Tech Information Technology,2,8.96,CR004,81.89,16,2.81,56.8,2,3.4,3,53.2,17.8,1.08,67.83,0
STU_02105,B.Tech Computer Science,1,7.86,CR006,73.78,15,3.05,62.1,2,3.5,3,56.1,15.2,1.12,67.04,0
STU_02106,B.S. Data Science,2,8.99,CR006,95.61,23,4.57,88.8,5,4.8,5,97.3,18.3,1.72,92.71,1
STU_02107,B.Tech Computer Science,2,9.53,CR008,74.06,12,2.78,58.8,4,2.6,3,51.0,15.7,1.16,68.49,0
STU_02108,B.S. Data Science,2,7.8,CR001,100.0,20,4.69,98.9,5,4.9,6,95.5,19.0,1.88,99.5,1
STU_02109,M.S. Computer Science,2,8.91,CR008,54.26,9,2.0,36.4,2,1.0,0,32.9,9.1,0.8,46.47,0
STU_02110,B.Tech Computer Science,2,6.46,CR010,72.02,16,3.37,72.9,4,3.9,3,85.6,21.4,1.34,75.97,1
STU_02111,B.Tech Information Technology,1,7.1,CR002,41.9,11,1.79,36.6,2,1.2,0,46.7,4.7,0.99,34.89,0
STU_02112,B.S. Data Science,1,8.71,CR009,53.47,8,2.36,54.3,2,3.6,3,61.3,11.9,1.17,55.1,0
STU_02113,M.S. Computer Science,3,7.9,CR006,79.29,20,3.75,69.1,5,3.9,3,80.8,22.1,1.41,79.31,1
STU_02114,M.S. Computer Science,3,7.19,CR006,73.04,18,3.6,63.6,4,3.4,2,67.0,13.1,1.22,68.72,0
STU_02115,B.Tech Electronics,3,7.27,CR001,33.74,6,1.48,33.5,2,1.5,0,33.5,7.2,0.89,31.49,0
STU_02116,BCA / MCA,2,8.45,CR003,71.49,12,2.98,56.2,3,2.6,3,53.8,14.9,1.09,61.37,0
STU_02117,B.Tech Information Technology,2,9.46,CR007,47.2,12,2.03,45.4,2,2.1,0,20.1,4.0,0.99,37.91,0
STU_02118,B.S. Data Science,2,8.84,CR006,26.37,4,1.03,25.8,1,1.1,0,42.8,7.8,0.78,25.97,0
STU_02119,M.S. Computer Science,3,7.51,CR002,31.31,5,1.14,17.6,0,2.4,0,26.0,4.4,0.76,22.62,0
STU_02120,BCA / MCA,1,7.27,CR006,66.99,13,2.88,66.4,2,3.5,1,68.5,17.4,1.0,63.03,0
STU_02121,B.Tech Computer Science,2,6.72,CR006,59.13,13,2.71,54.5,4,2.9,1,65.5,15.9,1.18,62.25,0
STU_02122,B.S. Data Science,3,6.97,CR004,91.94,17,4.03,83.4,4,4.4,4,77.5,16.7,1.68,91.39,1
STU_02123,B.Tech Computer Science,2,8.43,CR005,42.43,7,1.87,37.8,0,1.1,1,40.9,8.8,0.76,36.12,0
STU_02124,B.Tech Electronics,2,8.38,CR004,60.7,14,2.13,46.0,2,3.3,1,54.4,16.9,1.1,53.07,0
STU_02125,B.S. Data Science,2,5.64,CR008,79.06,14,3.05,76.0,3,2.8,2,69.8,12.5,1.13,71.7,0
STU_02126,M.S. Computer Science,2,7.69,CR009,55.81,10,2.44,47.3,4,2.9,3,67.4,13.7,1.19,61.48,0
STU_02127,B.Tech Information Technology,1,7.81,CR010,67.91,11,2.9,54.7,4,2.9,3,59.6,12.1,1.06,63.72,0
STU_02128,B.Tech Information Technology,3,7.42,CR007,53.76,11,2.43,55.3,4,3.4,2,56.0,16.4,1.33,59.23,0
STU_02129,B.Tech Information Technology,2,6.51,CR009,59.29,7,2.53,48.8,4,3.6,2,63.2,9.3,1.28,62.97,0
STU_02130,B.Tech Computer Science,2,7.8,CR004,71.64,9,2.92,54.7,3,3.5,2,71.7,12.8,1.31,66.77,0
STU_02131,B.Tech Computer Science,3,6.49,CR009,82.42,14,3.05,74.6,4,4.1,5,86.8,24.5,1.61,86.5,1
STU_02132,B.Tech Information Technology,2,8.68,CR006,68.9,17,2.88,65.0,3,3.3,3,61.3,12.4,1.35,64.23,0
STU_02133,M.S. Computer Science,3,8.57,CR006,75.09,18,2.98,64.5,5,4.1,2,76.9,20.4,1.5,75.94,1
STU_02134,B.Tech Information Technology,2,7.01,CR006,70.96,10,2.98,56.3,2,3.5,1,63.1,16.1,1.3,65.18,0
STU_02135,B.S. Data Science,2,8.4,CR008,59.64,16,2.61,44.1,2,3.3,2,60.4,11.3,1.2,53.25,0
STU_02136,M.S. Computer Science,2,7.31,CR010,87.61,22,3.64,79.9,6,3.9,5,81.5,20.2,1.56,90.85,1
STU_02137,B.Tech Information Technology,2,7.21,CR006,61.74,9,2.84,41.6,3,2.6,3,60.7,16.2,1.17,58.25,0
STU_02138,B.Tech Electronics,2,9.97,CR004,85.92,15,3.8,69.2,3,4.0,5,82.4,18.2,1.71,79.42,1
STU_02139,B.Tech Electronics,3,7.73,CR010,68.69,11,2.92,60.8,2,3.6,1,59.7,9.8,1.23,63.33,0
STU_02140,M.S. Computer Science,1,7.71,CR005,88.26,16,3.92,66.3,4,4.0,3,85.2,23.0,1.44,85.7,1
STU_02141,B.Tech Information Technology,2,8.09,CR001,99.52,17,4.73,94.0,7,4.6,4,98.0,19.9,2.11,99.5,1
STU_02142,B.S. Data Science,2,5.05,CR003,62.41,10,2.22,47.6,4,3.2,1,50.9,9.5,1.07,54.88,0
STU_02143,B.Tech Information Technology,3,8.55,CR005,71.93,17,3.46,53.5,2,2.6,1,57.2,13.2,1.01,56.66,0
STU_02144,B.Tech Information Technology,2,7.08,CR004,47.78,12,1.86,28.9,2,1.8,1,39.5,5.1,0.88,43.68,0
STU_02145,B.Tech Computer Science,2,8.18,CR006,43.81,5,1.54,37.3,2,2.2,1,47.1,8.5,0.9,41.1,0
STU_02146,BCA / MCA,2,7.86,CR008,82.63,14,3.84,63.1,6,4.1,3,84.0,18.1,1.4,80.8,1
STU_02147,B.Tech Computer Science,2,8.76,CR006,89.81,18,4.09,75.7,4,4.5,5,85.5,20.4,1.43,88.67,1
STU_02148,B.S. Data Science,3,7.99,CR007,70.08,13,3.02,50.7,4,2.7,1,52.0,12.9,1.31,58.3,0
STU_02149,B.S. Data Science,2,7.26,CR010,46.5,12,2.33,31.1,2,2.1,0,46.6,7.3,0.71,41.92,0
STU_02150,B.Tech Information Technology,2,7.62,CR006,57.33,15,2.5,49.5,2,3.1,3,59.8,13.2,1.08,57.7,0
STU_02151,M.S. Computer Science,3,6.32,CR002,77.49,13,2.87,48.6,2,3.4,2,55.0,8.9,1.27,66.9,0
STU_02152,B.Tech Information Technology,1,6.85,CR005,68.04,17,2.62,60.1,3,3.5,2,74.7,11.2,1.06,62.95,0
STU_02153,BCA / MCA,1,6.78,CR003,56.78,9,2.5,50.8,3,2.6,3,74.2,12.1,1.31,56.83,0
STU_02154,B.Tech Electronics,1,7.55,CR007,43.77,5,1.78,27.8,1,2.2,0,47.4,6.7,0.7,40.42,0
STU_02155,B.Tech Electronics,3,7.39,CR006,82.29,18,3.79,64.1,3,4.2,5,80.8,17.1,1.66,81.9,1
STU_02156,B.Tech Computer Science,1,7.6,CR003,77.19,16,3.33,62.9,3,3.5,3,66.1,17.9,1.39,74.86,0
STU_02157,B.Tech Electronics,1,8.21,CR007,69.86,13,2.7,56.8,2,3.5,2,50.3,11.4,1.31,61.64,0
STU_02158,B.Tech Electronics,2,6.35,CR002,64.27,14,2.75,58.5,3,3.0,3,71.3,17.8,1.14,67.11,0
STU_02159,B.S. Data Science,3,6.66,CR006,80.27,13,3.96,71.9,5,4.2,2,78.9,25.0,1.72,79.29,1
STU_02160,B.Tech Information Technology,3,7.26,CR009,91.37,15,4.04,83.9,3,4.1,3,81.6,14.7,1.6,86.58,1
STU_02161,B.Tech Computer Science,2,8.69,CR010,55.84,14,2.83,62.6,4,3.1,3,60.1,16.7,1.19,59.8,0
STU_02162,BCA / MCA,3,7.58,CR007,55.15,6,1.98,35.4,1,1.3,0,47.8,4.7,0.94,37.26,0
STU_02163,B.Tech Computer Science,3,8.74,CR008,70.52,16,2.71,51.7,4,3.0,3,61.5,14.7,1.31,71.36,0
STU_02164,B.S. Data Science,2,8.28,CR006,86.25,25,3.9,75.5,3,3.8,4,77.5,17.1,1.44,79.82,1
STU_02165,B.Tech Information Technology,2,8.32,CR007,30.85,5,1.03,30.3,1,1.2,1,38.5,7.9,0.62,29.33,0
STU_02166,BCA / MCA,1,9.34,CR002,87.07,16,3.58,76.3,2,3.6,3,72.6,13.9,1.38,79.63,1
STU_02167,BCA / MCA,2,7.35,CR003,26.99,7,1.0,23.7,0,2.3,0,39.6,5.1,0.96,26.37,0
STU_02168,BCA / MCA,1,8.12,CR008,78.03,20,2.88,60.8,3,3.3,2,71.7,14.4,1.34,74.63,0
STU_02169,B.Tech Electronics,2,8.02,CR004,94.7,19,4.1,92.9,8,4.9,3,96.7,21.7,2.07,91.58,1
STU_02170,B.Tech Computer Science,2,9.91,CR001,32.26,6,1.0,25.2,2,2.1,0,36.6,6.6,0.68,33.45,0
STU_02171,B.Tech Electronics,2,8.02,CR002,76.39,18,3.2,67.1,4,3.4,3,66.2,9.5,1.1,74.37,0
STU_02172,B.S. Data Science,2,7.85,CR001,31.9,5,1.0,22.6,2,1.9,1,27.0,9.9,0.63,31.18,0
STU_02173,BCA / MCA,2,8.28,CR002,84.45,14,3.46,61.8,6,4.3,2,78.5,24.6,1.57,81.41,1
STU_02174,B.Tech Information Technology,2,5.41,CR005,70.08,16,3.17,69.1,4,3.5,1,69.9,9.2,1.13,63.54,0
STU_02175,BCA / MCA,3,6.72,CR006,62.97,13,2.82,48.5,2,3.7,2,58.1,10.8,1.07,58.72,0
STU_02176,B.S. Data Science,3,6.84,CR003,70.53,11,2.98,59.4,4,3.3,1,67.8,10.0,1.21,65.31,0
STU_02177,M.S. Computer Science,2,9.27,CR003,82.94,13,3.33,80.6,5,4.2,2,75.5,16.7,1.48,79.29,1
STU_02178,B.Tech Electronics,2,7.56,CR007,86.25,12,3.7,70.4,5,4.1,4,79.8,23.0,1.8,87.94,1
STU_02179,B.Tech Electronics,2,6.4,CR006,29.62,11,1.68,24.1,0,1.9,0,26.6,4.9,0.86,22.79,0
STU_02180,BCA / MCA,2,8.54,CR002,63.91,13,2.58,52.1,4,3.6,3,68.5,9.6,1.15,64.17,0
STU_02181,M.S. Computer Science,3,8.91,CR010,60.78,14,2.8,53.2,4,3.2,2,54.2,10.9,1.2,60.47,0
STU_02182,M.S. Computer Science,2,8.62,CR009,42.19,8,1.38,30.9,1,1.3,1,48.6,8.5,0.75,38.36,0
STU_02183,B.S. Data Science,3,7.75,CR003,79.97,19,3.33,70.7,4,2.7,2,67.2,15.0,1.29,75.96,1
STU_02184,B.Tech Information Technology,2,7.45,CR003,93.03,14,3.89,77.9,5,4.4,5,75.5,16.8,1.35,90.27,1
STU_02185,B.Tech Computer Science,2,6.84,CR010,97.29,24,4.61,90.1,8,4.6,5,93.6,19.7,1.75,95.05,1
STU_02186,B.Tech Computer Science,2,6.72,CR009,57.44,16,2.54,52.2,3,2.7,2,57.7,17.1,1.13,59.22,0
STU_02187,B.Tech Electronics,2,6.93,CR001,46.09,10,1.13,33.8,2,1.9,0,49.8,9.7,0.97,46.42,0
STU_02188,M.S. Computer Science,2,8.12,CR007,81.23,16,3.3,70.6,2,2.5,2,54.1,17.2,1.39,70.84,0
STU_02189,M.S. Computer Science,3,7.03,CR004,64.43,13,2.62,47.0,4,3.3,1,71.7,10.6,1.15,62.67,0
STU_02190,B.Tech Electronics,2,7.98,CR002,34.8,6,1.61,27.6,0,2.0,0,39.5,7.3,0.67,28.51,0
STU_02191,B.Tech Computer Science,2,8.35,CR003,91.36,18,3.74,77.9,6,3.9,5,77.5,14.5,1.62,89.47,1
STU_02192,B.S. Data Science,3,8.83,CR007,95.58,18,4.74,90.3,7,4.5,5,92.3,19.9,1.63,93.67,1
STU_02193,B.S. Data Science,2,7.54,CR006,53.53,9,2.51,51.2,4,3.0,2,67.8,10.9,1.0,59.16,0
STU_02194,B.Tech Information Technology,3,7.82,CR008,87.08,18,3.91,57.6,5,4.2,5,75.5,14.6,1.33,84.1,1
STU_02195,B.Tech Information Technology,3,9.25,CR003,63.1,15,2.61,66.0,2,2.9,3,74.3,10.8,1.05,62.0,0
STU_02196,B.S. Data Science,3,7.11,CR003,88.02,18,3.76,71.3,3,4.6,5,78.6,19.9,1.45,82.67,1
STU_02197,M.S. Computer Science,2,7.96,CR007,58.57,12,2.37,45.1,4,2.8,1,74.8,10.2,1.35,55.11,0
STU_02198,M.S. Computer Science,2,6.12,CR010,68.18,14,3.04,55.9,2,3.7,3,73.4,13.6,1.27,59.38,0
STU_02199,M.S. Computer Science,3,8.38,CR001,88.81,17,3.69,65.6,2,2.5,1,66.3,8.7,1.24,67.84,0
STU_02200,M.S. Computer Science,2,8.04,CR002,99.24,24,5.0,93.8,5,4.8,6,92.1,26.0,2.06,93.03,1
STU_02201,M.S. Computer Science,2,7.6,CR004,94.43,16,3.87,76.9,4,4.1,5,76.5,15.1,1.52,85.14,1
STU_02202,B.S. Data Science,3,8.26,CR004,53.74,9,1.97,45.1,2,1.6,0,20.6,5.8,0.91,39.23,0
STU_02203,B.S. Data Science,1,9.16,CR002,91.02,19,4.12,85.7,4,4.5,5,88.1,20.6,1.44,87.51,1
STU_02204,B.Tech Electronics,2,6.75,CR010,49.92,20,2.86,48.7,2,2.7,1,66.7,13.3,1.31,48.54,0
STU_02205,B.Tech Electronics,2,6.92,CR002,89.02,14,3.61,68.0,5,4.5,3,79.8,17.8,1.43,86.13,1
STU_02206,B.Tech Information Technology,2,7.49,CR002,26.34,4,1.11,31.3,0,2.0,1,40.9,9.3,0.95,34.58,0
STU_02207,M.S. Computer Science,3,6.73,CR007,53.91,13,2.49,38.8,1,1.9,1,21.2,8.2,0.96,41.41,0
STU_02208,BCA / MCA,2,7.64,CR010,69.1,17,3.23,64.2,4,3.8,3,52.3,12.7,1.24,69.6,0
STU_02209,B.Tech Computer Science,2,9.49,CR001,72.62,14,2.21,44.4,3,3.3,3,57.4,8.9,1.33,66.23,0
STU_02210,B.Tech Computer Science,2,7.9,CR009,70.53,15,3.61,61.2,3,3.2,2,73.3,15.0,1.05,64.95,0
STU_02211,B.Tech Computer Science,1,6.51,CR005,87.87,12,3.97,89.1,3,4.3,3,80.5,15.2,1.47,82.84,1
STU_02212,B.S. Data Science,2,9.09,CR006,32.22,7,1.51,35.5,0,1.3,1,46.2,8.3,0.63,33.37,0
STU_02213,B.Tech Information Technology,2,7.86,CR006,61.92,12,2.64,63.6,2,3.3,2,51.9,8.6,1.07,61.89,0
STU_02214,BCA / MCA,2,6.36,CR004,84.92,14,3.8,84.0,5,3.9,4,87.7,16.2,1.66,88.53,1
STU_02215,BCA / MCA,2,8.72,CR008,94.3,17,4.29,82.7,5,4.4,2,85.1,20.8,1.76,91.53,1
STU_02216,B.Tech Information Technology,1,8.16,CR005,37.72,13,1.49,24.4,1,1.2,1,28.4,6.0,0.98,34.75,0
STU_02217,BCA / MCA,2,8.44,CR003,62.99,16,2.15,42.9,3,2.5,2,56.9,14.7,1.37,56.7,0
STU_02218,BCA / MCA,2,8.63,CR005,32.48,8,1.34,21.2,2,1.6,0,32.5,4.0,0.95,26.38,0
STU_02219,B.Tech Information Technology,2,7.29,CR007,60.05,8,2.7,50.1,2,2.9,1,65.8,16.0,1.08,60.41,0
STU_02220,B.Tech Information Technology,2,7.21,CR003,76.05,21,3.33,63.6,3,3.1,2,60.2,17.7,1.33,71.22,0
STU_02221,BCA / MCA,2,7.24,CR009,62.91,11,2.45,40.6,4,3.3,1,72.3,9.8,1.01,59.39,0
STU_02222,B.S. Data Science,2,7.44,CR010,79.22,15,3.46,74.1,5,4.6,4,84.2,14.3,1.74,85.45,1
STU_02223,B.Tech Electronics,3,8.32,CR008,80.2,14,3.56,70.2,4,3.3,2,62.3,10.6,1.02,68.3,0
STU_02224,B.Tech Information Technology,2,9.86,CR007,40.41,11,1.81,36.2,0,1.9,1,48.7,9.0,0.84,35.75,0
STU_02225,B.Tech Information Technology,2,7.52,CR004,59.28,9,1.86,44.6,2,1.1,0,20.7,6.0,0.98,44.66,0
STU_02226,BCA / MCA,1,8.09,CR008,74.0,15,2.48,56.5,4,3.3,1,64.5,9.3,1.04,68.22,0
STU_02227,BCA / MCA,3,7.23,CR009,84.22,20,3.5,71.7,4,4.5,4,87.6,23.9,1.45,87.11,1
STU_02228,BCA / MCA,1,7.73,CR002,96.66,28,5.0,88.2,5,4.4,5,92.9,28.6,1.96,94.41,1
STU_02229,M.S. Computer Science,3,8.49,CR009,87.81,18,3.62,67.3,3,4.4,5,85.5,14.5,1.36,83.74,1
STU_02230,M.S. Computer Science,2,8.96,CR004,78.47,14,3.12,72.6,4,2.9,1,58.9,16.3,1.39,69.0,0
STU_02231,BCA / MCA,3,7.74,CR004,40.49,10,1.51,32.9,2,2.1,1,26.6,4.6,0.71,36.04,0
STU_02232,B.Tech Information Technology,1,8.41,CR010,64.76,16,3.05,54.7,3,3.3,1,68.3,8.8,1.05,58.91,0
STU_02233,BCA / MCA,1,7.42,CR002,97.17,21,4.89,97.7,6,4.7,5,92.9,20.1,1.81,96.66,1
STU_02234,B.Tech Computer Science,2,8.7,CR004,78.23,19,2.84,60.8,4,3.1,2,65.4,9.7,1.15,70.06,0
STU_02235,B.Tech Electronics,1,8.16,CR001,82.59,12,3.1,58.7,4,3.5,1,51.7,17.9,1.34,73.36,0
STU_02236,B.Tech Information Technology,2,6.69,CR008,32.83,12,1.23,24.3,0,1.1,0,34.5,6.3,0.62,22.29,0
STU_02237,M.S. Computer Science,2,9.15,CR010,59.59,12,2.66,52.0,4,3.2,1,57.0,16.4,1.31,59.94,0
STU_02238,M.S. Computer Science,2,8.48,CR002,94.9,17,3.83,88.8,6,4.5,3,81.7,21.7,1.5,95.63,1
STU_02239,M.S. Computer Science,3,9.3,CR010,86.99,20,4.3,75.0,3,4.3,4,76.8,18.5,1.62,84.58,1
STU_02240,B.Tech Electronics,2,6.8,CR008,79.23,12,3.33,72.0,3,3.4,3,70.3,12.4,1.15,72.38,0
STU_02241,B.Tech Electronics,2,8.46,CR005,51.8,12,1.87,35.4,4,2.6,1,74.3,9.6,1.35,45.53,0
STU_02242,B.S. Data Science,2,7.65,CR009,66.03,14,2.47,62.5,4,3.1,2,75.0,9.2,1.11,65.66,0
STU_02243,B.Tech Computer Science,3,7.03,CR003,73.37,16,3.33,55.6,3,3.5,3,74.2,8.9,1.3,67.89,0
STU_02244,B.Tech Electronics,2,9.35,CR003,41.51,11,2.03,41.2,1,2.2,1,23.1,6.6,1.0,33.67,0
STU_02245,B.Tech Computer Science,3,7.23,CR008,78.17,19,3.47,62.0,4,3.5,3,56.8,9.3,1.36,74.3,0
STU_02246,B.Tech Information Technology,1,8.04,CR002,85.86,22,3.75,69.8,4,4.0,4,83.6,22.6,1.46,84.13,1
STU_02247,M.S. Computer Science,2,8.98,CR009,72.7,14,3.03,52.2,4,3.0,2,53.7,11.2,1.27,67.18,0
STU_02248,M.S. Computer Science,2,10.0,CR003,75.69,17,3.38,61.8,2,2.8,2,64.3,11.8,1.17,66.17,0
STU_02249,B.Tech Information Technology,3,7.39,CR010,87.28,20,3.79,79.4,5,4.4,5,87.0,19.1,1.55,91.02,1
STU_02250,BCA / MCA,2,10.0,CR007,93.0,19,4.64,82.5,5,4.6,3,76.8,17.4,1.69,92.57,1
STU_02251,B.S. Data Science,2,7.17,CR005,54.68,14,2.55,50.3,3,2.7,2,56.0,15.3,1.26,54.4,0
STU_02252,BCA / MCA,2,9.27,CR006,59.02,9,2.47,47.5,3,2.9,3,68.7,17.7,1.4,65.52,0
STU_02253,B.Tech Electronics,3,5.04,CR001,93.3,14,3.64,72.7,6,4.6,2,84.2,14.0,1.43,85.76,1
STU_02254,B.Tech Electronics,2,8.62,CR003,99.46,23,4.96,98.8,7,4.4,3,89.2,18.1,2.12,99.5,1
STU_02255,BCA / MCA,2,7.54,CR005,51.61,10,2.62,45.4,3,2.9,1,52.0,12.0,1.1,49.98,0
STU_02256,B.S. Data Science,2,9.7,CR007,66.48,13,2.57,55.1,4,3.3,3,56.8,9.4,1.15,67.13,0
STU_02257,B.Tech Information Technology,3,8.46,CR010,59.25,12,2.15,46.9,3,3.4,1,51.4,17.6,1.27,62.3,0
STU_02258,B.Tech Computer Science,2,8.46,CR006,80.61,23,3.71,73.5,6,3.8,2,77.9,19.4,1.76,84.71,1
STU_02259,BCA / MCA,2,8.76,CR008,36.96,6,1.28,22.3,2,2.2,1,44.7,8.3,0.87,33.65,0
STU_02260,B.Tech Computer Science,1,6.8,CR006,70.11,14,3.05,61.4,3,3.5,2,60.9,16.3,1.07,63.98,0
STU_02261,B.S. Data Science,1,8.83,CR003,87.47,17,4.17,75.5,3,4.5,4,75.8,23.4,1.63,84.53,1
STU_02262,BCA / MCA,2,5.0,CR003,91.87,20,4.13,79.4,5,4.6,3,87.5,15.8,1.41,89.06,1
STU_02263,M.S. Computer Science,1,7.45,CR004,71.45,18,2.74,57.4,4,3.2,3,69.5,8.1,1.35,65.46,0
STU_02264,B.S. Data Science,2,7.55,CR005,79.91,10,3.11,75.9,4,3.9,2,76.2,20.4,1.42,76.92,1
STU_02265,BCA / MCA,3,10.0,CR006,97.32,24,4.33,94.5,7,4.5,6,93.3,28.4,1.92,96.98,1
STU_02266,BCA / MCA,3,7.22,CR003,80.08,18,3.45,74.5,2,2.7,2,61.2,11.1,1.32,66.88,0
STU_02267,B.S. Data Science,2,8.56,CR005,59.44,11,2.66,56.5,4,3.5,1,72.8,10.3,1.32,61.88,0
STU_02268,B.Tech Information Technology,1,8.03,CR007,64.29,15,2.52,50.7,3,3.4,1,61.0,17.6,1.2,61.16,0
STU_02269,M.S. Computer Science,1,8.81,CR009,66.33,6,2.46,46.6,4,3.7,2,68.4,17.3,1.24,65.96,0
STU_02270,B.Tech Computer Science,3,6.6,CR006,82.35,12,3.46,85.8,6,3.9,4,85.1,16.1,1.39,88.71,1
STU_02271,M.S. Computer Science,2,8.63,CR002,86.17,17,3.77,80.2,3,4.4,2,82.8,20.9,1.73,87.31,1
STU_02272,M.S. Computer Science,1,8.0,CR009,87.09,20,3.75,71.5,3,4.1,5,76.0,17.2,1.74,79.53,1
STU_02273,M.S. Computer Science,2,10.0,CR004,91.99,18,4.64,84.0,6,3.9,4,85.5,20.0,1.67,92.95,1
STU_02274,B.Tech Electronics,2,7.17,CR003,83.61,19,3.84,69.2,3,4.2,3,75.2,23.6,1.69,76.33,1
STU_02275,BCA / MCA,2,7.53,CR008,66.9,7,2.48,53.9,4,2.9,3,54.0,13.6,1.38,63.69,0
STU_02276,B.Tech Electronics,3,8.9,CR007,59.97,8,2.28,47.4,2,2.9,3,66.6,8.1,1.08,63.17,0
STU_02277,B.Tech Electronics,1,7.39,CR004,60.7,17,2.23,45.3,2,3.4,2,54.4,12.1,1.25,54.07,0
STU_02278,B.Tech Information Technology,2,6.98,CR006,57.76,10,2.2,51.7,4,3.4,3,57.2,16.7,1.19,58.35,0
STU_02279,B.Tech Information Technology,3,7.25,CR010,92.34,21,4.46,88.0,6,4.5,4,90.0,25.9,2.02,93.92,1
STU_02280,B.Tech Information Technology,2,7.61,CR003,29.74,7,1.38,23.0,2,2.0,0,23.7,5.3,0.91,24.37,0
STU_02281,B.Tech Information Technology,2,7.04,CR002,59.32,17,2.79,45.1,3,3.0,1,63.7,13.9,1.18,55.4,0
STU_02282,BCA / MCA,2,8.05,CR005,40.17,5,1.6,33.0,1,1.7,0,35.0,8.9,0.61,30.0,0
STU_02283,B.Tech Information Technology,3,6.79,CR001,40.47,10,1.37,32.0,1,1.4,0,22.4,8.1,0.83,30.42,0
STU_02284,B.Tech Electronics,1,7.82,CR004,77.24,16,3.44,66.6,3,3.3,2,73.5,14.0,1.07,67.51,0
STU_02285,B.Tech Electronics,1,5.0,CR007,66.91,12,2.19,51.8,2,3.3,1,65.4,9.5,1.33,61.88,0
STU_02286,B.Tech Information Technology,2,6.08,CR010,85.03,20,3.94,88.7,3,4.1,3,81.7,24.0,1.44,84.69,1
STU_02287,B.Tech Information Technology,1,6.39,CR008,90.92,13,3.96,77.4,5,3.8,4,80.5,23.2,1.62,92.53,1
STU_02288,B.Tech Electronics,1,8.6,CR002,93.48,15,3.83,79.0,5,4.4,5,83.7,23.2,1.71,95.36,1
STU_02289,B.S. Data Science,2,7.75,CR008,57.94,5,2.29,32.4,1,2.5,1,20.7,4.6,0.74,43.1,0
STU_02290,B.Tech Electronics,3,5.5,CR002,84.2,14,3.43,68.2,3,2.9,1,71.8,11.9,1.23,70.36,0
STU_02291,B.Tech Electronics,3,9.83,CR005,41.35,9,2.26,48.9,2,2.4,0,32.5,9.7,0.62,40.39,0
STU_02292,BCA / MCA,2,6.58,CR007,95.47,20,4.27,88.2,3,4.5,4,76.3,14.6,1.78,87.76,1
STU_02293,BCA / MCA,2,7.84,CR006,52.23,11,1.74,36.0,0,2.4,0,33.1,8.8,0.92,40.34,0
STU_02294,M.S. Computer Science,1,9.24,CR009,27.8,8,1.06,24.3,2,1.9,1,32.7,7.6,0.77,32.46,0
STU_02295,B.Tech Computer Science,1,10.0,CR004,90.09,20,3.73,72.4,5,4.3,4,85.1,14.4,1.54,88.07,1
STU_02296,M.S. Computer Science,2,8.99,CR003,58.67,9,2.42,51.7,2,3.8,3,59.3,17.4,1.12,64.91,0
STU_02297,B.Tech Information Technology,3,6.64,CR003,55.96,19,2.57,60.1,2,3.0,1,64.9,17.5,1.11,54.04,0
STU_02298,B.Tech Computer Science,2,8.88,CR005,77.54,16,2.86,53.4,3,2.5,2,68.8,17.1,1.26,66.37,0
STU_02299,M.S. Computer Science,2,9.62,CR001,73.51,9,2.76,51.9,3,2.8,1,50.8,16.4,1.17,60.31,0
STU_02300,BCA / MCA,3,6.6,CR007,50.01,11,1.87,42.5,1,1.3,0,46.5,5.3,0.96,38.18,0
STU_02301,B.Tech Information Technology,1,8.52,CR006,84.41,20,3.66,78.2,3,4.6,5,87.7,18.0,1.45,81.8,1
STU_02302,B.Tech Computer Science,1,8.16,CR008,51.98,9,2.46,53.0,3,2.9,3,70.4,14.1,1.22,58.13,0
STU_02303,B.Tech Electronics,1,7.84,CR010,81.61,12,4.03,71.5,3,4.3,4,82.3,15.8,1.53,81.51,1
STU_02304,B.Tech Electronics,2,7.22,CR005,36.45,7,1.58,18.3,2,1.5,1,30.0,9.9,0.84,36.13,0
STU_02305,M.S. Computer Science,2,7.33,CR002,60.49,12,2.32,48.4,4,3.3,3,64.4,12.0,1.28,60.38,0
STU_02306,B.Tech Information Technology,1,7.72,CR009,39.58,5,1.47,30.0,0,1.4,0,25.0,5.3,0.83,29.72,0
STU_02307,BCA / MCA,1,10.0,CR002,88.22,18,3.89,71.0,5,4.3,2,80.6,21.4,1.37,76.47,1
STU_02308,B.Tech Information Technology,2,7.5,CR003,82.11,16,3.12,73.5,5,4.4,4,75.9,19.3,1.73,84.95,1
STU_02309,BCA / MCA,3,8.29,CR010,66.9,13,2.53,57.7,4,3.7,2,55.6,13.6,1.22,62.7,0
STU_02310,B.Tech Information Technology,2,8.62,CR006,91.24,20,4.48,77.9,3,4.6,5,81.9,17.4,1.79,89.03,1
STU_02311,BCA / MCA,1,6.9,CR004,95.93,16,4.56,90.6,5,4.7,4,94.9,25.7,2.06,95.28,1
STU_02312,BCA / MCA,1,8.46,CR004,43.78,12,1.58,32.7,1,2.2,0,25.0,4.3,0.79,30.71,0
STU_02313,M.S. Computer Science,2,8.27,CR006,29.73,5,1.3,24.1,2,1.8,1,43.3,4.5,0.88,28.91,0
STU_02314,B.Tech Electronics,3,8.81,CR008,72.57,13,2.94,69.8,4,2.7,2,50.7,9.0,1.28,71.13,0
STU_02315,B.Tech Computer Science,3,7.75,CR009,93.31,20,4.05,85.4,7,4.8,4,96.2,25.0,2.02,92.59,1
STU_02316,B.S. Data Science,2,5.91,CR008,87.61,21,4.08,86.7,6,4.4,2,78.6,16.1,1.4,88.18,1
STU_02317,BCA / MCA,3,8.85,CR009,77.51,17,3.27,71.1,3,3.3,2,56.9,8.8,1.17,67.38,0
STU_02318,BCA / MCA,1,7.18,CR009,51.44,12,2.17,43.1,0,1.9,1,37.9,4.1,0.88,38.88,0
STU_02319,B.Tech Computer Science,1,9.71,CR005,48.62,6,2.29,44.3,1,2.3,1,24.3,8.7,0.97,45.08,0
STU_02320,B.Tech Electronics,2,8.37,CR002,96.41,18,4.13,84.4,6,4.5,6,89.8,29.8,1.93,99.5,1
STU_02321,M.S. Computer Science,1,8.09,CR004,89.99,20,3.61,72.8,4,4.1,4,78.2,20.9,1.79,83.53,1
STU_02322,M.S. Computer Science,2,7.95,CR003,65.17,13,2.55,63.5,4,3.3,3,61.1,9.6,1.17,66.19,0
STU_02323,B.Tech Computer Science,3,6.04,CR006,68.63,20,2.69,55.7,4,2.6,3,70.9,13.7,1.26,64.47,0
STU_02324,B.Tech Information Technology,2,8.36,CR002,85.69,17,3.03,67.1,4,3.9,3,85.3,15.5,1.79,81.75,1
STU_02325,M.S. Computer Science,3,9.42,CR010,71.53,21,3.62,65.1,2,3.0,2,56.1,12.8,1.27,66.06,0
STU_02326,B.Tech Computer Science,3,7.76,CR007,71.58,10,2.72,57.0,4,2.6,2,73.8,9.5,1.31,63.79,0
STU_02327,B.Tech Electronics,2,8.44,CR003,88.89,17,3.32,66.0,5,4.1,2,84.6,14.7,1.47,78.46,1
STU_02328,B.Tech Computer Science,2,7.81,CR009,81.65,12,3.94,73.1,4,3.9,2,85.7,22.4,1.74,77.8,1
STU_02329,B.Tech Computer Science,3,7.58,CR003,34.07,14,1.37,33.9,0,1.8,0,36.6,8.8,0.62,31.89,0
STU_02330,B.Tech Electronics,3,7.07,CR007,62.46,13,2.78,48.4,2,2.9,1,58.2,16.7,1.03,53.45,0
STU_02331,B.S. Data Science,1,7.07,CR005,35.8,2,1.0,25.5,1,1.1,0,45.4,5.0,0.93,27.66,0
STU_02332,BCA / MCA,3,7.27,CR003,43.8,14,1.4,30.5,0,2.5,1,46.2,9.6,0.63,36.36,0
STU_02333,B.S. Data Science,1,7.44,CR002,79.56,14,3.21,58.1,4,3.2,1,56.2,8.2,1.21,65.35,0
STU_02334,BCA / MCA,2,8.47,CR004,84.17,17,3.11,65.3,5,3.9,2,85.1,18.5,1.31,78.37,1
STU_02335,M.S. Computer Science,3,7.31,CR008,47.43,11,1.81,40.3,2,2.0,1,28.8,9.4,0.82,39.99,0
STU_02336,B.S. Data Science,3,8.18,CR001,81.8,15,2.79,58.7,3,2.9,1,67.5,9.4,1.27,69.36,0
STU_02337,BCA / MCA,2,8.34,CR010,43.91,7,1.36,28.3,2,1.4,1,42.8,6.6,0.97,33.78,0
STU_02338,B.S. Data Science,2,7.4,CR002,29.99,7,1.34,23.2,2,1.7,1,45.6,7.9,0.66,29.99,0
STU_02339,B.Tech Information Technology,3,9.08,CR008,83.38,14,3.8,72.4,6,3.8,5,78.0,14.2,1.43,85.59,1
STU_02340,B.Tech Computer Science,2,9.56,CR005,87.47,15,3.96,76.2,5,4.1,4,86.8,21.9,1.49,88.19,1
STU_02341,BCA / MCA,2,8.89,CR007,94.92,18,3.92,77.5,5,4.1,4,86.6,22.3,1.54,87.6,1
STU_02342,B.Tech Computer Science,1,9.19,CR008,35.12,6,1.33,25.1,1,1.5,0,37.9,4.5,0.88,30.64,0
STU_02343,M.S. Computer Science,2,7.4,CR005,34.38,5,1.18,26.8,2,2.1,1,28.7,8.1,0.7,35.72,0
STU_02344,M.S. Computer Science,2,6.65,CR010,68.97,14,2.6,52.6,4,2.8,3,67.2,11.3,1.06,68.91,0
STU_02345,B.Tech Electronics,1,7.64,CR002,70.24,9,2.96,57.8,4,3.4,1,68.0,17.4,1.34,66.61,0
STU_02346,M.S. Computer Science,1,7.91,CR004,58.53,4,2.55,37.0,4,3.6,3,69.8,16.3,1.26,60.67,0
STU_02347,M.S. Computer Science,2,6.46,CR007,90.31,18,4.07,85.3,3,4.0,4,78.1,16.9,1.59,84.86,1
STU_02348,BCA / MCA,3,5.0,CR008,80.16,13,3.18,64.4,4,3.7,1,52.8,11.7,1.36,70.54,0
STU_02349,B.Tech Electronics,3,6.45,CR007,86.43,16,3.73,64.6,3,3.9,3,89.2,15.2,1.49,82.31,1
STU_02350,M.S. Computer Science,1,9.42,CR006,48.03,10,2.1,39.7,1,1.3,0,39.0,7.8,0.86,36.0,0
STU_02351,BCA / MCA,2,6.66,CR005,70.8,18,3.61,71.2,4,2.8,2,67.8,12.3,1.33,67.29,0
STU_02352,B.S. Data Science,3,9.4,CR004,77.61,14,3.18,67.9,2,3.6,2,71.2,14.8,1.3,69.27,0
STU_02353,B.Tech Electronics,2,8.92,CR005,81.69,17,3.49,76.4,4,3.8,3,85.1,15.3,1.67,80.1,1
STU_02354,M.S. Computer Science,3,7.53,CR009,65.03,14,2.52,51.1,4,2.5,2,52.5,10.9,1.04,59.24,0
STU_02355,B.S. Data Science,3,7.58,CR003,86.57,13,3.55,69.8,3,4.3,4,87.4,21.0,1.55,82.3,1
STU_02356,B.S. Data Science,2,8.08,CR004,67.58,10,2.87,45.6,3,3.2,1,67.7,14.3,1.35,59.49,0
STU_02357,BCA / MCA,1,8.43,CR007,77.4,11,3.01,62.0,3,3.3,3,69.9,12.4,1.27,69.27,0
STU_02358,B.Tech Information Technology,3,8.28,CR004,66.19,13,2.45,50.4,4,3.4,2,52.0,14.0,1.14,58.89,0
STU_02359,B.S. Data Science,2,8.15,CR008,85.96,13,3.26,67.4,4,4.4,3,87.1,21.9,1.31,81.79,1
STU_02360,B.S. Data Science,1,7.39,CR004,71.1,13,3.13,61.8,4,3.3,3,64.5,13.3,1.15,70.57,0
STU_02361,BCA / MCA,2,7.04,CR009,84.82,10,3.52,66.1,3,3.1,3,58.1,11.6,1.2,74.35,0
STU_02362,BCA / MCA,1,7.4,CR002,37.97,5,1.27,26.3,2,2.0,1,37.8,7.9,0.62,33.28,0
STU_02363,B.S. Data Science,1,8.98,CR006,77.77,11,3.64,69.0,3,3.1,1,55.6,9.3,1.06,67.15,0
STU_02364,B.Tech Electronics,1,8.27,CR005,78.76,16,3.16,62.7,2,2.8,2,72.0,8.7,1.14,66.25,0
STU_02365,B.Tech Information Technology,2,8.38,CR001,54.74,4,1.84,40.2,0,1.3,1,35.7,8.8,0.75,38.89,0
STU_02366,B.Tech Computer Science,2,7.9,CR004,35.97,5,1.34,38.0,0,2.1,1,24.3,7.5,0.79,32.27,0
STU_02367,BCA / MCA,3,7.49,CR003,27.5,6,1.43,24.8,0,1.2,0,20.3,4.3,0.98,24.55,0
STU_02368,M.S. Computer Science,2,8.45,CR008,87.34,16,3.57,61.5,4,3.1,3,56.4,14.1,1.07,70.69,0
STU_02369,B.Tech Information Technology,2,6.74,CR009,68.94,16,2.9,66.0,4,3.4,3,74.3,12.6,1.4,76.1,1
STU_02370,B.Tech Electronics,3,7.81,CR006,82.4,17,3.82,67.0,5,4.1,5,83.2,17.8,1.52,81.8,1
STU_02371,B.S. Data Science,2,7.71,CR004,62.77,14,2.8,43.8,3,2.6,1,66.4,13.7,1.33,52.25,0
STU_02372,BCA / MCA,1,8.39,CR004,84.52,17,3.82,74.3,4,4.3,2,89.3,16.2,1.5,87.29,1
STU_02373,M.S. Computer Science,3,6.41,CR009,58.75,18,2.4,62.3,4,2.6,1,54.8,12.8,1.09,58.19,0
STU_02374,BCA / MCA,2,7.94,CR009,88.83,19,3.71,85.6,4,4.4,5,81.2,18.0,1.75,87.91,1
STU_02375,B.S. Data Science,2,6.43,CR001,86.32,16,3.04,60.4,3,3.2,2,69.6,8.9,1.25,67.73,0
STU_02376,M.S. Computer Science,2,7.72,CR003,41.31,13,1.0,30.0,1,1.7,0,28.1,5.8,0.99,31.18,0
STU_02377,B.S. Data Science,2,8.88,CR003,29.42,7,1.28,29.2,1,1.3,0,43.2,5.3,0.94,28.44,0
STU_02378,BCA / MCA,2,7.34,CR005,93.43,29,4.8,100.0,5,4.5,6,97.6,29.0,2.01,98.66,1
STU_02379,B.Tech Electronics,3,5.01,CR003,97.75,25,4.71,89.6,6,5.0,6,91.1,18.5,2.0,97.31,1
STU_02380,B.S. Data Science,2,7.95,CR005,63.92,16,2.54,54.0,4,2.5,3,55.0,17.7,1.12,55.47,0
STU_02381,B.Tech Electronics,1,5.85,CR009,99.21,24,4.76,100.0,7,4.5,3,94.9,25.4,1.66,97.72,1
STU_02382,M.S. Computer Science,1,6.17,CR006,46.67,12,2.23,43.6,2,2.6,3,69.4,14.8,1.26,48.27,0
STU_02383,B.Tech Computer Science,2,7.41,CR003,95.88,16,4.24,81.2,4,4.5,3,77.9,15.7,1.42,90.03,1
STU_02384,B.Tech Information Technology,1,8.11,CR008,85.22,20,3.96,86.7,5,3.8,2,76.0,17.0,1.37,82.33,1
STU_02385,B.Tech Computer Science,3,7.86,CR010,76.58,19,3.87,77.4,6,4.3,5,84.8,23.5,1.62,82.97,1
STU_02386,B.Tech Electronics,2,9.19,CR003,84.28,16,4.04,81.1,4,3.9,2,77.4,21.2,1.71,78.17,1
STU_02387,B.S. Data Science,2,9.27,CR007,89.59,18,4.0,75.5,6,4.1,2,83.5,20.0,1.38,88.66,1
STU_02388,B.Tech Information Technology,2,7.08,CR004,45.31,10,2.06,36.1,2,1.1,0,36.3,6.0,0.99,34.11,0
STU_02389,B.S. Data Science,2,7.59,CR002,76.01,16,3.09,58.3,2,3.4,3,59.9,9.5,1.05,68.82,0
STU_02390,B.Tech Computer Science,3,6.33,CR001,93.69,21,3.75,87.5,3,4.4,3,87.5,15.6,1.33,87.82,1
STU_02391,B.Tech Computer Science,3,8.83,CR009,45.09,8,2.27,43.2,1,2.1,1,27.3,9.2,0.73,38.44,0
STU_02392,B.S. Data Science,1,9.99,CR010,69.95,13,3.01,60.6,2,2.9,1,53.6,11.2,1.18,59.47,0
STU_02393,B.Tech Information Technology,2,7.57,CR008,30.5,11,1.14,21.0,0,1.3,1,29.7,5.1,0.95,25.34,0
STU_02394,B.Tech Computer Science,3,7.32,CR003,70.01,16,2.74,57.3,4,3.2,1,73.7,9.0,1.29,60.3,0
STU_02395,B.Tech Electronics,3,10.0,CR003,68.3,12,2.52,55.9,3,3.6,1,65.5,14.5,1.15,59.81,0
STU_02396,M.S. Computer Science,1,6.6,CR009,82.88,20,3.92,74.8,3,4.3,4,84.9,15.1,1.76,80.54,1
STU_02397,B.S. Data Science,1,9.32,CR003,62.88,13,2.55,54.6,2,3.4,1,70.2,16.6,1.23,57.99,0
STU_02398,B.Tech Electronics,1,8.66,CR003,94.48,18,4.82,81.3,7,4.7,6,94.9,24.0,2.07,93.38,1
STU_02399,BCA / MCA,2,8.89,CR007,83.34,19,3.46,84.9,3,4.3,2,88.5,17.8,1.68,78.63,1
STU_02400,B.S. Data Science,2,8.84,CR003,27.24,6,1.25,25.0,1,2.1,0,31.5,7.4,0.98,22.36,0
STU_02401,B.Tech Electronics,1,8.03,CR001,100.0,15,5.0,100.0,8,4.9,3,93.0,27.7,1.71,96.92,1
STU_02402,M.S. Computer Science,1,7.0,CR006,89.86,19,4.49,86.4,8,5.0,4,92.7,24.1,1.89,91.32,1
STU_02403,B.S. Data Science,2,7.44,CR008,91.57,17,4.01,72.8,5,3.9,5,83.9,18.8,1.5,89.4,1
STU_02404,B.Tech Electronics,2,8.58,CR002,64.99,14,2.49,53.1,3,2.6,1,68.0,17.5,1.33,58.4,0
STU_02405,B.S. Data Science,2,8.29,CR010,68.11,22,3.69,58.3,3,3.1,2,72.7,15.2,1.31,66.91,0
STU_02406,BCA / MCA,2,6.62,CR009,81.06,13,3.25,79.2,4,4.1,2,87.4,21.7,1.35,81.84,1
STU_02407,B.S. Data Science,3,6.36,CR010,69.82,15,3.07,61.4,4,3.7,2,60.2,15.1,1.33,68.1,0
STU_02408,BCA / MCA,1,7.54,CR001,52.22,7,1.67,46.6,1,1.0,1,48.5,7.2,0.74,48.25,0
STU_02409,B.Tech Information Technology,2,7.2,CR009,57.54,3,2.5,37.5,2,1.2,1,33.4,7.2,0.94,45.26,0
STU_02410,BCA / MCA,2,8.36,CR003,54.72,11,1.83,38.6,4,3.0,3,70.0,11.7,1.21,59.69,0
STU_02411,B.Tech Computer Science,3,7.29,CR002,72.76,13,2.89,60.0,2,2.9,1,69.9,17.9,1.1,62.25,0
STU_02412,BCA / MCA,2,8.78,CR004,64.14,8,2.44,46.2,4,3.7,3,70.5,10.1,1.36,64.76,0
STU_02413,M.S. Computer Science,1,6.92,CR007,30.99,9,1.24,21.6,2,2.2,0,20.9,6.7,0.76,26.35,0
STU_02414,B.S. Data Science,1,6.77,CR004,81.59,12,3.35,62.7,5,4.5,3,86.1,15.5,1.46,74.3,0
STU_02415,B.Tech Electronics,3,7.9,CR006,99.29,22,4.79,95.2,8,4.7,3,89.4,23.4,2.08,94.86,1
STU_02416,B.Tech Information Technology,1,7.53,CR004,69.63,15,2.7,55.2,3,2.9,2,63.0,12.5,1.21,64.48,0
STU_02417,BCA / MCA,2,6.1,CR005,25.54,6,1.67,33.6,2,1.2,1,35.3,8.3,0.82,29.85,0
STU_02418,B.Tech Electronics,2,7.54,CR007,86.49,15,3.75,75.5,6,4.0,4,79.5,22.2,1.39,87.48,1
STU_02419,B.Tech Information Technology,3,9.31,CR008,69.12,11,2.79,54.7,2,3.5,3,59.9,17.0,1.13,66.32,0
STU_02420,BCA / MCA,2,6.51,CR008,33.54,6,1.14,29.2,2,1.3,0,26.6,6.9,0.95,30.52,0
STU_02421,B.Tech Computer Science,2,8.61,CR002,25.89,7,1.11,23.2,1,1.1,0,43.9,9.3,0.78,28.6,0
STU_02422,B.Tech Information Technology,2,6.7,CR003,99.34,24,4.83,82.7,7,5.0,6,96.2,28.3,2.17,96.45,1
STU_02423,B.S. Data Science,2,7.61,CR005,85.27,19,3.87,61.4,5,4.4,2,84.9,14.1,1.69,81.44,1
STU_02424,B.Tech Computer Science,2,7.56,CR004,97.34,24,4.86,94.0,8,4.6,4,91.8,20.6,1.65,99.15,1
STU_02425,B.Tech Information Technology,2,6.45,CR001,78.21,20,2.67,57.8,2,3.1,1,51.1,9.7,1.04,61.76,0
STU_02426,B.Tech Information Technology,1,8.28,CR007,57.85,17,2.19,41.4,2,1.3,0,30.2,8.1,0.97,42.88,0
STU_02427,B.Tech Information Technology,2,6.73,CR006,61.68,10,2.77,53.4,2,2.6,2,72.2,12.6,1.06,62.69,0
STU_02428,M.S. Computer Science,3,9.18,CR009,92.78,21,4.28,81.3,4,4.0,3,84.5,17.7,1.66,85.09,1
STU_02429,BCA / MCA,2,6.99,CR010,27.4,11,1.0,27.4,0,2.2,1,36.3,7.4,0.73,31.38,0
STU_02430,B.S. Data Science,3,8.86,CR006,54.54,8,2.46,56.2,4,3.6,1,70.7,15.6,1.09,60.16,0
STU_02431,B.Tech Electronics,2,7.16,CR005,70.08,10,2.96,61.1,2,3.0,1,57.3,12.5,1.12,56.73,0
STU_02432,BCA / MCA,1,7.5,CR008,55.12,11,2.29,40.4,1,2.4,0,20.2,9.2,0.98,45.43,0
STU_02433,B.Tech Information Technology,2,5.84,CR005,62.31,16,2.38,53.9,2,2.5,3,63.3,11.1,1.08,62.13,0
STU_02434,B.S. Data Science,1,9.5,CR002,72.25,18,3.46,55.6,4,3.7,1,55.0,12.4,1.37,65.1,0
STU_02435,M.S. Computer Science,3,6.89,CR006,71.94,11,3.05,60.4,2,3.3,1,72.0,10.9,1.2,63.98,0
STU_02436,BCA / MCA,2,8.54,CR007,25.65,4,1.23,16.7,0,1.1,1,22.9,8.0,0.72,24.34,0
STU_02437,M.S. Computer Science,1,8.99,CR004,92.43,16,4.02,71.7,3,3.9,2,89.9,17.9,1.49,80.77,1
STU_02438,B.Tech Computer Science,2,7.46,CR008,94.89,17,4.32,91.4,8,4.7,5,92.9,20.1,1.79,93.2,1
STU_02439,BCA / MCA,2,6.99,CR008,100.0,23,5.0,93.8,6,4.9,6,94.0,24.3,1.69,99.5,1
STU_02440,M.S. Computer Science,2,9.91,CR008,68.94,14,2.19,54.0,2,3.2,2,67.1,14.4,1.03,65.53,0
STU_02441,M.S. Computer Science,3,8.78,CR004,47.43,15,1.94,33.3,2,1.3,0,40.9,7.5,0.94,38.7,0
STU_02442,B.Tech Electronics,3,6.81,CR003,69.28,20,3.09,58.2,2,3.6,2,52.9,8.7,1.16,60.64,0
STU_02443,B.S. Data Science,1,7.66,CR008,64.74,10,2.5,40.0,4,2.7,1,62.6,10.8,1.34,53.87,0
STU_02444,B.Tech Electronics,1,9.93,CR006,41.33,14,1.79,24.8,1,2.4,1,27.3,8.7,0.6,31.91,0
STU_02445,B.Tech Electronics,2,9.31,CR008,80.19,16,3.09,54.1,3,2.7,2,59.9,13.1,1.21,69.33,0
STU_02446,B.S. Data Science,2,6.76,CR007,54.99,12,2.21,41.5,2,1.3,0,26.5,9.8,0.81,45.03,0
STU_02447,B.Tech Information Technology,2,8.35,CR004,70.74,12,2.68,55.7,4,2.8,3,71.2,16.8,1.39,63.43,0
STU_02448,M.S. Computer Science,2,8.61,CR008,79.8,18,3.22,59.9,3,3.6,2,70.6,12.7,1.12,69.08,0
STU_02449,BCA / MCA,2,7.72,CR007,39.32,9,1.29,35.1,0,1.2,1,32.7,5.6,0.99,32.63,0
STU_02450,B.S. Data Science,3,6.72,CR010,55.38,5,2.16,53.4,2,2.7,1,55.5,17.9,1.32,52.52,0
STU_02451,B.S. Data Science,2,8.82,CR003,94.62,23,4.27,82.4,6,4.1,3,80.1,19.4,1.38,92.74,1
STU_02452,B.Tech Electronics,1,7.87,CR004,67.14,9,2.46,61.8,4,3.3,1,54.6,10.4,1.22,58.4,0
STU_02453,B.S. Data Science,3,7.69,CR010,86.74,18,3.86,83.3,6,4.4,3,82.9,24.2,1.52,85.66,1
STU_02454,B.Tech Information Technology,2,8.31,CR008,53.69,8,1.93,44.3,2,2.2,0,34.5,8.0,0.81,45.17,0
STU_02455,B.Tech Electronics,2,8.13,CR010,56.28,16,2.27,46.9,4,3.3,1,72.7,9.9,1.4,57.59,0
STU_02456,BCA / MCA,1,6.91,CR002,51.14,12,1.63,52.8,0,2.4,0,27.0,6.3,0.77,40.95,0
STU_02457,B.S. Data Science,3,8.66,CR006,93.99,20,4.6,86.5,7,4.9,4,96.9,18.3,2.12,90.57,1
STU_02458,BCA / MCA,1,7.12,CR004,76.64,17,3.37,61.5,2,3.7,2,73.8,8.9,1.37,66.7,0
STU_02459,M.S. Computer Science,3,9.62,CR010,96.27,22,4.59,99.0,8,4.9,6,93.6,24.2,1.66,95.27,1
STU_02460,B.S. Data Science,3,7.25,CR005,60.52,6,2.36,41.4,4,3.6,1,53.3,15.2,1.28,60.16,0
STU_02461,B.Tech Information Technology,1,9.06,CR002,56.13,9,2.13,48.2,4,3.2,2,62.2,11.8,1.24,59.58,0
STU_02462,B.Tech Information Technology,2,5.77,CR008,87.7,19,3.9,73.0,5,3.9,3,78.5,15.2,1.79,86.26,1
STU_02463,B.Tech Computer Science,2,8.37,CR003,98.62,23,4.66,88.5,5,4.9,3,91.7,28.3,1.86,97.2,1
STU_02464,B.Tech Information Technology,3,8.44,CR008,83.89,12,3.04,65.6,2,3.0,1,62.4,11.2,1.06,68.83,0
STU_02465,M.S. Computer Science,2,9.57,CR006,95.06,26,5.0,99.0,6,4.5,6,95.4,31.1,1.95,95.42,1
STU_02466,B.Tech Computer Science,3,9.85,CR010,71.14,11,2.96,62.3,3,2.5,1,58.5,15.8,1.31,65.75,0
STU_02467,B.S. Data Science,1,8.79,CR003,63.34,13,2.48,52.0,4,2.6,2,61.8,13.5,1.22,56.65,0
STU_02468,B.Tech Information Technology,1,8.65,CR004,91.66,18,4.53,90.5,7,5.0,5,91.4,27.0,2.12,95.11,1
STU_02469,BCA / MCA,3,6.59,CR002,60.93,13,2.55,53.4,3,2.8,1,74.5,9.7,1.03,59.45,0
STU_02470,M.S. Computer Science,3,8.19,CR007,96.28,23,4.29,96.7,7,4.8,5,95.0,26.3,2.14,94.3,1
STU_02471,B.Tech Information Technology,2,6.5,CR009,95.99,24,4.96,100.0,5,5.0,6,90.1,27.0,1.76,99.5,1
STU_02472,B.S. Data Science,3,6.61,CR001,91.31,17,3.42,80.5,4,3.2,2,73.6,15.1,1.02,81.94,1
STU_02473,B.S. Data Science,2,7.27,CR007,72.94,15,2.81,46.5,3,3.3,3,54.3,10.1,1.39,62.17,0
STU_02474,BCA / MCA,2,7.44,CR002,73.06,22,3.24,71.6,2,2.8,1,59.9,13.7,1.14,63.09,0
STU_02475,M.S. Computer Science,1,6.65,CR010,22.56,14,1.26,29.7,1,1.5,0,32.8,8.0,0.92,27.21,0
STU_02476,B.Tech Electronics,2,6.59,CR001,87.6,19,3.53,65.5,5,4.3,5,79.5,14.9,1.36,83.11,1
STU_02477,B.S. Data Science,2,8.12,CR009,87.02,17,3.4,75.1,6,4.0,5,80.6,20.1,1.38,88.42,1
STU_02478,BCA / MCA,2,7.72,CR006,83.67,18,3.8,76.6,4,4.4,5,86.7,24.2,1.36,82.17,1
STU_02479,B.S. Data Science,2,8.13,CR008,96.3,20,3.96,89.6,5,4.8,5,97.5,30.9,1.72,99.5,1
STU_02480,M.S. Computer Science,3,7.42,CR001,87.18,14,3.43,80.5,3,4.0,3,77.0,14.4,1.33,81.58,1
STU_02481,B.Tech Computer Science,1,6.11,CR002,28.25,9,1.0,23.0,0,1.5,0,35.8,6.0,0.74,21.25,0
STU_02482,B.Tech Computer Science,1,8.22,CR001,86.52,15,3.81,64.6,5,3.9,2,82.1,23.6,1.58,83.67,1
STU_02483,B.Tech Information Technology,2,6.02,CR008,51.88,9,2.24,45.5,3,3.0,3,50.1,9.7,1.18,57.22,0
STU_02484,B.Tech Computer Science,2,9.61,CR001,95.82,17,3.89,73.8,4,3.9,2,86.7,19.3,1.61,84.09,1
STU_02485,B.Tech Information Technology,1,8.16,CR002,49.63,6,2.1,28.6,2,1.5,0,46.3,4.3,0.87,41.49,0
STU_02486,B.Tech Information Technology,1,9.27,CR002,79.48,16,3.28,61.3,4,3.4,3,58.3,17.5,1.15,76.01,1
STU_02487,B.Tech Information Technology,2,7.28,CR004,91.33,23,4.07,85.5,6,4.5,3,75.0,18.6,1.63,88.4,1
STU_02488,B.Tech Electronics,2,5.83,CR010,68.81,20,3.67,68.2,3,4.5,5,82.4,17.6,1.54,75.22,1
STU_02489,B.Tech Information Technology,2,6.79,CR002,27.12,7,1.0,21.2,0,2.0,1,41.0,9.3,0.6,26.91,0
STU_02490,B.Tech Information Technology,3,9.74,CR010,92.14,19,4.29,91.3,5,5.0,3,94.0,21.1,2.18,91.3,1
STU_02491,B.Tech Information Technology,1,6.12,CR006,84.14,21,3.56,82.9,4,4.1,3,76.3,22.4,1.58,80.33,1
STU_02492,B.Tech Electronics,2,9.88,CR010,67.37,17,3.26,58.8,3,3.8,3,72.8,9.7,1.18,69.45,0
STU_02493,BCA / MCA,2,8.36,CR007,78.8,13,3.15,65.5,3,2.8,3,61.7,13.0,1.37,71.51,0
STU_02494,B.Tech Information Technology,2,7.71,CR005,71.44,15,3.35,68.1,2,3.2,1,55.8,17.1,1.24,64.86,0
STU_02495,B.Tech Computer Science,1,8.1,CR006,93.59,18,4.33,94.5,5,4.7,6,95.6,19.6,2.04,96.8,1
STU_02496,B.Tech Computer Science,2,6.93,CR008,36.13,7,1.63,33.4,2,1.3,0,35.2,6.8,0.85,31.51,0
STU_02497,B.S. Data Science,2,8.3,CR006,90.19,19,4.23,77.6,3,4.0,4,77.2,17.2,1.57,89.18,1
STU_02498,BCA / MCA,3,6.75,CR008,64.36,11,3.07,64.0,3,3.0,2,65.5,11.9,1.17,59.26,0
STU_02499,B.Tech Electronics,2,9.13,CR008,67.89,18,2.81,52.4,4,3.6,1,62.7,11.0,1.29,64.13,0
STU_02500,B.Tech Information Technology,2,7.29,CR001,88.63,14,3.56,71.0,6,3.9,5,78.6,18.3,1.59,94.25,1
STU_02501,B.Tech Electronics,2,7.53,CR007,84.77,18,3.16,54.6,3,3.1,2,57.6,17.5,1.36,70.44,0
STU_02502,B.Tech Information Technology,1,7.68,CR007,73.75,13,2.82,62.5,2,3.6,1,73.0,13.2,1.31,68.96,0
STU_02503,B.S. Data Science,2,7.23,CR003,58.83,11,2.76,53.3,2,3.7,2,55.3,13.6,1.04,56.91,0
STU_02504,BCA / MCA,3,6.94,CR003,60.73,9,2.56,48.8,2,2.6,1,62.7,14.8,1.37,55.59,0
STU_02505,B.Tech Computer Science,1,8.4,CR008,49.02,15,2.14,39.3,1,2.2,0,42.6,6.6,0.76,44.21,0
STU_02506,B.Tech Computer Science,2,7.91,CR003,61.75,9,2.47,49.7,4,3.4,2,59.2,10.7,1.16,59.8,0
STU_02507,B.Tech Information Technology,1,7.06,CR010,77.65,17,3.52,61.6,6,3.9,5,87.7,16.7,1.58,82.52,1
STU_02508,B.Tech Information Technology,2,6.05,CR001,83.08,14,2.91,61.5,2,2.6,1,62.9,12.0,1.03,67.31,0
STU_02509,B.S. Data Science,3,9.22,CR010,48.89,7,2.16,54.8,2,3.6,3,68.0,13.5,1.08,54.24,0
STU_02510,B.Tech Electronics,3,7.42,CR007,75.48,13,2.78,56.5,3,2.8,3,59.8,9.6,1.14,70.73,0
STU_02511,B.Tech Information Technology,2,5.84,CR005,67.47,17,2.96,69.4,6,3.9,2,86.7,14.3,1.32,72.41,0
STU_02512,M.S. Computer Science,1,9.38,CR005,68.8,8,2.74,57.6,3,3.5,3,63.7,8.6,1.29,63.6,0
STU_02513,B.Tech Information Technology,2,7.99,CR008,51.27,5,1.93,40.5,1,2.4,1,28.7,7.0,0.93,42.53,0
STU_02514,B.Tech Electronics,2,8.38,CR006,83.58,21,3.93,76.2,5,4.1,5,83.8,22.2,1.52,86.21,1
STU_02515,B.S. Data Science,2,6.44,CR010,83.75,18,3.92,78.1,4,4.3,3,81.9,17.5,1.69,79.84,1
STU_02516,B.S. Data Science,3,7.67,CR010,91.32,20,4.54,94.7,6,4.4,4,93.0,27.1,1.85,96.0,1
STU_02517,B.Tech Information Technology,2,7.13,CR008,82.28,12,3.31,70.3,5,3.9,2,83.1,23.2,1.33,79.41,1
STU_02518,B.Tech Electronics,3,7.13,CR010,67.48,15,2.96,62.4,4,3.2,2,66.6,9.9,1.21,67.15,0
STU_02519,B.Tech Electronics,2,7.28,CR005,28.87,7,1.4,37.8,1,2.1,0,49.8,5.1,0.77,26.78,0
STU_02520,B.S. Data Science,3,8.78,CR006,93.16,17,4.16,82.6,3,3.9,5,84.8,14.9,1.5,89.03,1
STU_02521,B.Tech Information Technology,2,8.57,CR001,89.04,15,3.14,57.2,4,3.3,2,65.7,11.6,1.06,72.83,0
STU_02522,M.S. Computer Science,1,8.54,CR005,92.73,21,4.53,91.0,8,4.8,5,90.9,21.1,2.15,91.11,1
STU_02523,M.S. Computer Science,3,7.9,CR004,88.26,15,3.32,71.2,4,4.0,2,89.9,19.4,1.51,87.72,1
STU_02524,B.S. Data Science,3,5.81,CR004,76.43,18,3.34,70.6,4,3.2,2,65.2,10.0,1.1,72.2,0
STU_02525,B.Tech Information Technology,3,6.53,CR007,79.21,18,3.69,78.7,3,4.2,4,85.6,21.4,1.5,82.69,1
STU_02526,B.S. Data Science,2,8.57,CR005,35.3,11,1.09,29.6,2,1.2,1,31.7,8.7,0.69,35.52,0
STU_02527,B.Tech Computer Science,2,10.0,CR003,69.58,13,2.87,59.9,3,2.9,3,69.7,11.2,1.17,64.54,0
STU_02528,B.Tech Information Technology,2,8.6,CR006,33.58,11,1.81,32.8,1,1.4,1,23.1,8.5,0.85,26.74,0
STU_02529,B.S. Data Science,1,8.47,CR010,53.16,9,2.53,61.6,2,2.7,3,71.0,14.1,1.2,57.52,0
STU_02530,B.Tech Information Technology,2,7.43,CR001,32.67,2,1.49,20.5,1,1.3,1,30.8,7.9,0.87,29.8,0
STU_02531,B.S. Data Science,1,7.95,CR007,61.28,7,2.51,51.7,4,3.5,2,55.0,8.1,1.11,61.73,0
STU_02532,BCA / MCA,2,8.75,CR003,79.31,17,3.05,61.2,2,3.5,3,71.4,13.7,1.26,69.26,0
STU_02533,B.S. Data Science,2,7.19,CR010,42.03,4,1.74,42.4,2,2.4,0,30.8,4.7,0.65,36.5,0
STU_02534,BCA / MCA,3,8.87,CR003,66.18,18,3.09,61.8,2,2.7,1,66.5,10.8,1.31,55.35,0
STU_02535,B.Tech Information Technology,1,10.0,CR003,93.88,17,4.04,87.1,6,4.5,3,97.3,21.1,2.06,96.86,1
STU_02536,B.S. Data Science,3,7.13,CR006,54.81,8,2.16,51.9,1,1.5,0,44.9,5.2,0.61,46.51,0
STU_02537,B.Tech Electronics,2,8.69,CR001,78.85,13,3.14,55.5,4,3.3,2,69.3,11.5,1.05,69.9,0
STU_02538,BCA / MCA,1,9.81,CR002,90.11,21,4.18,75.6,6,4.1,3,86.0,14.9,1.4,84.27,1
STU_02539,B.Tech Computer Science,3,9.29,CR005,33.53,8,1.07,31.2,0,2.2,0,26.1,8.3,0.92,29.45,0
STU_02540,B.Tech Computer Science,2,6.65,CR004,69.44,12,2.59,56.8,2,2.7,1,61.8,12.4,1.08,61.06,0
STU_02541,B.Tech Information Technology,3,9.02,CR003,79.91,16,3.45,72.3,3,2.8,2,53.6,11.4,1.2,68.17,0
STU_02542,BCA / MCA,2,6.72,CR001,57.51,12,2.13,53.1,3,2.8,2,56.5,11.0,1.15,55.13,0
STU_02543,B.Tech Computer Science,2,8.31,CR007,70.95,6,2.95,41.7,2,2.6,1,64.0,9.7,1.38,56.94,0
STU_02544,M.S. Computer Science,1,6.97,CR004,68.11,12,2.66,59.1,2,2.8,2,64.4,14.9,1.26,59.82,0
STU_02545,BCA / MCA,1,8.18,CR006,56.37,15,2.59,54.2,2,2.8,2,57.0,15.5,1.37,58.92,0
STU_02546,B.Tech Information Technology,1,9.2,CR001,99.01,23,4.54,100.0,7,4.5,5,88.3,27.5,1.7,96.64,1
STU_02547,M.S. Computer Science,2,5.0,CR007,38.43,11,1.87,40.5,0,1.4,1,30.2,5.0,0.81,33.05,0
STU_02548,B.S. Data Science,1,9.78,CR005,74.74,12,2.66,52.3,4,3.6,2,57.5,8.7,1.25,70.91,0
STU_02549,B.Tech Electronics,1,8.79,CR010,92.01,18,3.86,81.1,8,4.9,4,93.2,20.9,1.85,91.66,1
STU_02550,B.Tech Information Technology,1,6.48,CR007,84.28,13,3.82,71.7,4,4.2,3,81.0,22.7,1.68,84.72,1
STU_02551,M.S. Computer Science,3,8.31,CR005,91.66,18,4.31,79.7,4,4.1,4,82.2,24.8,1.71,89.82,1
STU_02552,B.S. Data Science,2,8.4,CR004,82.09,13,3.36,71.5,3,2.9,1,74.6,10.8,1.37,66.03,0
STU_02553,M.S. Computer Science,1,6.22,CR001,55.71,16,2.32,41.6,0,1.2,1,23.4,5.4,0.9,42.92,0
STU_02554,B.Tech Information Technology,2,8.87,CR007,85.71,16,3.6,80.3,6,3.9,5,75.9,18.7,1.77,87.51,1
STU_02555,M.S. Computer Science,3,7.84,CR008,88.41,20,3.51,70.5,4,3.4,2,62.6,17.2,1.35,75.93,1
STU_02556,BCA / MCA,3,6.18,CR004,29.41,6,1.07,22.3,0,2.1,0,28.1,6.3,0.92,29.37,0
STU_02557,B.Tech Computer Science,2,8.08,CR001,100.0,18,4.81,87.4,5,4.8,5,94.3,27.3,1.94,98.66,1
STU_02558,B.Tech Electronics,2,5.53,CR010,89.19,23,4.67,88.1,5,5.0,3,92.2,25.9,2.06,92.54,1
STU_02559,B.S. Data Science,2,6.75,CR004,97.31,22,4.85,92.5,7,4.8,3,88.8,22.3,1.69,92.57,1
STU_02560,B.S. Data Science,2,5.66,CR001,74.71,18,3.41,54.5,2,2.7,1,66.6,16.2,1.0,58.82,0
STU_02561,B.S. Data Science,1,8.01,CR008,96.14,20,4.93,93.0,6,4.4,3,94.7,27.6,2.01,97.26,1
STU_02562,BCA / MCA,3,8.49,CR001,86.11,17,3.78,66.0,6,4.1,3,89.4,22.5,1.43,85.77,1
STU_02563,B.Tech Computer Science,1,8.32,CR004,56.44,12,2.34,49.0,4,3.1,3,62.3,9.5,1.13,61.89,0
STU_02564,M.S. Computer Science,2,7.96,CR001,92.97,19,3.51,79.3,6,4.5,2,80.4,22.3,1.32,93.57,1
STU_02565,BCA / MCA,2,8.12,CR004,40.55,8,1.84,29.3,2,1.3,1,41.3,7.9,0.97,38.99,0
STU_02566,B.Tech Computer Science,1,8.44,CR007,96.24,18,3.82,86.0,6,4.2,3,88.2,18.1,1.6,92.48,1
STU_02567,B.Tech Computer Science,2,9.05,CR001,98.57,22,4.26,86.8,5,4.1,4,77.5,20.5,1.44,93.85,1
STU_02568,BCA / MCA,2,7.33,CR005,54.54,13,2.17,46.1,1,2.2,0,45.2,7.6,0.67,43.27,0
STU_02569,B.Tech Information Technology,2,9.18,CR001,99.25,22,4.74,100.0,5,4.7,6,93.0,29.0,1.98,95.41,1
STU_02570,M.S. Computer Science,3,7.28,CR008,87.7,14,4.12,74.0,3,4.2,4,82.8,20.9,1.47,84.64,1
STU_02571,B.S. Data Science,1,9.84,CR006,72.69,13,3.08,61.7,3,2.5,3,63.8,17.6,1.3,67.46,0
STU_02572,B.Tech Information Technology,2,8.41,CR006,79.37,18,3.52,69.4,4,4.2,4,88.1,16.6,1.75,79.36,1
STU_02573,BCA / MCA,2,8.38,CR007,27.11,7,1.0,37.1,1,1.3,1,40.2,4.2,0.96,25.8,0
STU_02574,B.Tech Electronics,3,8.19,CR005,51.84,3,2.36,39.1,2,1.9,1,42.4,9.9,0.97,48.01,0
STU_02575,BCA / MCA,2,6.45,CR006,91.97,21,5.0,97.9,5,4.9,5,89.1,19.4,1.78,95.56,1
STU_02576,B.Tech Information Technology,2,7.27,CR006,64.55,11,2.38,54.5,3,3.0,3,74.7,14.8,1.29,65.72,0
STU_02577,BCA / MCA,1,8.12,CR001,83.86,14,2.57,48.3,4,3.3,1,69.1,15.1,1.05,69.87,0
STU_02578,M.S. Computer Science,2,7.84,CR003,83.44,20,3.75,66.1,4,4.1,3,82.3,19.1,1.66,78.84,1
STU_02579,BCA / MCA,2,5.97,CR007,87.59,17,3.69,77.4,3,4.1,2,83.2,19.0,1.79,81.36,1
STU_02580,M.S. Computer Science,1,7.05,CR009,80.2,20,3.48,69.8,4,4.0,3,84.6,25.0,1.56,82.23,1
STU_02581,BCA / MCA,3,7.56,CR006,61.36,11,2.52,57.9,3,3.3,3,72.5,11.6,1.15,62.12,0
STU_02582,B.S. Data Science,2,7.83,CR007,76.95,15,3.09,60.6,3,2.8,1,59.6,13.5,1.34,70.54,0
STU_02583,M.S. Computer Science,2,9.14,CR007,89.19,19,3.95,83.7,3,3.8,3,83.0,21.2,1.31,85.41,1
STU_02584,BCA / MCA,2,7.25,CR003,86.03,19,3.81,80.4,4,4.1,2,75.3,24.2,1.47,82.31,1
STU_02585,M.S. Computer Science,3,7.39,CR008,46.82,11,2.02,35.5,0,2.3,1,24.7,8.1,0.98,36.55,0
STU_02586,B.Tech Information Technology,3,7.23,CR005,85.55,16,4.1,70.3,3,4.3,3,86.0,18.1,1.36,78.18,1
STU_02587,B.Tech Computer Science,1,6.89,CR005,30.95,8,1.76,32.2,0,2.2,0,27.6,9.1,0.71,26.11,0
STU_02588,B.Tech Computer Science,2,7.26,CR002,78.3,7,2.92,59.4,3,3.6,3,59.8,13.4,1.17,71.75,0
STU_02589,B.Tech Electronics,1,8.86,CR010,68.58,12,2.97,70.4,3,3.1,2,69.7,17.4,1.37,69.23,0
STU_02590,B.Tech Information Technology,2,7.79,CR010,57.3,14,2.55,55.6,3,2.7,3,59.5,10.7,1.09,54.44,0
STU_02591,M.S. Computer Science,2,6.42,CR008,99.97,25,4.7,94.7,8,4.9,5,95.1,31.9,1.89,99.5,1
STU_02592,B.S. Data Science,1,8.39,CR008,89.63,19,3.88,73.4,6,3.9,2,87.9,16.4,1.42,86.51,1
STU_02593,B.Tech Electronics,2,6.42,CR010,90.15,19,4.15,80.7,6,4.2,2,81.0,20.0,1.77,87.22,1
STU_02594,B.Tech Electronics,1,6.16,CR008,93.38,13,4.05,87.2,3,4.1,5,77.2,18.3,1.53,90.0,1
STU_02595,B.S. Data Science,2,7.38,CR002,43.36,8,1.71,40.5,2,1.5,0,25.0,5.7,0.65,35.95,0
STU_02596,B.Tech Electronics,2,8.32,CR006,42.05,11,2.02,50.3,1,2.4,0,48.5,8.7,0.89,41.85,0
STU_02597,B.S. Data Science,2,8.79,CR008,29.5,5,1.0,19.5,1,1.4,0,48.0,9.8,0.8,27.44,0
STU_02598,B.Tech Computer Science,2,8.3,CR010,91.21,26,4.08,85.5,3,4.5,5,86.1,21.5,1.33,90.22,1
STU_02599,B.Tech Computer Science,2,5.57,CR008,77.37,9,2.73,57.0,4,2.8,2,53.4,13.4,1.19,63.52,0
STU_02600,M.S. Computer Science,2,9.78,CR001,86.53,17,3.15,60.6,2,2.6,3,74.0,10.1,1.37,73.66,0
STU_02601,M.S. Computer Science,2,6.76,CR008,81.49,15,3.36,63.1,2,3.6,1,66.4,9.8,1.31,70.0,0
STU_02602,B.S. Data Science,2,8.17,CR007,36.73,11,1.65,30.0,0,2.1,0,33.1,9.9,0.82,32.05,0
STU_02603,B.Tech Information Technology,2,9.21,CR004,37.01,8,1.66,36.0,2,1.8,0,35.2,8.7,0.86,32.41,0
STU_02604,B.Tech Electronics,1,7.16,CR003,44.33,12,2.11,40.6,2,1.1,1,20.7,5.4,0.87,38.14,0
STU_02605,B.Tech Information Technology,3,7.88,CR002,47.12,8,2.13,35.6,0,2.0,0,44.9,4.1,0.7,33.01,0
STU_02606,BCA / MCA,3,7.45,CR010,62.72,10,2.92,50.9,3,3.5,2,68.8,11.9,1.19,59.03,0
STU_02607,B.S. Data Science,3,9.54,CR007,55.22,8,2.01,47.7,2,2.5,1,38.4,7.9,0.75,48.47,0
STU_02608,BCA / MCA,2,7.43,CR007,59.33,18,2.56,45.4,3,3.2,2,68.3,8.5,1.24,58.4,0
STU_02609,M.S. Computer Science,3,6.69,CR002,50.09,11,1.84,26.1,1,1.5,1,32.9,4.7,0.61,32.18,0
STU_02610,B.Tech Electronics,2,9.95,CR004,91.26,20,3.9,80.2,6,4.9,3,88.2,20.4,1.89,88.23,1
STU_02611,B.Tech Computer Science,1,6.32,CR010,26.23,8,1.3,19.4,0,1.7,1,32.3,7.6,0.98,27.2,0
STU_02612,BCA / MCA,3,7.71,CR006,65.54,14,3.35,58.9,3,3.0,1,51.6,14.8,1.31,60.63,0
STU_02613,BCA / MCA,1,10.0,CR007,34.55,5,1.0,33.3,0,1.6,0,30.1,4.7,0.63,24.93,0
STU_02614,B.Tech Information Technology,1,9.03,CR003,84.17,16,3.19,70.3,6,4.4,2,89.1,18.3,1.61,85.0,1
STU_02615,B.S. Data Science,1,7.37,CR001,44.54,11,1.52,16.4,2,2.3,1,45.1,9.9,0.81,39.68,0
STU_02616,M.S. Computer Science,2,9.0,CR005,80.65,19,3.66,79.9,4,4.2,4,84.4,23.8,1.42,81.28,1
STU_02617,B.Tech Information Technology,3,7.63,CR004,43.26,13,1.95,37.4,1,2.3,1,40.8,5.9,0.88,34.53,0
STU_02618,B.Tech Electronics,2,9.53,CR003,62.57,16,2.89,50.3,4,3.5,3,67.8,15.5,1.33,60.55,0
STU_02619,M.S. Computer Science,3,6.76,CR002,51.7,10,1.91,42.5,0,1.1,0,42.5,5.1,0.79,38.79,0
STU_02620,B.Tech Computer Science,2,8.92,CR002,63.63,15,2.35,44.6,2,3.6,3,53.1,17.2,1.09,65.23,0
STU_02621,B.Tech Electronics,3,6.47,CR006,94.62,25,4.46,98.0,7,4.9,6,92.0,20.5,1.75,96.48,1
STU_02622,B.Tech Computer Science,3,6.99,CR001,91.56,13,3.36,58.7,6,4.5,2,75.9,24.5,1.58,83.93,1
STU_02623,B.Tech Information Technology,2,7.57,CR006,73.0,15,3.05,59.8,4,3.0,1,63.1,16.7,1.02,71.01,0
STU_02624,BCA / MCA,3,7.55,CR008,81.71,14,3.13,63.0,4,3.1,2,68.3,9.9,1.19,70.26,0
STU_02625,BCA / MCA,3,7.7,CR003,48.37,10,1.63,40.2,2,2.4,1,27.5,5.8,0.83,41.97,0
STU_02626,B.Tech Electronics,3,7.28,CR007,70.0,8,2.62,55.1,3,2.5,1,50.3,13.8,1.13,62.38,0
STU_02627,M.S. Computer Science,1,8.27,CR003,84.15,21,3.89,75.3,3,4.5,4,83.9,19.6,1.72,81.4,1
STU_02628,B.S. Data Science,2,8.78,CR008,93.61,22,4.27,77.7,5,3.9,4,88.8,23.9,1.47,87.58,1
STU_02629,M.S. Computer Science,2,8.5,CR005,86.05,16,3.74,74.6,6,4.1,5,78.6,15.5,1.66,88.79,1
STU_02630,B.Tech Electronics,3,8.6,CR010,89.25,17,3.63,79.3,4,3.8,5,77.1,17.4,1.39,88.5,1
STU_02631,B.S. Data Science,1,9.32,CR008,100.0,16,5.0,93.1,5,4.9,5,90.7,30.3,2.15,95.47,1
STU_02632,BCA / MCA,2,7.59,CR005,88.32,18,4.06,71.4,4,3.8,4,79.5,24.0,1.35,83.79,1
STU_02633,B.S. Data Science,3,6.72,CR010,24.22,4,1.47,26.4,1,1.3,0,25.0,8.6,0.67,24.5,0
STU_02634,B.S. Data Science,2,7.34,CR007,78.66,18,2.96,53.3,4,2.8,2,72.6,13.4,1.03,72.99,0
STU_02635,BCA / MCA,2,7.64,CR010,76.21,15,3.36,71.6,4,4.4,4,82.7,24.3,1.68,85.67,1
STU_02636,B.Tech Information Technology,2,5.0,CR006,88.45,21,4.07,81.2,5,4.1,3,89.2,17.7,1.75,84.84,1
STU_02637,B.Tech Electronics,2,6.7,CR003,34.66,8,1.52,29.5,2,1.6,1,45.9,5.3,0.67,34.11,0
STU_02638,BCA / MCA,2,8.08,CR010,89.46,19,3.95,84.7,5,4.1,3,81.4,21.2,1.43,88.95,1
STU_02639,BCA / MCA,3,9.03,CR006,20.25,6,1.09,27.4,1,1.9,1,23.5,6.9,0.79,24.57,0
STU_02640,M.S. Computer Science,2,8.68,CR006,49.29,12,1.75,41.0,2,2.4,0,30.1,7.8,0.87,39.37,0
STU_02641,B.S. Data Science,1,7.48,CR007,89.07,17,3.75,81.2,6,4.5,2,86.5,18.0,1.59,83.49,1
STU_02642,B.Tech Computer Science,1,6.23,CR005,92.8,21,4.62,100.0,8,4.4,5,90.0,26.7,1.98,94.05,1
STU_02643,M.S. Computer Science,2,9.41,CR004,64.97,12,2.15,48.9,3,3.3,3,72.1,8.7,1.28,62.4,0
STU_02644,B.Tech Electronics,2,9.12,CR008,66.51,12,2.92,55.4,3,2.7,1,73.4,12.0,1.34,56.65,0
STU_02645,B.Tech Information Technology,1,8.48,CR006,80.79,17,3.6,70.3,3,4.1,2,77.7,15.6,1.54,76.72,1
STU_02646,B.Tech Computer Science,2,8.36,CR009,66.02,12,2.62,49.9,2,2.9,1,63.1,15.5,1.2,58.96,0
STU_02647,BCA / MCA,2,6.93,CR004,47.9,8,1.94,38.3,2,1.3,0,24.5,4.3,0.66,35.05,0
STU_02648,B.Tech Computer Science,1,6.38,CR010,88.66,16,4.31,91.0,5,4.1,5,84.5,19.9,1.43,89.59,1
STU_02649,B.Tech Information Technology,2,8.46,CR010,68.04,17,2.95,59.3,3,3.5,3,58.6,13.6,1.18,67.01,0
STU_02650,B.S. Data Science,3,8.66,CR003,34.59,8,1.46,35.8,2,2.3,1,20.5,7.0,0.97,34.41,0
STU_02651,B.Tech Information Technology,1,8.98,CR007,31.37,7,1.03,28.2,2,1.0,0,35.9,4.8,0.77,24.9,0
STU_02652,B.Tech Information Technology,1,7.46,CR010,97.0,26,5.0,92.9,7,4.6,6,96.9,22.6,1.71,96.16,1
STU_02653,B.Tech Computer Science,1,8.76,CR007,40.3,10,1.83,34.3,1,1.3,0,27.9,7.7,0.85,32.33,0
STU_02654,B.Tech Information Technology,3,8.55,CR005,23.9,2,1.24,33.3,0,1.0,1,47.5,8.2,0.92,28.13,0
STU_02655,B.Tech Electronics,2,7.32,CR010,78.2,17,3.61,70.3,6,3.8,3,83.2,23.6,1.75,83.78,1
STU_02656,B.Tech Information Technology,1,7.65,CR002,80.08,18,3.28,58.2,3,3.8,2,64.8,16.1,1.33,65.94,0
STU_02657,B.Tech Information Technology,3,8.62,CR007,88.62,13,3.64,78.2,6,3.8,2,89.3,19.5,1.65,89.84,1
STU_02658,M.S. Computer Science,3,8.32,CR004,93.8,18,4.23,87.0,6,4.5,5,81.6,15.4,1.76,92.12,1
STU_02659,M.S. Computer Science,2,9.01,CR001,78.82,14,3.14,57.3,4,3.7,2,74.0,8.7,1.0,67.21,0
STU_02660,B.Tech Electronics,2,7.75,CR006,50.28,17,1.97,41.3,0,1.2,1,47.4,6.6,0.97,33.88,0
STU_02661,B.Tech Information Technology,3,8.52,CR004,48.99,6,1.91,35.0,1,2.5,1,22.1,8.4,0.75,37.82,0
STU_02662,B.S. Data Science,2,6.69,CR005,77.62,13,3.81,81.5,6,4.4,5,80.2,16.3,1.35,83.04,1
STU_02663,B.Tech Computer Science,2,7.45,CR010,33.29,13,1.3,28.3,2,1.1,0,47.8,8.8,0.99,34.56,0
STU_02664,B.Tech Electronics,3,8.82,CR001,77.21,8,2.97,51.1,3,2.8,2,63.0,9.2,1.11,62.01,0
STU_02665,B.Tech Electronics,1,6.72,CR007,81.39,17,3.44,65.1,6,4.3,2,83.5,19.1,1.34,80.72,1
STU_02666,B.Tech Electronics,2,8.18,CR004,63.21,8,2.69,53.0,3,3.5,2,61.8,16.9,1.1,63.08,0
STU_02667,B.Tech Information Technology,1,7.1,CR010,61.75,16,2.76,53.6,4,3.4,3,53.6,13.2,1.34,66.02,0
STU_02668,B.Tech Information Technology,3,7.89,CR007,65.78,10,2.66,53.4,2,2.8,1,63.2,8.2,1.24,54.95,0
STU_02669,BCA / MCA,3,9.49,CR002,76.51,17,3.19,69.9,4,3.6,1,53.5,15.9,1.27,68.54,0
STU_02670,B.S. Data Science,1,7.13,CR005,58.2,11,2.68,54.1,3,3.4,1,54.2,11.2,1.03,57.73,0
STU_02671,B.Tech Electronics,2,7.65,CR003,41.74,12,1.27,34.6,1,2.2,0,26.4,5.3,0.9,33.59,0
STU_02672,M.S. Computer Science,1,8.2,CR002,69.5,12,2.64,53.3,4,3.6,3,57.8,10.8,1.34,66.33,0
STU_02673,BCA / MCA,1,7.86,CR009,59.15,11,2.52,52.2,3,2.6,1,66.6,11.3,1.17,54.53,0
STU_02674,B.Tech Information Technology,1,8.69,CR004,54.52,8,2.33,40.8,2,3.3,1,73.5,12.6,1.17,50.43,0
STU_02675,B.Tech Computer Science,2,8.32,CR003,76.62,18,3.2,55.7,3,3.5,3,63.3,9.7,1.35,71.72,0
STU_02676,B.S. Data Science,3,8.43,CR003,73.44,10,2.86,59.6,2,3.0,1,60.6,14.5,1.07,60.35,0
STU_02677,B.Tech Computer Science,2,8.33,CR003,90.98,18,3.72,73.4,3,4.4,2,77.5,19.8,1.59,83.5,1
STU_02678,B.Tech Electronics,1,7.98,CR001,78.56,14,2.81,54.1,2,2.5,1,54.4,17.1,1.08,66.76,0
STU_02679,M.S. Computer Science,3,6.89,CR010,72.93,15,3.25,68.5,6,4.4,3,87.6,18.7,1.74,79.46,1
STU_02680,B.Tech Electronics,1,9.7,CR002,95.08,24,4.16,82.5,4,4.1,2,78.4,21.2,1.8,88.91,1
STU_02681,B.Tech Computer Science,3,6.41,CR003,30.45,2,1.15,25.1,1,1.8,1,23.3,6.4,0.77,30.93,0
STU_02682,BCA / MCA,3,7.58,CR009,67.21,18,2.56,58.3,3,3.2,3,61.2,16.6,1.03,66.38,0
STU_02683,B.Tech Electronics,3,7.34,CR009,72.26,17,2.79,55.8,4,3.4,3,66.9,9.5,1.13,64.62,0
STU_02684,BCA / MCA,3,7.29,CR007,90.51,16,3.94,78.6,6,4.3,3,79.1,15.1,1.31,84.34,1
STU_02685,M.S. Computer Science,3,7.87,CR003,92.25,19,4.18,83.3,4,4.3,2,76.6,24.4,1.34,86.55,1
STU_02686,M.S. Computer Science,3,9.11,CR005,43.16,17,1.99,49.0,1,1.8,1,32.9,9.8,0.91,42.2,0
STU_02687,B.Tech Electronics,2,7.92,CR001,88.31,18,2.63,54.0,2,3.3,1,53.9,17.6,1.25,73.17,0
STU_02688,B.Tech Information Technology,2,6.43,CR003,80.27,19,3.6,64.8,4,2.8,3,61.4,12.9,1.29,73.02,0
STU_02689,B.Tech Information Technology,2,7.09,CR005,58.32,7,2.79,43.9,2,3.4,1,62.4,13.0,1.14,56.63,0
STU_02690,B.Tech Information Technology,3,8.69,CR005,74.39,20,3.43,61.9,3,2.7,3,52.1,15.9,1.17,71.1,0
STU_02691,B.Tech Electronics,2,6.44,CR004,79.43,14,3.27,64.0,3,3.7,1,54.5,11.6,1.3,69.33,0
STU_02692,B.Tech Information Technology,3,9.59,CR002,79.88,11,2.96,75.2,2,2.8,2,51.9,17.1,1.25,65.24,0
STU_02693,B.Tech Electronics,3,8.14,CR007,27.31,8,1.19,27.7,1,2.1,1,47.5,6.9,0.94,30.78,0
STU_02694,M.S. Computer Science,2,8.58,CR001,99.56,26,5.0,100.0,8,4.8,3,95.4,24.5,1.7,98.87,1
STU_02695,B.S. Data Science,2,7.28,CR005,92.89,16,4.24,87.1,6,4.9,3,93.2,29.0,2.2,92.16,1
STU_02696,B.Tech Computer Science,1,8.11,CR009,77.97,16,2.96,63.5,2,2.6,3,66.4,12.6,1.33,73.8,0
STU_02697,B.Tech Information Technology,2,7.64,CR006,58.76,11,2.03,52.7,1,2.2,1,27.7,5.5,0.74,44.2,0
STU_02698,M.S. Computer Science,2,9.05,CR010,77.9,15,3.18,57.6,3,3.7,1,65.2,16.9,1.31,73.12,0
STU_02699,M.S. Computer Science,2,8.16,CR008,87.45,16,3.72,74.3,6,4.4,2,87.2,21.8,1.45,87.21,1
STU_02700,BCA / MCA,3,8.57,CR010,53.28,9,1.86,54.0,2,3.2,2,53.4,13.0,1.14,54.79,0
STU_02701,B.S. Data Science,2,7.3,CR008,83.84,20,3.45,57.9,5,4.6,3,88.1,20.1,1.52,78.94,1
STU_02702,B.Tech Information Technology,3,7.78,CR004,34.08,8,1.05,20.5,1,1.4,1,40.0,4.8,0.6,28.44,0
STU_02703,B.Tech Electronics,2,7.58,CR001,77.52,12,2.61,55.8,2,3.3,1,70.5,8.7,1.17,63.5,0
STU_02704,B.Tech Electronics,2,9.51,CR007,94.2,17,3.58,78.4,4,4.6,5,79.9,18.0,1.47,86.96,1
STU_02705,M.S. Computer Science,2,6.57,CR004,33.03,6,1.62,24.2,0,2.0,0,41.8,5.3,0.7,24.75,0
STU_02706,B.Tech Computer Science,2,9.1,CR008,82.69,14,3.54,74.8,4,4.0,5,78.3,14.2,1.79,77.31,1
STU_02707,B.Tech Information Technology,3,5.55,CR008,35.73,9,1.62,33.0,2,2.1,1,23.8,7.2,0.93,33.36,0
STU_02708,B.S. Data Science,2,7.97,CR006,88.15,20,3.98,85.2,5,4.4,4,77.0,20.8,1.54,88.18,1
STU_02709,BCA / MCA,2,9.8,CR009,29.99,8,1.6,20.9,2,2.1,1,22.6,8.1,0.79,32.22,0
STU_02710,M.S. Computer Science,3,8.55,CR004,34.65,3,1.08,22.2,0,2.2,1,45.9,4.3,0.62,31.85,0
STU_02711,B.Tech Electronics,2,8.91,CR009,79.68,16,2.77,72.7,4,2.9,2,58.1,12.4,1.09,71.35,0
STU_02712,B.Tech Computer Science,3,7.79,CR005,82.72,14,3.49,79.3,5,4.6,2,85.1,24.1,1.4,80.32,1
STU_02713,B.Tech Information Technology,2,8.67,CR004,95.68,13,4.02,86.5,4,4.2,5,88.1,20.0,1.39,95.68,1
STU_02714,B.Tech Information Technology,3,6.07,CR009,62.08,12,2.49,50.9,3,2.9,3,72.7,15.5,1.36,63.2,0
STU_02715,B.Tech Electronics,2,6.91,CR006,62.11,14,2.5,50.2,2,3.2,1,74.1,9.2,1.35,58.84,0
STU_02716,M.S. Computer Science,2,8.82,CR002,84.12,21,3.79,81.0,3,3.9,5,78.2,21.0,1.7,84.15,1
STU_02717,B.Tech Electronics,3,8.5,CR003,84.01,20,3.63,70.3,2,2.6,2,67.3,13.3,1.26,72.69,0
STU_02718,B.S. Data Science,1,7.61,CR004,57.5,7,1.93,44.1,3,3.3,2,55.3,16.6,1.29,57.86,0
STU_02719,M.S. Computer Science,2,6.53,CR007,83.9,20,3.81,72.7,5,4.1,3,88.4,20.2,1.49,79.17,1
STU_02720,M.S. Computer Science,3,8.75,CR006,21.33,6,1.3,25.8,1,1.6,1,40.5,4.6,0.94,26.18,0
STU_02721,B.Tech Computer Science,1,8.03,CR002,89.32,18,4.33,73.6,3,4.3,3,78.2,14.8,1.34,77.76,1
STU_02722,M.S. Computer Science,2,8.01,CR002,96.6,14,5.0,96.8,6,4.4,3,91.6,30.2,1.9,93.47,1
STU_02723,B.Tech Computer Science,2,6.38,CR001,41.05,7,1.28,32.1,1,2.4,1,38.0,8.9,0.98,34.35,0
STU_02724,BCA / MCA,2,8.23,CR001,41.89,14,1.4,17.1,1,1.9,1,39.9,6.1,0.91,34.6,0
STU_02725,B.Tech Computer Science,1,6.79,CR010,26.57,10,1.0,10.4,0,2.3,0,25.4,7.2,0.89,23.34,0
STU_02726,B.Tech Information Technology,3,8.44,CR007,93.41,22,3.87,81.0,6,4.6,2,84.9,18.4,1.32,89.36,1
STU_02727,B.S. Data Science,2,8.01,CR010,79.47,14,3.75,71.4,3,4.6,4,80.9,18.8,1.7,80.43,1
STU_02728,B.Tech Information Technology,1,5.44,CR010,73.87,22,3.48,70.8,4,4.6,2,76.2,23.1,1.48,75.41,1
STU_02729,B.Tech Electronics,2,7.11,CR005,39.26,9,1.64,38.8,1,2.5,0,24.7,8.2,0.82,37.44,0
STU_02730,BCA / MCA,2,9.13,CR008,83.71,19,3.21,76.3,4,2.6,2,59.4,16.9,1.32,72.29,0
STU_02731,B.S. Data Science,2,7.53,CR007,67.19,13,3.13,49.2,2,2.6,2,61.7,15.3,1.18,60.37,0
STU_02732,BCA / MCA,2,8.92,CR004,53.62,10,2.29,47.4,4,3.5,1,60.9,13.6,1.36,51.69,0
STU_02733,B.Tech Computer Science,1,9.59,CR010,77.88,16,3.41,77.4,4,4.0,2,84.0,16.0,1.54,78.64,1
STU_02734,B.Tech Electronics,1,7.32,CR002,74.87,15,2.84,58.8,3,2.6,3,63.7,11.1,1.29,66.58,0
STU_02735,B.S. Data Science,2,8.2,CR008,75.17,12,2.76,65.1,2,2.8,3,63.3,14.3,1.36,65.32,0
STU_02736,BCA / MCA,3,6.51,CR009,92.85,15,4.17,86.5,5,4.2,3,87.2,18.5,1.75,91.54,1
STU_02737,B.Tech Electronics,2,5.74,CR006,48.18,14,1.76,39.2,0,2.3,1,39.6,4.7,0.67,35.83,0
STU_02738,B.Tech Computer Science,1,7.85,CR005,74.68,21,3.07,65.5,3,2.8,2,57.7,9.3,1.25,64.96,0
STU_02739,BCA / MCA,3,8.11,CR006,68.73,17,2.46,52.2,3,2.8,3,65.6,17.4,1.23,65.55,0
STU_02740,BCA / MCA,2,9.42,CR006,96.92,22,4.89,100.0,6,5.0,3,91.6,22.9,1.76,95.49,1
STU_02741,B.Tech Information Technology,3,8.51,CR007,51.1,14,1.73,40.5,1,2.4,0,46.2,4.4,0.94,43.41,0
STU_02742,B.Tech Computer Science,3,6.91,CR004,73.17,11,2.91,51.0,3,3.2,2,67.5,13.2,1.13,63.81,0
STU_02743,B.Tech Information Technology,3,6.32,CR007,41.98,7,1.66,39.8,0,2.2,1,29.4,9.1,0.62,36.37,0
STU_02744,BCA / MCA,2,6.83,CR010,52.83,13,2.12,49.0,2,3.3,1,72.5,9.9,1.15,49.77,0
STU_02745,B.Tech Electronics,3,6.74,CR009,53.98,14,2.08,44.1,0,1.9,1,29.0,6.9,0.8,38.24,0
STU_02746,BCA / MCA,2,5.89,CR009,57.92,12,2.22,48.7,3,3.0,3,74.5,12.9,1.38,62.17,0
STU_02747,M.S. Computer Science,2,8.78,CR010,30.85,4,1.12,31.2,2,1.3,0,38.8,8.7,0.84,29.12,0
STU_02748,B.Tech Electronics,3,7.16,CR010,66.27,13,2.91,49.3,4,3.2,2,59.8,17.0,1.0,63.38,0
STU_02749,B.Tech Computer Science,2,6.45,CR001,84.53,12,3.41,60.7,4,3.1,1,64.7,13.0,1.29,72.28,0
STU_02750,B.Tech Electronics,3,7.82,CR007,98.61,20,4.54,79.5,6,4.4,5,95.3,29.5,1.68,95.37,1
STU_02751,M.S. Computer Science,2,6.73,CR005,53.97,10,2.4,43.9,4,3.6,1,62.7,17.5,1.14,56.86,0
STU_02752,B.Tech Information Technology,2,6.91,CR010,54.56,8,2.56,42.5,3,3.3,1,67.7,13.7,1.19,56.57,0
STU_02753,M.S. Computer Science,2,9.12,CR004,94.94,20,4.22,90.9,8,4.5,4,96.4,30.1,2.04,94.75,1
STU_02754,B.Tech Electronics,1,6.09,CR001,100.0,27,4.96,96.6,7,4.8,6,96.7,18.7,2.17,99.5,1
STU_02755,B.Tech Computer Science,2,7.54,CR005,89.64,13,3.87,72.0,3,3.9,5,85.7,22.6,1.66,84.7,1
STU_02756,M.S. Computer Science,2,8.68,CR009,78.85,9,3.19,76.7,2,2.7,1,58.5,11.5,1.09,66.27,0
STU_02757,B.Tech Electronics,2,7.87,CR006,45.17,9,2.28,48.6,2,2.4,0,44.6,5.6,0.77,43.3,0
STU_02758,B.Tech Computer Science,2,9.11,CR002,74.83,9,3.0,57.2,2,2.9,2,51.3,10.4,1.25,57.13,0
STU_02759,B.Tech Computer Science,1,6.47,CR005,56.71,9,1.98,45.0,1,1.7,1,20.5,9.8,0.6,44.88,0
STU_02760,B.Tech Electronics,1,6.15,CR007,24.08,8,1.05,17.6,0,2.0,1,24.3,6.5,0.73,25.17,0
STU_02761,B.Tech Computer Science,3,9.58,CR005,64.31,12,2.93,57.4,4,3.3,3,73.9,16.7,1.05,68.23,0
STU_02762,M.S. Computer Science,2,7.64,CR002,96.83,21,4.94,93.7,5,4.5,3,96.0,30.9,1.84,94.46,1
STU_02763,B.Tech Information Technology,1,9.48,CR005,96.32,20,4.59,100.0,5,4.6,6,89.3,24.2,1.82,98.18,1
STU_02764,B.S. Data Science,1,7.63,CR009,54.15,13,2.7,36.4,2,3.3,2,69.3,16.3,1.29,53.29,0
STU_02765,BCA / MCA,2,7.41,CR002,73.36,13,2.52,57.3,2,2.9,2,53.5,10.1,1.19,61.32,0
STU_02766,B.Tech Information Technology,2,9.21,CR004,76.89,11,2.79,54.8,3,2.5,3,51.8,9.2,1.23,65.11,0
STU_02767,B.Tech Computer Science,3,8.07,CR010,78.63,15,3.38,63.4,3,4.4,2,78.9,18.2,1.45,76.89,1
STU_02768,B.Tech Information Technology,1,8.57,CR003,53.45,14,2.17,49.3,4,3.5,3,59.7,16.9,1.18,57.75,0
STU_02769,B.Tech Information Technology,2,8.18,CR006,44.24,13,1.74,37.4,1,1.2,1,30.8,6.9,0.92,36.66,0
STU_02770,B.Tech Computer Science,3,7.94,CR007,36.53,9,1.39,36.1,0,1.3,1,36.6,5.7,0.63,31.59,0
STU_02771,M.S. Computer Science,3,8.71,CR002,97.83,22,4.28,96.9,6,4.9,6,90.7,20.2,2.03,94.18,1
STU_02772,M.S. Computer Science,3,6.25,CR007,79.47,17,2.99,69.3,3,3.2,1,68.9,9.5,1.17,64.71,0
STU_02773,B.Tech Computer Science,1,6.55,CR004,50.04,12,1.88,39.5,1,1.9,0,24.7,4.8,0.63,42.15,0
STU_02774,BCA / MCA,3,6.8,CR006,69.89,9,3.14,62.0,2,2.9,2,52.6,14.4,1.09,59.02,0
STU_02775,B.Tech Electronics,1,6.94,CR002,78.53,18,3.77,56.6,4,3.3,1,57.2,10.9,1.03,66.86,0
STU_02776,M.S. Computer Science,1,7.42,CR008,75.31,15,2.89,57.5,4,3.2,3,69.4,11.7,1.34,73.96,0
STU_02777,B.S. Data Science,1,7.01,CR001,90.28,18,3.62,74.8,5,4.4,3,86.3,15.9,1.54,85.09,1
STU_02778,B.S. Data Science,2,8.49,CR007,83.42,16,2.83,55.9,2,3.3,1,70.1,13.1,1.15,68.78,0
STU_02779,B.S. Data Science,2,8.47,CR003,92.57,18,4.12,87.2,6,3.8,3,75.4,19.7,1.73,91.35,1
STU_02780,B.S. Data Science,2,7.03,CR007,93.3,17,4.23,85.6,7,4.4,3,93.9,27.8,1.83,92.28,1
STU_02781,B.Tech Electronics,2,9.62,CR005,70.13,11,2.78,53.7,2,2.6,2,58.3,11.6,1.28,60.6,0
STU_02782,B.S. Data Science,1,7.2,CR002,90.16,19,3.96,83.0,3,4.0,4,77.7,17.8,1.62,85.53,1
STU_02783,B.Tech Computer Science,1,9.4,CR005,85.92,18,4.26,84.8,5,3.8,2,89.5,23.8,1.75,84.26,1
STU_02784,B.Tech Information Technology,2,8.49,CR010,87.41,14,4.1,65.4,4,4.1,2,77.7,22.4,1.75,76.78,1
STU_02785,B.S. Data Science,2,7.5,CR009,86.71,18,3.46,74.0,3,4.2,4,79.2,14.8,1.69,84.3,1
STU_02786,M.S. Computer Science,2,7.22,CR002,92.85,21,4.47,82.0,3,3.9,4,78.4,23.6,1.54,85.89,1
STU_02787,B.Tech Electronics,1,9.11,CR006,54.81,11,2.26,45.4,2,2.6,1,62.9,9.9,1.4,53.32,0
STU_02788,B.Tech Computer Science,1,7.06,CR010,50.82,10,2.09,44.7,1,2.5,0,35.7,7.1,0.68,39.01,0
STU_02789,B.Tech Electronics,3,10.0,CR007,53.92,7,2.39,47.6,3,3.5,1,60.6,13.2,1.16,51.59,0
STU_02790,M.S. Computer Science,3,7.31,CR004,28.96,5,1.29,20.1,0,1.6,0,36.0,9.4,0.86,26.68,0
STU_02791,BCA / MCA,3,7.29,CR002,81.22,17,3.35,67.5,2,2.7,2,75.0,17.9,1.25,67.72,0
STU_02792,B.Tech Information Technology,3,7.09,CR003,30.9,5,1.25,29.0,2,2.0,0,32.3,10.0,0.9,32.04,0
STU_02793,B.Tech Electronics,1,7.97,CR009,91.62,23,4.68,79.8,4,4.0,5,78.1,14.5,1.38,88.35,1
STU_02794,M.S. Computer Science,2,8.86,CR007,40.33,4,1.53,35.2,2,1.3,1,36.9,9.7,0.63,38.28,0
STU_02795,B.Tech Information Technology,3,9.37,CR005,75.48,11,3.37,71.4,3,2.8,3,50.4,9.0,1.33,67.24,0
STU_02796,B.Tech Electronics,3,9.08,CR005,53.54,11,2.88,50.1,4,2.5,1,56.7,11.5,1.38,54.1,0
STU_02797,BCA / MCA,2,7.73,CR010,56.2,10,1.91,47.0,2,3.3,2,70.5,13.4,1.23,56.89,0
STU_02798,M.S. Computer Science,1,8.32,CR005,86.3,26,4.27,87.0,4,4.0,2,88.7,18.0,1.3,79.43,1
STU_02799,BCA / MCA,2,7.43,CR001,58.38,4,1.76,35.4,0,1.3,0,20.6,7.4,0.76,41.24,0
STU_02800,BCA / MCA,1,9.33,CR007,38.93,4,1.55,29.8,0,1.7,1,35.9,7.6,0.86,31.45,0
STU_02801,B.Tech Computer Science,2,8.59,CR004,86.79,20,3.81,77.4,3,4.0,5,84.1,15.3,1.68,83.68,1
STU_02802,B.Tech Computer Science,2,9.0,CR008,30.82,7,1.13,19.6,2,2.4,0,23.4,8.2,0.7,31.22,0
STU_02803,B.S. Data Science,2,7.06,CR007,70.67,14,2.6,68.7,4,3.6,3,55.8,15.0,1.34,69.84,0
STU_02804,B.S. Data Science,2,6.93,CR004,93.62,16,4.38,89.0,4,4.4,3,88.7,21.9,1.62,94.76,1
STU_02805,B.Tech Electronics,2,7.45,CR004,60.35,14,2.36,50.1,3,3.0,2,54.6,9.0,1.13,59.35,0
STU_02806,B.Tech Computer Science,2,7.17,CR007,58.29,11,2.56,48.9,2,2.7,1,52.7,8.4,1.32,53.96,0
STU_02807,BCA / MCA,2,7.63,CR005,33.86,5,1.78,27.7,0,1.1,1,49.3,7.9,0.86,29.46,0
STU_02808,B.Tech Information Technology,2,7.24,CR003,53.01,14,2.33,50.1,2,3.6,2,67.8,10.9,1.33,56.85,0
STU_02809,M.S. Computer Science,1,6.56,CR008,54.46,7,2.2,38.7,4,3.5,1,67.5,11.4,1.06,53.78,0
STU_02810,B.Tech Electronics,2,8.53,CR005,81.67,15,3.52,81.6,6,4.3,4,82.3,22.1,1.54,90.34,1
STU_02811,B.Tech Information Technology,2,9.47,CR008,86.88,21,4.68,93.0,5,4.5,4,95.0,21.9,1.65,90.55,1
STU_02812,BCA / MCA,2,7.14,CR004,97.18,20,4.51,91.9,6,4.4,3,88.6,18.7,1.75,94.11,1
STU_02813,B.S. Data Science,3,8.78,CR009,54.58,11,2.15,36.9,2,2.8,2,73.9,13.0,1.14,53.29,0
STU_02814,BCA / MCA,2,7.44,CR005,90.07,15,3.85,80.5,3,4.2,2,87.8,16.6,1.51,76.62,1
STU_02815,M.S. Computer Science,3,6.43,CR002,47.66,12,1.9,45.8,1,2.1,1,45.0,8.2,0.72,44.73,0
STU_02816,B.Tech Information Technology,3,7.32,CR009,89.33,17,3.89,84.8,4,4.5,5,78.8,24.7,1.49,89.27,1
STU_02817,M.S. Computer Science,1,6.48,CR001,80.23,15,2.81,62.0,4,2.9,3,69.2,10.6,1.22,69.69,0
STU_02818,B.Tech Electronics,2,8.67,CR001,76.98,12,2.84,59.4,2,2.9,1,60.7,15.7,1.36,67.56,0
STU_02819,BCA / MCA,2,10.0,CR007,76.63,16,3.2,68.2,3,3.3,3,59.5,14.9,1.21,67.15,0
STU_02820,B.Tech Information Technology,2,6.93,CR010,75.06,8,3.36,66.6,3,2.8,1,56.7,11.8,1.2,64.35,0
STU_02821,B.Tech Electronics,2,6.88,CR004,86.98,17,3.45,73.5,5,4.3,2,85.6,23.6,1.5,80.72,1
STU_02822,B.S. Data Science,2,6.92,CR004,67.6,12,2.7,56.6,3,3.0,1,68.9,14.0,1.05,65.17,0
STU_02823,B.Tech Electronics,3,8.64,CR001,87.64,11,3.51,60.4,3,4.0,3,81.4,17.4,1.56,76.71,1
STU_02824,B.Tech Information Technology,2,7.7,CR001,46.39,11,1.87,34.7,1,1.0,0,27.7,5.0,0.88,34.75,0
STU_02825,B.Tech Computer Science,2,8.27,CR009,81.72,19,3.67,65.1,2,2.5,1,50.2,8.7,1.38,63.62,0
STU_02826,BCA / MCA,2,7.49,CR006,37.76,13,1.83,30.2,1,2.0,0,45.7,9.9,0.76,30.92,0
STU_02827,M.S. Computer Science,2,6.93,CR005,73.99,16,3.38,59.9,3,3.4,1,60.1,13.0,1.14,62.85,0
STU_02828,B.Tech Computer Science,2,7.18,CR004,66.21,12,2.62,59.7,2,2.6,2,53.7,9.5,1.09,62.94,0
STU_02829,M.S. Computer Science,2,6.58,CR004,52.36,7,2.05,42.6,2,1.8,1,36.7,7.3,0.81,45.55,0
STU_02830,M.S. Computer Science,1,7.42,CR001,98.46,21,4.54,84.7,8,4.8,4,94.1,24.6,2.1,97.34,1
STU_02831,B.Tech Electronics,3,7.44,CR002,40.8,14,1.88,27.7,2,2.1,0,35.4,6.2,0.72,31.64,0
STU_02832,M.S. Computer Science,2,8.69,CR007,89.28,11,3.85,72.2,5,4.5,5,87.2,16.0,1.77,86.97,1
STU_02833,M.S. Computer Science,2,6.34,CR001,93.8,20,4.29,76.4,3,4.1,4,85.9,21.2,1.63,83.52,1
STU_02834,B.Tech Information Technology,1,9.18,CR003,52.54,8,1.85,42.4,0,1.2,0,25.7,7.4,0.98,38.05,0
STU_02835,B.Tech Information Technology,3,7.7,CR004,45.56,7,1.34,33.2,1,2.3,0,28.1,7.7,0.91,35.37,0
STU_02836,BCA / MCA,2,8.49,CR010,42.44,7,2.17,48.2,0,2.1,0,29.7,6.2,0.75,30.69,0
STU_02837,B.S. Data Science,2,5.55,CR005,79.9,18,3.13,77.5,6,3.9,3,87.7,18.5,1.33,81.09,1
STU_02838,BCA / MCA,1,7.21,CR003,56.04,8,2.12,41.2,2,3.3,1,69.5,16.6,1.29,54.21,0
STU_02839,B.S. Data Science,1,6.16,CR003,93.71,22,4.63,87.4,6,4.4,2,75.3,15.8,1.54,89.4,1
STU_02840,B.Tech Computer Science,3,5.18,CR004,42.43,13,1.82,32.5,1,2.3,0,26.6,5.5,0.68,33.57,0
STU_02841,B.Tech Electronics,2,8.12,CR003,62.64,14,2.27,49.8,4,3.2,3,61.9,9.5,1.24,61.34,0
STU_02842,M.S. Computer Science,3,8.55,CR009,95.12,18,4.07,78.4,7,4.8,6,91.0,26.9,1.65,94.63,1
STU_02843,B.Tech Information Technology,3,9.76,CR010,46.54,10,2.49,48.9,4,3.3,1,62.7,9.0,1.28,47.7,0
STU_02844,B.Tech Electronics,2,5.87,CR010,90.81,16,4.18,90.0,6,4.0,4,79.9,16.1,1.44,95.24,1
STU_02845,B.S. Data Science,2,7.89,CR004,96.78,18,4.71,100.0,5,4.7,4,89.8,28.0,1.75,96.71,1
STU_02846,B.Tech Electronics,2,9.08,CR009,67.48,14,2.48,54.8,2,3.2,3,53.0,11.5,1.1,62.36,0
STU_02847,B.Tech Computer Science,3,10.0,CR003,93.91,21,3.88,86.9,6,4.7,3,91.5,30.2,1.89,90.08,1
STU_02848,M.S. Computer Science,2,7.76,CR010,93.78,20,4.24,86.1,4,4.0,2,89.2,19.4,1.73,86.0,1
STU_02849,M.S. Computer Science,1,7.41,CR004,91.54,17,4.12,84.4,4,4.4,2,86.5,14.9,1.7,81.69,1
STU_02850,M.S. Computer Science,3,8.64,CR009,82.73,10,3.52,70.6,4,4.4,2,82.8,17.5,1.46,79.26,1
STU_02851,B.S. Data Science,2,5.8,CR002,65.2,17,2.35,46.1,3,3.4,3,59.0,11.0,1.06,63.4,0
STU_02852,B.Tech Information Technology,3,7.21,CR001,85.72,13,3.38,61.3,2,3.4,1,61.2,13.8,1.07,68.7,0
STU_02853,B.Tech Information Technology,2,9.12,CR002,67.4,16,2.83,58.2,4,3.0,2,58.3,14.5,1.13,63.05,0
STU_02854,B.Tech Computer Science,2,8.24,CR009,46.66,8,1.79,36.2,1,1.1,1,38.4,9.0,0.79,38.39,0
STU_02855,B.Tech Information Technology,2,8.74,CR006,41.08,8,1.74,31.7,0,1.9,0,47.4,4.2,0.66,31.46,0
STU_02856,BCA / MCA,2,7.57,CR001,61.0,11,2.09,32.0,0,1.8,0,24.7,7.3,0.78,35.97,0
STU_02857,B.Tech Computer Science,2,8.4,CR008,98.44,25,4.92,99.2,5,5.0,6,91.1,27.1,1.93,99.5,1
STU_02858,M.S. Computer Science,2,9.7,CR001,95.21,11,3.73,69.9,3,4.5,3,86.7,22.5,1.31,90.19,1
STU_02859,B.S. Data Science,2,7.49,CR002,86.35,19,3.66,79.8,5,3.9,4,88.4,14.7,1.76,89.85,1
STU_02860,B.S. Data Science,1,8.26,CR009,89.74,15,4.28,86.2,6,3.9,4,89.6,17.1,1.45,87.12,1
STU_02861,B.Tech Electronics,2,8.71,CR002,27.68,7,1.0,22.4,1,1.5,0,47.9,9.5,0.77,30.95,0
STU_02862,B.S. Data Science,2,7.73,CR001,85.28,10,3.61,70.1,3,3.1,1,62.9,17.6,1.27,71.08,0
STU_02863,B.Tech Computer Science,2,8.46,CR001,90.49,20,3.58,73.7,4,4.0,5,89.0,15.6,1.68,83.97,1
STU_02864,B.S. Data Science,2,9.12,CR002,77.38,16,2.81,56.0,4,3.5,2,71.4,17.1,1.4,69.17,0
STU_02865,M.S. Computer Science,1,6.74,CR007,71.95,19,3.07,64.1,2,3.3,2,67.1,14.3,1.19,64.64,0
STU_02866,B.Tech Information Technology,3,7.38,CR009,46.88,12,1.77,29.5,1,1.0,1,45.4,5.8,0.75,33.98,0
STU_02867,BCA / MCA,1,6.96,CR005,93.34,17,4.17,78.4,6,3.9,2,82.9,16.8,1.73,85.32,1
STU_02868,M.S. Computer Science,3,7.37,CR008,48.95,12,1.67,32.9,0,2.3,0,49.3,8.1,0.98,41.18,0
STU_02869,B.Tech Electronics,2,8.03,CR010,56.27,15,2.79,51.0,4,3.2,2,51.6,16.1,1.12,60.33,0
STU_02870,B.Tech Computer Science,3,7.74,CR009,37.9,4,1.3,18.7,0,2.3,0,43.0,6.9,0.95,35.3,0
STU_02871,B.S. Data Science,3,8.67,CR002,83.94,18,4.0,76.9,5,4.1,2,85.2,24.4,1.54,81.01,1
STU_02872,M.S. Computer Science,3,8.02,CR001,67.37,9,2.26,49.0,4,2.9,2,66.9,8.3,1.31,61.31,0
STU_02873,BCA / MCA,1,7.55,CR008,62.89,12,2.59,50.8,2,3.0,3,67.4,14.4,1.29,59.96,0
STU_02874,B.Tech Information Technology,2,7.89,CR004,76.44,11,2.96,71.5,2,2.6,2,54.2,17.7,1.29,65.7,0
STU_02875,B.S. Data Science,2,8.53,CR002,39.63,12,1.41,41.7,1,2.3,1,29.9,9.4,0.78,38.44,0
STU_02876,BCA / MCA,1,8.41,CR010,64.87,19,3.47,69.0,4,2.6,3,58.2,17.7,1.09,70.88,0
STU_02877,B.S. Data Science,2,9.76,CR003,34.06,13,1.62,30.3,1,1.2,0,33.2,7.1,0.95,27.85,0
STU_02878,B.S. Data Science,3,5.56,CR009,70.75,12,3.3,59.2,2,3.1,2,55.9,11.0,1.3,61.63,0
STU_02879,B.S. Data Science,1,8.22,CR001,96.52,22,3.77,85.5,5,4.3,5,83.2,16.8,1.44,91.04,1
STU_02880,B.Tech Information Technology,2,8.81,CR006,82.67,14,3.31,66.3,3,4.4,3,85.3,23.2,1.6,78.12,1
STU_02881,B.Tech Electronics,3,8.8,CR006,65.95,20,2.9,45.5,4,2.8,1,69.8,11.9,1.39,56.98,0
STU_02882,B.S. Data Science,1,7.57,CR001,92.63,20,4.12,82.9,6,4.6,5,76.2,21.2,1.58,92.01,1
STU_02883,B.S. Data Science,2,7.44,CR005,86.34,19,4.17,83.2,3,4.5,3,75.2,23.7,1.56,83.65,1
STU_02884,BCA / MCA,1,6.73,CR004,56.77,15,2.53,47.0,4,3.6,3,74.7,12.9,1.13,62.15,0
STU_02885,B.Tech Information Technology,3,7.97,CR005,73.24,14,3.26,61.0,2,2.9,2,50.7,10.8,1.05,62.26,0
STU_02886,M.S. Computer Science,3,6.07,CR001,95.93,21,4.02,78.8,5,3.9,2,83.2,24.6,1.62,84.89,1
STU_02887,B.S. Data Science,2,7.08,CR001,99.14,17,4.43,86.1,7,4.5,4,89.5,30.8,1.71,91.1,1
STU_02888,B.Tech Information Technology,3,9.56,CR004,96.05,26,4.73,91.9,7,4.7,4,94.8,18.3,1.61,99.5,1
STU_02889,M.S. Computer Science,2,8.0,CR006,87.88,20,4.41,85.0,3,4.3,5,86.8,17.4,1.39,91.31,1
STU_02890,BCA / MCA,2,9.37,CR003,82.71,15,3.37,75.1,3,4.1,2,89.7,20.3,1.55,79.97,1
STU_02891,BCA / MCA,2,7.81,CR009,76.7,16,2.92,50.1,2,2.7,3,70.4,13.6,1.14,65.96,0
STU_02892,B.Tech Computer Science,2,8.31,CR004,43.67,6,1.92,34.8,0,2.0,0,46.1,8.3,0.66,38.39,0
STU_02893,B.Tech Electronics,2,8.31,CR007,81.72,13,3.42,64.3,2,3.1,1,59.8,10.4,1.33,66.59,0
STU_02894,B.Tech Electronics,3,8.61,CR002,95.2,25,4.69,96.8,8,5.0,5,95.0,29.6,2.06,94.41,1
STU_02895,B.Tech Electronics,1,8.69,CR009,92.25,18,3.79,92.2,3,4.4,2,89.0,24.5,1.36,85.1,1
STU_02896,B.Tech Information Technology,2,9.46,CR001,98.57,18,4.75,94.3,5,4.7,3,97.9,29.3,1.62,93.24,1
STU_02897,B.S. Data Science,3,9.22,CR002,60.83,14,2.67,50.6,4,2.5,3,71.9,10.1,1.17,65.45,0
STU_02898,B.Tech Computer Science,2,6.81,CR007,60.91,10,2.19,45.7,4,3.4,3,73.1,17.8,1.29,66.16,0
STU_02899,B.Tech Electronics,2,7.3,CR005,87.11,20,4.06,81.3,3,4.1,5,75.9,16.1,1.52,82.51,1
STU_02900,B.Tech Computer Science,3,5.88,CR004,59.91,14,2.54,47.4,4,2.8,2,58.4,17.0,1.25,61.42,0
STU_02901,B.Tech Information Technology,3,7.61,CR002,80.09,16,3.14,53.7,2,3.6,1,59.5,10.0,1.36,62.32,0
STU_02902,M.S. Computer Science,2,7.69,CR010,67.71,17,2.8,65.9,4,3.6,2,51.6,11.9,1.11,65.07,0
STU_02903,B.Tech Information Technology,2,9.72,CR009,65.42,11,3.36,62.8,2,3.6,3,71.6,12.7,1.35,67.75,0
STU_02904,B.Tech Information Technology,3,7.15,CR007,35.74,6,1.34,25.5,2,1.8,0,32.3,6.5,0.99,33.08,0
STU_02905,B.Tech Information Technology,2,10.0,CR009,38.85,13,1.66,22.9,0,1.7,1,24.3,9.0,0.97,31.55,0
STU_02906,B.S. Data Science,2,8.17,CR007,43.18,10,1.82,28.4,1,1.0,0,45.8,6.8,0.81,38.9,0
STU_02907,BCA / MCA,3,6.79,CR005,31.87,5,1.21,23.2,2,1.2,1,31.9,9.4,0.76,31.95,0
STU_02908,BCA / MCA,1,6.91,CR006,66.45,17,2.17,51.8,3,2.7,1,50.8,12.5,1.23,55.81,0
STU_02909,B.Tech Electronics,3,8.57,CR007,78.02,12,3.3,58.6,4,2.9,1,56.5,16.1,1.07,73.58,0
STU_02910,M.S. Computer Science,2,7.18,CR002,88.34,16,3.94,80.1,6,3.9,2,84.8,23.5,1.75,86.98,1
STU_02911,B.Tech Computer Science,3,6.75,CR001,89.0,17,3.28,68.4,2,3.2,2,60.6,10.0,1.08,72.64,0
STU_02912,B.Tech Electronics,2,8.08,CR010,26.78,4,1.47,22.9,0,2.4,1,49.5,4.5,0.66,30.26,0
STU_02913,B.Tech Information Technology,2,9.24,CR002,79.25,11,3.47,63.9,4,3.3,1,59.5,13.6,1.34,69.19,0
STU_02914,B.Tech Computer Science,3,8.28,CR004,67.65,17,2.53,43.7,3,2.6,2,58.7,9.3,1.09,61.6,0
STU_02915,B.Tech Computer Science,3,8.53,CR009,74.66,18,3.21,68.3,3,2.8,3,64.7,9.1,1.26,67.16,0
STU_02916,B.Tech Computer Science,2,6.59,CR008,71.24,14,2.49,57.5,4,3.0,3,72.0,8.5,1.32,72.32,0
STU_02917,B.Tech Information Technology,2,6.22,CR009,81.4,15,3.51,55.6,5,4.5,2,87.4,16.4,1.47,77.17,1
STU_02918,B.Tech Computer Science,2,7.86,CR009,31.78,6,1.38,28.9,2,2.2,1,28.2,6.7,0.92,32.72,0
STU_02919,B.Tech Information Technology,2,8.79,CR004,56.49,11,2.17,36.9,4,2.5,3,53.6,15.8,1.08,62.26,0
STU_02920,BCA / MCA,3,8.42,CR003,77.36,13,2.88,68.6,2,2.8,1,68.1,8.6,1.34,68.11,0
STU_02921,BCA / MCA,2,7.44,CR002,47.66,7,1.47,37.7,2,1.6,1,34.0,9.1,0.79,38.31,0
STU_02922,B.Tech Electronics,2,6.67,CR001,94.51,14,3.15,67.1,2,2.9,3,70.7,10.9,1.17,79.91,1
STU_02923,B.S. Data Science,3,8.26,CR010,76.82,16,3.48,71.4,5,4.3,4,88.3,23.9,1.58,84.98,1
STU_02924,M.S. Computer Science,1,8.07,CR001,95.24,16,3.7,76.1,6,4.1,4,85.7,18.9,1.66,91.52,1
STU_02925,M.S. Computer Science,3,9.14,CR007,84.62,15,3.76,69.6,6,4.0,5,85.2,21.1,1.43,83.03,1
STU_02926,BCA / MCA,2,10.0,CR009,58.34,14,2.41,52.4,4,3.7,3,65.0,14.8,1.06,59.99,0
STU_02927,BCA / MCA,2,8.9,CR008,39.03,10,1.4,31.8,2,2.2,1,30.4,4.1,0.69,32.78,0
STU_02928,B.Tech Information Technology,2,7.9,CR006,51.44,12,2.23,47.9,4,2.8,3,67.3,13.1,1.21,59.43,0
STU_02929,B.Tech Information Technology,1,6.79,CR010,48.2,9,1.75,43.9,0,2.3,1,41.2,9.5,0.61,39.19,0
STU_02930,M.S. Computer Science,2,7.5,CR004,95.99,26,4.67,89.8,6,4.8,3,91.5,30.2,2.16,95.38,1
STU_02931,B.Tech Information Technology,3,8.7,CR004,61.2,7,2.64,47.1,2,3.4,2,64.4,13.4,1.26,56.44,0
STU_02932,B.Tech Electronics,2,7.91,CR001,72.51,12,2.54,52.4,4,3.5,1,57.2,13.0,1.01,63.12,0
STU_02933,M.S. Computer Science,2,8.19,CR007,50.21,11,2.21,48.7,3,3.3,2,66.2,9.5,1.2,51.09,0
STU_02934,B.Tech Computer Science,2,7.39,CR003,91.71,20,4.35,75.6,5,4.6,3,88.0,15.8,1.68,87.36,1
STU_02935,M.S. Computer Science,2,9.13,CR006,89.5,16,4.13,86.1,5,3.8,3,89.3,23.6,1.75,89.55,1
STU_02936,M.S. Computer Science,1,8.63,CR009,86.91,18,3.82,86.2,5,4.6,2,83.5,22.1,1.72,86.81,1
STU_02937,B.S. Data Science,3,7.24,CR002,96.27,24,4.36,92.6,8,4.4,5,88.8,30.2,2.08,98.5,1
STU_02938,B.Tech Computer Science,2,6.87,CR003,73.24,12,3.18,55.9,3,2.7,3,67.0,10.0,1.39,68.63,0
STU_02939,BCA / MCA,1,8.18,CR005,51.75,11,2.0,38.0,2,2.0,1,41.3,8.7,0.96,42.37,0
STU_02940,M.S. Computer Science,2,7.17,CR007,66.05,17,2.69,50.6,2,2.7,1,74.4,10.9,1.11,61.46,0
STU_02941,M.S. Computer Science,2,8.7,CR007,52.62,13,2.18,48.2,2,1.7,0,24.1,7.7,0.63,42.57,0
STU_02942,B.Tech Information Technology,3,7.12,CR006,69.82,14,3.28,58.2,2,2.8,2,59.2,16.4,1.39,63.97,0
STU_02943,B.Tech Information Technology,3,6.48,CR007,71.63,8,2.83,52.4,2,3.0,3,66.2,12.2,1.16,65.38,0
STU_02944,B.S. Data Science,3,8.93,CR005,54.12,15,2.33,50.7,2,3.3,1,59.2,10.7,1.32,51.09,0
STU_02945,B.Tech Information Technology,2,7.06,CR004,43.88,12,1.63,32.7,2,2.4,1,25.3,7.5,0.69,37.05,0
STU_02946,M.S. Computer Science,2,7.18,CR007,27.58,5,1.06,18.8,0,1.9,0,23.5,8.6,0.98,23.98,0
STU_02947,B.Tech Electronics,2,8.6,CR002,41.67,12,1.56,28.7,0,1.9,1,48.0,9.4,0.92,35.81,0
STU_02948,B.Tech Computer Science,1,8.15,CR002,57.08,7,2.46,40.2,2,3.2,3,60.2,9.8,1.26,50.43,0
STU_02949,BCA / MCA,2,7.01,CR005,60.44,19,2.89,56.0,2,3.4,3,72.6,15.6,1.03,60.47,0
STU_02950,B.S. Data Science,1,7.68,CR007,86.26,17,3.67,75.1,4,4.3,5,76.4,24.3,1.49,86.49,1
STU_02951,BCA / MCA,2,6.54,CR003,24.75,5,1.19,27.2,1,1.9,0,41.7,6.1,0.95,27.13,0
STU_02952,BCA / MCA,2,8.8,CR001,94.09,20,3.71,65.7,6,4.3,5,88.2,24.9,1.64,88.37,1
STU_02953,M.S. Computer Science,2,6.99,CR003,34.45,10,1.58,25.1,1,2.4,0,22.6,5.4,0.73,25.27,0
STU_02954,BCA / MCA,2,5.98,CR007,89.92,22,4.12,79.5,4,4.5,4,82.5,15.9,1.37,91.56,1
STU_02955,B.Tech Computer Science,2,7.47,CR002,89.68,20,3.87,82.2,6,4.4,5,79.8,23.6,1.57,93.13,1
STU_02956,B.Tech Electronics,3,9.95,CR003,72.75,16,3.2,64.2,4,3.2,1,71.1,8.4,1.38,69.01,0
STU_02957,B.S. Data Science,1,7.57,CR009,89.99,14,3.72,66.4,5,4.4,2,84.8,19.0,1.74,84.17,1
STU_02958,B.Tech Information Technology,1,7.84,CR008,34.93,8,1.64,23.7,0,1.4,1,25.2,6.7,0.95,29.28,0
STU_02959,B.S. Data Science,3,9.49,CR003,29.55,6,1.29,20.8,1,2.3,0,26.1,9.4,0.88,29.78,0
STU_02960,B.Tech Electronics,2,6.55,CR002,79.01,12,3.24,54.3,2,3.0,1,60.7,12.0,1.18,64.57,0
STU_02961,BCA / MCA,1,8.96,CR010,59.57,6,2.6,46.0,1,2.3,0,20.1,5.1,0.97,42.43,0
STU_02962,B.Tech Information Technology,3,8.32,CR004,94.68,22,3.84,83.5,5,4.0,3,83.7,24.3,1.56,92.7,1
STU_02963,B.Tech Electronics,2,6.76,CR010,89.33,16,4.33,85.8,8,4.4,3,94.9,21.5,1.78,89.03,1
STU_02964,B.Tech Information Technology,2,8.73,CR002,96.46,17,3.96,86.6,5,4.1,4,83.5,20.2,1.62,91.59,1
STU_02965,B.S. Data Science,2,8.08,CR003,92.91,18,3.78,79.5,5,4.6,2,83.1,17.8,1.65,89.55,1
STU_02966,B.Tech Information Technology,3,7.8,CR005,63.94,15,3.01,51.9,2,3.6,2,69.9,17.1,1.11,63.82,0
STU_02967,B.S. Data Science,2,7.98,CR001,42.43,4,1.5,31.2,0,1.2,1,21.5,6.9,0.78,34.47,0
STU_02968,B.Tech Computer Science,2,8.61,CR009,58.52,7,1.88,33.8,0,1.8,1,40.6,5.9,0.72,45.93,0
STU_02969,BCA / MCA,3,6.19,CR009,34.88,7,1.32,29.4,0,1.8,0,32.0,7.9,0.7,29.37,0
STU_02970,B.Tech Computer Science,3,9.39,CR002,92.71,19,4.05,84.7,4,3.8,2,88.7,16.1,1.44,85.43,1
STU_02971,BCA / MCA,1,8.13,CR009,99.29,18,4.59,100.0,8,4.7,4,95.3,28.3,1.9,91.47,1
STU_02972,M.S. Computer Science,2,8.17,CR008,78.41,14,3.29,65.4,6,3.9,3,85.7,22.0,1.43,80.65,1
STU_02973,B.Tech Electronics,3,7.84,CR004,82.14,18,3.25,71.2,4,4.1,2,88.0,21.4,1.58,78.95,1
STU_02974,M.S. Computer Science,1,8.51,CR006,75.78,17,3.21,54.2,3,3.5,1,51.2,9.8,1.23,61.67,0
STU_02975,M.S. Computer Science,3,9.38,CR001,88.06,16,3.37,65.2,4,2.6,3,63.2,14.4,1.01,74.32,0
STU_02976,M.S. Computer Science,3,8.65,CR007,76.75,17,2.61,59.7,2,3.0,2,53.1,8.9,1.01,65.56,0
STU_02977,B.Tech Electronics,3,8.55,CR007,81.59,18,3.27,69.3,6,4.5,3,78.3,17.4,1.41,83.3,1
STU_02978,B.Tech Electronics,2,8.45,CR003,88.64,19,3.57,70.3,3,4.3,4,76.4,14.3,1.71,82.77,1
STU_02979,B.Tech Computer Science,2,6.51,CR003,26.3,7,1.06,24.9,0,2.3,0,24.2,7.0,0.92,27.42,0
STU_02980,B.Tech Information Technology,2,7.19,CR006,86.8,28,4.1,85.8,3,4.6,5,75.8,23.6,1.59,85.92,1
STU_02981,BCA / MCA,3,8.14,CR006,25.05,13,1.51,25.4,1,1.3,1,20.6,4.0,0.67,24.17,0
STU_02982,B.Tech Computer Science,2,9.16,CR007,72.37,15,2.89,62.4,4,3.6,1,73.6,13.5,1.32,67.02,0
STU_02983,M.S. Computer Science,2,9.22,CR003,37.01,11,1.76,35.1,2,1.1,0,46.5,4.8,0.71,34.11,0
STU_02984,B.S. Data Science,2,9.43,CR008,78.38,17,3.27,69.2,3,4.6,4,88.8,23.3,1.59,80.34,1
STU_02985,B.Tech Information Technology,2,6.08,CR010,80.14,19,3.48,56.9,4,2.7,1,65.0,14.2,1.01,68.67,0
STU_02986,B.Tech Information Technology,1,8.62,CR001,98.98,19,4.46,88.8,3,4.1,3,79.4,16.8,1.55,86.78,1
STU_02987,BCA / MCA,3,8.13,CR007,95.89,29,4.75,94.5,7,4.7,5,96.8,22.6,1.89,95.03,1
STU_02988,BCA / MCA,1,6.73,CR010,56.27,10,2.14,51.7,4,2.9,3,53.1,15.6,1.39,60.04,0
STU_02989,M.S. Computer Science,2,7.77,CR002,72.8,17,3.19,70.9,3,2.9,2,61.8,12.1,1.27,68.86,0
STU_02990,B.Tech Electronics,2,5.0,CR009,52.72,12,2.37,51.1,2,2.7,3,64.3,14.1,1.39,51.89,0
STU_02991,BCA / MCA,2,6.18,CR006,92.21,19,4.66,82.4,6,4.8,6,95.1,27.1,1.75,93.41,1
STU_02992,B.Tech Electronics,2,8.46,CR004,70.29,12,2.75,55.5,4,3.1,1,66.3,16.4,1.13,60.07,0
STU_02993,B.Tech Computer Science,3,6.52,CR008,63.79,13,2.86,53.2,2,3.0,3,60.7,9.5,1.01,58.14,0
STU_02994,B.Tech Computer Science,3,6.89,CR008,77.66,15,3.21,66.9,4,3.1,2,57.4,10.9,1.23,66.45,0
STU_02995,B.Tech Electronics,2,7.87,CR010,76.98,17,3.79,69.6,3,2.9,3,52.2,15.2,1.18,70.53,0
STU_02996,B.Tech Electronics,3,7.75,CR003,95.11,22,4.39,83.0,4,4.5,4,86.2,20.5,1.65,95.42,1
STU_02997,M.S. Computer Science,2,6.35,CR008,96.48,22,4.76,84.8,5,4.7,5,89.8,26.3,1.83,92.88,1
STU_02998,BCA / MCA,2,6.46,CR007,66.61,15,2.7,58.5,4,2.6,3,53.2,9.5,1.27,64.18,0
STU_02999,B.Tech Information Technology,2,7.47,CR005,79.98,16,3.66,70.9,5,4.4,5,87.3,18.8,1.72,87.28,1
STU_03000,B.Tech Electronics,3,7.93,CR006,87.56,23,3.86,83.4,3,4.5,2,81.0,19.2,1.42,83.48,1
STU_03001,BCA / MCA,1,9.57,CR005,79.06,16,3.08,73.0,4,4.3,4,81.1,17.5,1.55,80.5,1
STU_03002,B.S. Data Science,2,6.88,CR003,97.5,21,5.0,99.0,8,4.7,6,89.1,22.8,2.02,93.48,1
STU_03003,M.S. Computer Science,2,6.15,CR003,83.05,15,3.54,69.0,4,3.4,2,63.0,15.2,1.16,74.37,0
STU_03004,B.Tech Information Technology,2,8.16,CR003,94.26,17,4.44,86.0,5,4.1,5,75.2,23.9,1.61,91.17,1
STU_03005,B.Tech Information Technology,3,6.74,CR004,71.15,14,3.0,56.8,4,3.7,1,50.3,14.6,1.24,62.9,0
STU_03006,B.S. Data Science,2,9.54,CR005,27.22,10,1.0,21.8,2,2.0,1,27.8,7.9,0.87,24.79,0
STU_03007,B.Tech Information Technology,2,7.87,CR006,82.82,22,3.65,84.2,6,3.8,3,80.7,14.7,1.53,81.48,1
STU_03008,B.S. Data Science,2,8.81,CR010,34.34,19,1.54,37.5,2,2.3,0,23.2,9.1,0.92,32.92,0
STU_03009,BCA / MCA,2,7.21,CR009,74.41,16,3.14,63.4,4,3.0,2,63.6,8.9,1.13,65.69,0
STU_03010,B.Tech Computer Science,2,8.19,CR009,37.73,5,1.5,30.5,2,1.2,1,31.5,8.7,0.69,27.96,0
STU_03011,B.S. Data Science,2,7.89,CR008,77.12,14,2.98,57.3,3,3.4,3,58.8,9.7,1.03,65.56,0
STU_03012,B.S. Data Science,1,8.16,CR006,85.48,16,3.88,77.6,5,4.0,4,83.7,24.2,1.39,81.8,1
STU_03013,B.Tech Information Technology,1,7.84,CR005,75.9,15,3.17,56.8,2,3.3,3,50.9,17.4,1.26,70.55,0
STU_03014,M.S. Computer Science,3,8.23,CR002,96.53,22,4.37,82.7,5,5.0,6,97.2,24.6,1.84,94.9,1
STU_03015,M.S. Computer Science,2,9.54,CR001,31.42,6,1.24,29.4,2,1.5,1,25.8,7.9,0.65,32.39,0
STU_03016,M.S. Computer Science,2,7.72,CR001,42.85,16,1.65,28.2,1,1.7,0,49.8,4.8,0.7,32.82,0
STU_03017,B.Tech Electronics,2,8.1,CR006,64.23,13,2.75,63.2,2,2.7,2,66.8,16.9,1.06,65.89,0
STU_03018,B.S. Data Science,2,8.4,CR004,84.52,15,3.4,64.5,5,4.5,3,89.8,17.6,1.66,80.34,1
STU_03019,B.Tech Electronics,2,8.52,CR009,25.76,11,1.07,32.0,1,1.9,1,25.6,8.5,0.85,28.02,0
STU_03020,B.S. Data Science,1,6.34,CR010,49.61,10,2.39,51.0,2,3.0,3,71.0,11.4,1.24,57.21,0
STU_03021,BCA / MCA,3,9.9,CR005,91.82,22,4.4,87.2,5,4.9,3,97.4,24.8,1.67,91.18,1
STU_03022,B.S. Data Science,1,7.73,CR007,69.0,17,2.35,56.6,2,3.1,3,60.5,11.4,1.32,60.76,0
STU_03023,M.S. Computer Science,2,7.45,CR009,35.47,6,1.0,14.1,2,1.4,0,44.3,6.9,0.63,29.65,0
STU_03024,B.Tech Electronics,1,9.23,CR006,34.64,6,1.14,32.0,2,1.7,1,26.6,4.0,0.74,35.37,0
STU_03025,B.Tech Electronics,1,7.15,CR003,97.3,21,4.22,87.3,8,4.8,6,97.5,29.9,1.67,98.62,1
STU_03026,B.Tech Computer Science,3,6.5,CR010,63.03,9,3.08,69.7,3,3.8,3,68.2,9.1,1.39,66.77,0
STU_03027,B.Tech Electronics,2,7.56,CR003,48.97,12,2.27,40.5,2,2.3,1,48.8,6.0,0.7,43.43,0
STU_03028,M.S. Computer Science,2,9.76,CR005,70.14,19,3.25,61.9,3,2.9,3,60.6,13.4,1.05,65.71,0
STU_03029,M.S. Computer Science,2,8.99,CR006,85.27,29,4.12,79.2,5,3.9,4,87.6,15.2,1.35,87.17,1
STU_03030,B.Tech Information Technology,2,7.65,CR005,91.77,18,4.42,85.1,5,4.8,3,96.8,20.9,1.75,91.67,1
STU_03031,BCA / MCA,2,6.69,CR006,40.32,10,1.78,31.7,0,1.3,0,43.7,4.7,0.9,29.85,0
STU_03032,B.Tech Computer Science,1,5.99,CR005,57.74,13,2.14,48.3,2,3.7,3,52.3,17.9,1.13,59.24,0
STU_03033,BCA / MCA,3,6.25,CR002,97.71,22,4.47,90.5,6,4.4,3,93.0,27.4,2.01,97.59,1
STU_03034,B.S. Data Science,3,7.68,CR002,35.66,11,1.56,22.6,1,1.0,1,34.2,7.9,0.91,30.29,0
STU_03035,B.Tech Electronics,1,6.56,CR004,60.21,13,2.69,48.8,3,2.9,3,73.1,9.5,1.19,59.97,0
STU_03036,BCA / MCA,1,7.89,CR002,72.14,15,2.74,52.1,3,3.4,3,71.8,13.6,1.16,63.48,0
STU_03037,M.S. Computer Science,2,8.82,CR007,64.05,12,2.6,48.5,4,2.7,2,58.4,12.7,1.39,62.59,0
STU_03038,B.Tech Information Technology,2,8.79,CR004,77.56,13,3.22,55.7,4,2.7,2,64.4,11.5,1.04,66.84,0
STU_03039,BCA / MCA,3,9.45,CR007,49.98,9,2.04,34.9,0,1.7,0,26.1,5.4,0.62,37.57,0
STU_03040,B.S. Data Science,3,7.05,CR003,99.32,21,5.0,89.5,7,4.4,4,97.5,24.5,1.89,95.14,1
STU_03041,B.Tech Computer Science,2,8.6,CR003,76.91,17,3.54,65.0,3,4.0,3,84.4,14.2,1.34,69.54,0
STU_03042,B.Tech Information Technology,3,6.46,CR003,46.13,9,1.8,29.9,0,2.0,0,39.7,6.0,0.84,33.95,0
STU_03043,BCA / MCA,2,6.57,CR002,58.04,12,1.94,47.1,2,1.9,0,24.4,8.4,0.94,44.72,0
STU_03044,B.Tech Computer Science,2,8.03,CR007,65.81,13,2.66,51.5,2,3.5,1,65.1,13.0,1.0,57.13,0
STU_03045,BCA / MCA,2,7.5,CR006,44.11,12,1.55,28.5,0,2.1,1,46.3,7.3,0.8,36.72,0
STU_03046,B.Tech Electronics,2,7.8,CR002,93.12,23,3.98,78.7,4,4.1,3,85.9,22.5,1.57,93.67,1
STU_03047,B.S. Data Science,2,7.86,CR006,67.18,8,2.62,66.7,3,2.7,3,58.3,16.8,1.22,64.81,0
STU_03048,BCA / MCA,2,10.0,CR003,71.77,16,2.84,66.6,4,2.8,1,54.3,8.1,1.24,66.65,0
STU_03049,B.S. Data Science,1,6.52,CR002,71.38,13,3.47,60.8,4,3.7,3,74.4,12.8,1.17,70.75,0
STU_03050,B.Tech Electronics,2,8.3,CR009,49.63,8,2.12,37.5,0,2.0,1,37.8,4.3,0.96,42.82,0
STU_03051,B.Tech Computer Science,2,9.03,CR003,79.36,18,3.74,69.4,3,3.8,5,80.4,21.3,1.76,79.54,1
STU_03052,B.Tech Information Technology,1,7.91,CR004,46.83,10,1.73,32.5,2,1.1,0,47.0,5.8,0.68,38.06,0
STU_03053,M.S. Computer Science,2,6.26,CR003,94.33,20,4.13,85.7,5,4.6,5,96.2,23.0,1.8,93.27,1
STU_03054,B.Tech Information Technology,1,6.56,CR010,92.92,22,4.78,100.0,6,4.8,6,92.0,29.2,1.94,94.03,1
STU_03055,B.Tech Information Technology,3,5.53,CR007,87.53,17,4.16,82.7,3,3.9,4,89.8,24.8,1.76,86.65,1
STU_03056,B.Tech Information Technology,2,9.65,CR003,43.41,12,1.79,39.2,0,1.4,1,23.1,8.1,0.75,31.75,0
STU_03057,BCA / MCA,2,7.35,CR004,89.3,11,3.65,71.8,4,4.1,4,86.6,16.9,1.63,87.18,1
STU_03058,M.S. Computer Science,3,8.72,CR005,48.82,11,2.49,41.6,3,2.8,3,63.0,17.2,1.11,55.76,0
STU_03059,BCA / MCA,2,8.61,CR008,32.41,6,1.0,24.8,1,1.7,1,48.4,9.7,0.99,34.57,0
STU_03060,B.Tech Information Technology,3,8.01,CR010,57.1,17,2.27,44.9,3,3.4,3,72.0,13.5,1.16,58.15,0
STU_03061,B.Tech Electronics,2,8.82,CR002,31.87,12,1.41,30.3,1,2.4,1,50.0,4.0,0.87,30.29,0
STU_03062,B.Tech Computer Science,1,8.01,CR003,75.6,14,3.01,66.5,2,2.6,1,71.2,9.2,1.07,63.42,0
STU_03063,B.S. Data Science,2,7.26,CR010,61.91,14,2.41,44.5,4,3.0,2,73.0,15.4,1.15,59.51,0
STU_03064,BCA / MCA,1,7.57,CR008,88.94,12,3.74,78.8,5,4.1,3,80.2,14.7,1.39,83.2,1
STU_03065,M.S. Computer Science,3,7.24,CR009,25.09,10,1.49,21.1,0,2.3,0,22.9,6.9,0.68,23.07,0
STU_03066,BCA / MCA,3,7.52,CR002,30.71,6,1.0,16.8,1,1.4,1,44.3,7.8,0.85,29.85,0
STU_03067,BCA / MCA,3,7.84,CR001,83.05,18,3.06,45.8,2,3.5,1,65.5,12.4,1.19,73.31,0
STU_03068,B.Tech Computer Science,2,8.33,CR009,69.23,17,3.1,55.7,4,3.5,2,71.8,9.5,1.25,64.38,0
STU_03069,M.S. Computer Science,2,7.37,CR010,63.53,14,2.89,56.3,4,2.9,1,69.4,17.3,1.13,62.13,0
STU_03070,BCA / MCA,3,8.95,CR006,83.26,18,3.93,64.4,5,4.4,3,81.7,15.6,1.8,78.46,1
STU_03071,B.Tech Information Technology,2,7.44,CR007,94.81,23,4.28,85.3,5,4.7,4,95.9,27.7,1.91,89.98,1
STU_03072,B.Tech Computer Science,2,6.93,CR005,33.27,5,1.59,20.1,1,1.5,0,24.8,5.1,0.7,27.98,0
STU_03073,M.S. Computer Science,3,10.0,CR010,74.23,12,3.03,65.3,3,2.6,1,52.5,8.7,1.22,61.15,0
STU_03074,B.S. Data Science,3,8.11,CR003,92.6,20,4.38,87.4,5,4.8,3,92.9,29.3,2.07,92.5,1
STU_03075,B.Tech Information Technology,2,8.55,CR003,90.22,20,4.21,80.1,5,3.9,2,89.3,24.2,1.63,84.77,1
STU_03076,B.Tech Computer Science,2,8.02,CR008,85.64,20,3.34,59.9,4,3.7,3,53.5,17.2,1.22,74.17,0
STU_03077,B.Tech Information Technology,1,6.77,CR004,97.3,23,4.45,91.0,8,4.4,6,97.5,30.8,2.08,97.51,1
STU_03078,B.Tech Computer Science,2,7.12,CR010,50.92,14,2.29,46.9,4,2.6,1,70.0,14.6,1.39,55.87,0
STU_03079,B.Tech Information Technology,2,7.79,CR003,79.5,15,3.29,64.7,3,3.8,3,79.5,15.7,1.63,74.1,0
STU_03080,B.Tech Information Technology,1,7.29,CR008,76.54,14,2.94,62.3,4,3.1,1,73.1,14.3,1.13,67.85,0
STU_03081,B.Tech Computer Science,1,8.36,CR002,35.19,4,1.55,33.3,1,1.8,1,21.7,8.4,0.69,36.09,0
STU_03082,B.Tech Computer Science,1,8.28,CR003,38.06,6,1.72,29.0,2,1.6,0,23.1,8.0,0.71,33.97,0
STU_03083,B.Tech Electronics,1,6.41,CR006,81.12,21,3.92,72.8,6,3.8,3,84.9,20.7,1.5,85.13,1
STU_03084,B.Tech Information Technology,3,8.22,CR004,49.09,11,2.19,36.5,2,1.8,0,38.7,9.5,0.9,40.21,0
STU_03085,B.Tech Electronics,2,7.03,CR004,78.81,15,3.26,66.9,4,3.0,1,71.9,13.2,1.18,68.32,0
STU_03086,B.Tech Electronics,2,7.88,CR005,88.81,17,3.74,76.9,3,4.1,3,86.7,22.9,1.38,84.94,1
STU_03087,B.S. Data Science,1,7.76,CR002,57.49,15,2.31,47.6,4,3.3,3,62.4,8.6,1.01,63.27,0
STU_03088,B.Tech Electronics,2,7.7,CR003,93.66,24,4.52,82.0,5,4.8,5,88.1,18.1,1.83,95.81,1
STU_03089,B.Tech Information Technology,1,7.51,CR005,67.4,17,3.11,50.5,2,3.8,3,59.4,10.8,1.26,64.89,0
STU_03090,B.Tech Information Technology,3,7.36,CR006,91.35,13,4.38,86.0,7,4.7,6,88.4,19.7,1.68,91.03,1
STU_03091,B.Tech Computer Science,3,9.0,CR001,91.49,21,3.89,77.8,4,4.6,4,75.8,23.1,1.47,83.63,1
STU_03092,B.Tech Information Technology,3,8.03,CR010,76.98,13,3.32,65.3,2,3.8,1,55.6,15.9,1.02,67.14,0
STU_03093,B.Tech Information Technology,3,9.08,CR002,44.41,7,1.97,37.6,0,2.3,1,21.0,9.2,0.92,39.87,0
STU_03094,B.S. Data Science,2,8.3,CR009,65.42,11,2.78,63.8,3,3.3,1,59.6,10.4,1.14,59.34,0
STU_03095,B.Tech Information Technology,3,7.17,CR005,96.28,18,5.0,92.5,6,4.6,3,91.9,27.5,1.83,96.24,1
STU_03096,B.Tech Information Technology,3,7.77,CR001,91.73,20,3.12,61.3,3,3.0,3,74.7,16.5,1.3,80.54,1
STU_03097,B.Tech Information Technology,2,6.34,CR009,58.09,14,2.57,43.4,2,3.4,1,70.6,11.8,1.29,54.39,0
STU_03098,M.S. Computer Science,2,7.81,CR008,84.95,20,3.5,67.0,3,4.3,5,85.3,20.4,1.72,84.02,1
STU_03099,B.Tech Electronics,3,9.54,CR001,63.67,14,2.32,46.4,2,2.6,1,62.3,15.8,1.38,54.9,0
STU_03100,B.S. Data Science,2,7.33,CR002,62.51,13,2.38,55.8,3,3.6,1,57.2,10.3,1.39,59.27,0
STU_03101,BCA / MCA,2,6.71,CR001,45.17,11,1.61,33.4,2,1.7,1,34.4,6.4,0.89,34.89,0
STU_03102,B.Tech Computer Science,2,7.19,CR002,29.02,9,1.01,23.2,1,1.5,1,22.1,9.2,0.89,24.44,0
STU_03103,B.Tech Electronics,2,8.9,CR008,62.34,11,2.48,45.6,3,2.6,3,74.8,13.8,1.36,62.34,0
STU_03104,B.Tech Computer Science,2,7.3,CR010,84.58,15,3.95,73.6,5,4.2,4,83.2,16.8,1.58,84.05,1
STU_03105,B.S. Data Science,2,7.17,CR003,96.3,17,4.26,82.6,7,4.6,6,96.7,26.5,2.07,97.98,1
STU_03106,B.Tech Computer Science,1,6.0,CR005,64.96,9,3.13,55.0,2,3.8,1,64.0,8.7,1.23,59.09,0
STU_03107,B.Tech Computer Science,2,8.81,CR002,86.78,16,3.28,78.6,3,3.9,2,76.6,24.7,1.34,80.32,1
STU_03108,B.Tech Information Technology,1,6.96,CR007,71.58,16,3.03,67.3,2,3.0,2,60.6,16.3,1.08,62.63,0
STU_03109,B.Tech Electronics,2,8.67,CR002,53.99,9,2.23,41.6,3,3.0,3,61.8,17.1,1.25,54.69,0
STU_03110,B.Tech Computer Science,2,7.52,CR009,36.17,8,1.69,35.5,2,1.8,1,43.2,7.8,0.72,36.78,0
STU_03111,B.Tech Electronics,1,8.55,CR010,20.63,9,1.0,35.2,2,1.6,0,31.3,9.0,0.65,22.4,0
STU_03112,B.S. Data Science,3,6.47,CR008,60.26,11,2.36,45.1,2,2.2,0,44.9,7.2,0.93,49.23,0
STU_03113,B.Tech Electronics,2,7.5,CR004,56.5,14,2.19,37.7,2,1.9,0,39.0,5.5,0.76,48.84,0
STU_03114,B.S. Data Science,1,6.87,CR001,87.31,10,3.66,77.3,5,4.1,4,75.2,22.7,1.42,87.68,1
STU_03115,M.S. Computer Science,3,6.04,CR008,80.08,11,3.43,61.6,3,3.3,1,56.0,14.1,1.11,68.54,0
STU_03116,B.Tech Computer Science,3,8.83,CR001,32.16,6,1.0,24.9,1,2.5,0,38.9,8.8,0.83,32.32,0
STU_03117,B.S. Data Science,2,8.0,CR009,92.49,13,4.16,79.2,6,4.2,5,79.6,21.0,1.66,90.19,1
STU_03118,BCA / MCA,2,6.95,CR005,57.65,12,2.02,49.0,2,3.4,1,55.4,9.2,1.03,49.56,0
STU_03119,M.S. Computer Science,1,7.92,CR004,92.78,18,4.24,81.9,6,4.6,6,95.9,19.8,1.78,97.08,1
STU_03120,B.Tech Information Technology,3,8.08,CR008,98.36,18,5.0,100.0,8,4.5,6,90.4,23.2,1.86,95.8,1
STU_03121,B.Tech Electronics,3,8.89,CR002,65.7,15,2.75,55.8,2,3.3,3,53.8,11.5,1.39,61.93,0
STU_03122,B.Tech Information Technology,3,8.56,CR008,52.01,9,1.72,28.4,0,1.6,1,33.2,8.8,0.92,38.42,0
STU_03123,B.Tech Electronics,2,8.71,CR002,81.75,15,2.94,62.7,3,3.3,3,71.6,16.6,1.09,73.78,0
STU_03124,M.S. Computer Science,1,7.34,CR002,88.06,18,3.76,79.0,3,4.6,5,87.5,14.9,1.67,85.53,1
STU_03125,M.S. Computer Science,2,7.65,CR008,45.56,8,1.84,33.7,1,1.2,0,48.8,4.7,0.97,34.43,0
STU_03126,B.Tech Computer Science,3,8.43,CR005,63.76,9,2.7,51.0,4,3.1,3,73.9,13.3,1.16,64.92,0
STU_03127,B.Tech Computer Science,3,7.38,CR010,79.23,14,3.71,76.1,5,4.6,2,78.6,21.9,1.63,78.19,1
STU_03128,B.S. Data Science,2,8.03,CR002,77.53,14,2.75,62.4,2,3.7,1,72.9,12.3,1.29,67.75,0
STU_03129,B.S. Data Science,2,8.86,CR009,55.25,13,1.89,43.6,2,1.5,1,21.7,9.8,0.74,49.56,0
STU_03130,BCA / MCA,3,9.87,CR008,99.31,20,4.52,94.6,8,4.9,6,95.0,20.0,1.61,99.5,1
STU_03131,BCA / MCA,2,7.37,CR002,41.11,11,1.74,24.5,2,2.4,1,45.5,7.4,0.62,36.75,0
STU_03132,BCA / MCA,1,7.98,CR007,82.6,13,3.23,65.7,4,3.7,3,57.4,9.0,1.14,78.64,1
STU_03133,B.S. Data Science,1,9.38,CR007,97.05,23,4.65,93.2,6,4.8,4,97.3,18.8,1.76,96.26,1
STU_03134,B.Tech Electronics,2,8.5,CR001,78.52,11,2.51,51.7,4,3.2,2,59.0,8.5,1.04,61.42,0
STU_03135,B.Tech Information Technology,2,7.4,CR003,95.24,19,4.26,78.5,6,4.0,3,77.1,23.2,1.42,89.9,1
STU_03136,B.Tech Information Technology,3,6.79,CR009,92.67,20,4.24,79.7,5,4.6,2,89.8,15.4,1.68,85.35,1
STU_03137,M.S. Computer Science,2,8.94,CR001,46.02,8,1.23,27.3,1,1.1,0,24.4,9.7,0.6,37.92,0
STU_03138,B.Tech Electronics,3,7.91,CR003,23.7,5,1.16,21.6,1,2.5,0,40.7,9.0,0.98,25.92,0
STU_03139,M.S. Computer Science,2,7.68,CR009,88.63,15,3.95,73.2,3,4.4,2,80.1,16.0,1.4,79.7,1
STU_03140,B.Tech Electronics,1,7.73,CR003,78.53,16,3.56,76.1,3,4.5,4,84.7,15.5,1.39,76.51,1
STU_03141,B.Tech Computer Science,3,7.83,CR009,99.68,25,5.0,92.3,5,4.9,4,88.3,28.3,1.71,95.26,1
STU_03142,B.S. Data Science,2,7.24,CR010,50.44,13,2.59,61.0,4,3.4,3,54.5,9.4,1.34,53.86,0
STU_03143,M.S. Computer Science,2,7.65,CR003,92.33,19,4.22,84.0,3,4.4,5,75.4,16.9,1.48,85.87,1
STU_03144,B.Tech Computer Science,3,8.66,CR009,71.9,19,3.31,59.9,4,2.7,2,64.7,11.0,1.01,71.91,0
STU_03145,BCA / MCA,2,8.89,CR002,94.15,19,4.24,75.7,8,4.7,5,88.5,24.0,2.08,95.15,1
STU_03146,B.S. Data Science,2,10.0,CR003,81.59,14,3.58,65.0,6,4.3,4,87.5,20.2,1.74,85.61,1
STU_03147,M.S. Computer Science,2,7.59,CR004,73.68,13,3.17,62.1,3,3.7,3,51.7,13.6,1.28,73.07,0
STU_03148,B.S. Data Science,2,8.2,CR001,72.27,12,2.52,62.0,2,2.7,1,55.9,15.9,1.06,64.56,0
STU_03149,B.S. Data Science,2,8.17,CR007,79.63,16,2.95,62.1,3,3.6,3,54.0,10.2,1.24,68.96,0
STU_03150,B.Tech Computer Science,3,5.43,CR003,88.63,14,3.74,80.7,6,3.9,2,81.1,20.9,1.55,85.65,1
STU_03151,B.S. Data Science,2,7.76,CR002,83.64,15,4.25,74.1,3,4.1,3,89.2,24.9,1.44,80.33,1
STU_03152,M.S. Computer Science,3,7.54,CR010,71.31,14,3.21,62.0,2,3.4,3,52.7,15.3,1.24,66.47,0
STU_03153,BCA / MCA,2,7.96,CR009,44.42,6,1.84,34.1,2,1.4,1,49.6,9.5,0.8,38.31,0
STU_03154,M.S. Computer Science,3,7.46,CR008,91.8,16,3.87,73.4,3,4.2,4,87.6,18.7,1.79,86.52,1
STU_03155,B.Tech Computer Science,2,6.58,CR004,92.42,25,4.03,88.2,5,4.1,2,81.6,18.2,1.48,84.04,1
STU_03156,M.S. Computer Science,2,7.13,CR006,57.15,15,2.27,50.9,3,3.5,3,68.9,8.6,1.2,57.5,0
STU_03157,BCA / MCA,2,6.45,CR008,72.32,13,2.96,59.0,4,3.2,3,71.7,10.5,1.26,71.42,0
STU_03158,M.S. Computer Science,2,8.82,CR007,59.59,14,2.19,46.4,3,3.2,3,61.2,11.9,1.05,61.49,0
STU_03159,BCA / MCA,2,9.12,CR007,47.11,8,1.85,37.1,2,2.5,0,30.4,8.1,0.83,37.95,0
STU_03160,M.S. Computer Science,3,7.75,CR005,74.1,21,3.29,69.3,6,4.5,5,76.4,22.6,1.33,79.18,1
STU_03161,M.S. Computer Science,2,8.93,CR005,93.1,22,4.35,100.0,8,4.5,3,90.4,26.8,1.88,94.78,1
STU_03162,B.S. Data Science,2,10.0,CR005,37.24,7,1.18,25.1,1,2.4,0,48.7,5.0,0.81,34.94,0
STU_03163,B.Tech Information Technology,2,8.6,CR002,75.64,7,2.84,60.3,2,3.0,2,65.2,17.0,1.14,64.87,0
STU_03164,M.S. Computer Science,3,8.46,CR007,76.45,20,3.28,70.1,4,2.5,1,68.3,14.4,1.08,69.7,0
STU_03165,B.Tech Computer Science,2,9.38,CR010,95.03,22,4.47,83.7,6,4.9,5,89.6,22.8,2.13,96.4,1
STU_03166,M.S. Computer Science,2,5.12,CR009,40.71,11,1.74,30.4,0,2.1,1,39.2,5.4,0.9,36.48,0
STU_03167,B.Tech Information Technology,3,9.36,CR007,61.17,10,2.65,48.1,4,2.8,2,54.5,14.1,1.01,56.73,0
STU_03168,M.S. Computer Science,2,5.9,CR007,29.77,14,1.67,35.5,0,2.2,0,39.2,5.3,0.98,29.44,0
STU_03169,B.S. Data Science,1,7.43,CR002,70.23,10,3.32,56.4,4,2.9,1,61.3,9.7,1.36,60.32,0
STU_03170,B.S. Data Science,2,7.05,CR010,74.23,19,2.93,74.3,2,3.0,1,67.8,14.7,1.02,67.44,0
STU_03171,BCA / MCA,2,7.99,CR004,53.33,16,2.02,40.3,2,1.3,1,34.2,6.9,0.97,40.91,0
STU_03172,B.Tech Computer Science,2,8.68,CR004,38.85,7,1.4,27.5,1,1.8,1,40.1,5.6,0.84,37.44,0
STU_03173,M.S. Computer Science,2,9.42,CR007,71.87,13,3.1,59.7,4,3.1,1,51.3,12.9,1.18,62.14,0
STU_03174,B.Tech Information Technology,2,7.97,CR005,79.91,19,4.04,73.1,6,4.3,3,89.3,14.7,1.41,82.45,1
STU_03175,B.S. Data Science,1,8.72,CR002,82.96,15,3.46,65.7,4,2.9,1,52.2,15.1,1.37,71.87,0
STU_03176,B.Tech Information Technology,2,7.93,CR005,42.43,11,2.21,37.2,2,1.5,1,40.8,6.8,0.97,34.92,0
STU_03177,B.Tech Electronics,3,7.9,CR008,88.96,23,3.7,83.5,6,4.5,2,75.5,24.0,1.41,82.45,1
STU_03178,M.S. Computer Science,1,8.29,CR005,66.1,11,2.79,53.1,4,3.7,3,69.3,14.6,1.1,65.99,0
STU_03179,BCA / MCA,1,6.8,CR009,97.25,24,5.0,100.0,5,4.9,6,89.4,27.4,1.62,96.66,1
STU_03180,B.Tech Electronics,3,7.63,CR003,35.49,11,1.8,27.4,0,1.9,1,29.2,5.6,0.67,28.75,0
STU_03181,B.S. Data Science,2,7.55,CR002,94.51,17,3.83,83.3,5,4.1,3,84.7,23.5,1.58,89.95,1
STU_03182,B.Tech Electronics,2,7.87,CR005,66.23,11,2.86,55.8,4,3.8,3,56.6,11.7,1.4,66.43,0
STU_03183,M.S. Computer Science,2,8.08,CR004,88.99,17,3.7,71.1,6,3.8,5,80.9,16.8,1.74,87.6,1
STU_03184,B.S. Data Science,3,8.61,CR007,81.95,22,3.36,69.2,4,3.4,1,73.7,8.7,1.29,70.57,0
STU_03185,B.S. Data Science,2,7.9,CR005,97.76,25,4.91,89.8,5,4.7,3,97.6,23.9,2.03,93.69,1
STU_03186,B.Tech Computer Science,2,7.11,CR010,81.91,20,4.47,82.0,3,4.5,5,88.6,18.2,1.42,82.07,1
STU_03187,B.S. Data Science,2,7.67,CR007,88.77,15,3.86,88.2,3,3.9,4,76.5,17.5,1.61,80.29,1
STU_03188,B.Tech Computer Science,1,6.35,CR002,80.54,12,2.98,69.0,4,2.5,1,68.8,10.8,1.15,68.69,0
STU_03189,B.Tech Information Technology,3,6.07,CR009,91.41,19,4.02,73.1,6,4.2,3,81.7,14.0,1.54,86.72,1
STU_03190,B.Tech Electronics,2,8.71,CR007,96.77,17,4.44,88.2,6,4.6,3,92.8,20.0,1.85,97.37,1
STU_03191,M.S. Computer Science,2,5.87,CR006,52.37,15,2.76,40.8,2,3.1,2,68.9,9.7,1.33,51.31,0
STU_03192,B.Tech Electronics,1,8.33,CR001,59.29,9,2.71,39.1,4,3.2,3,66.6,13.7,1.24,56.53,0
STU_03193,B.S. Data Science,3,7.17,CR005,61.83,14,2.06,54.5,4,3.2,2,71.5,13.6,1.32,62.18,0
STU_03194,B.Tech Information Technology,1,8.88,CR007,98.44,16,4.69,83.9,7,4.7,6,89.3,25.0,1.74,90.17,1
STU_03195,B.Tech Electronics,2,8.6,CR001,80.16,15,2.86,56.8,3,2.7,2,61.9,9.8,1.35,65.12,0
STU_03196,B.Tech Information Technology,1,8.22,CR005,61.3,8,2.37,41.8,3,2.8,2,59.6,8.1,1.3,57.26,0
STU_03197,B.Tech Electronics,2,7.58,CR001,88.33,12,3.19,52.6,3,3.1,2,61.3,16.3,1.28,74.78,0
STU_03198,B.Tech Information Technology,1,6.43,CR009,84.54,19,3.91,78.8,3,4.2,5,76.8,16.3,1.7,83.08,1
STU_03199,B.Tech Information Technology,2,6.79,CR006,64.9,12,2.4,57.7,3,2.6,2,68.3,11.0,1.12,60.25,0
STU_03200,B.Tech Information Technology,3,9.67,CR003,93.08,23,3.84,81.1,5,4.3,4,78.6,15.5,1.3,87.21,1
STU_03201,B.Tech Computer Science,1,9.48,CR006,72.32,13,3.03,68.6,3,3.4,1,63.6,9.3,1.38,66.87,0
STU_03202,B.Tech Computer Science,1,8.95,CR007,51.33,12,2.04,38.0,0,2.1,0,20.2,9.4,0.61,42.03,0
STU_03203,B.Tech Information Technology,1,8.33,CR003,98.09,21,4.7,91.1,8,4.7,6,97.4,23.4,1.99,98.78,1
STU_03204,B.Tech Electronics,2,8.78,CR008,54.8,13,2.21,48.2,2,3.5,2,66.6,17.5,1.36,50.32,0
STU_03205,M.S. Computer Science,1,9.99,CR001,55.24,13,1.96,28.6,0,1.4,1,45.2,8.4,0.74,42.55,0
STU_03206,BCA / MCA,3,8.04,CR002,69.0,6,2.87,47.2,4,3.5,2,56.7,16.3,1.09,61.54,0
STU_03207,M.S. Computer Science,3,8.8,CR007,96.42,22,4.87,98.2,5,4.9,3,93.2,30.6,1.7,96.58,1
STU_03208,B.Tech Computer Science,2,7.16,CR009,97.88,20,4.68,94.0,8,5.0,6,94.1,21.0,1.79,97.73,1
STU_03209,M.S. Computer Science,1,9.22,CR002,21.36,7,1.23,19.9,2,2.3,1,35.1,4.5,0.78,27.13,0
STU_03210,B.Tech Electronics,3,7.28,CR001,100.0,27,4.86,100.0,7,4.7,6,91.0,26.2,1.92,99.5,1
STU_03211,B.Tech Information Technology,3,6.94,CR007,84.42,17,3.66,77.8,4,4.3,5,80.0,17.8,1.62,85.89,1
STU_03212,B.Tech Computer Science,1,6.49,CR002,96.95,17,4.69,87.3,5,4.9,4,97.3,19.8,2.02,98.39,1
STU_03213,M.S. Computer Science,2,7.24,CR008,64.58,5,2.47,51.0,3,3.2,2,62.2,11.5,1.0,61.11,0
STU_03214,BCA / MCA,2,8.63,CR007,89.0,19,4.03,80.8,3,4.6,5,82.1,23.5,1.75,83.69,1
STU_03215,M.S. Computer Science,2,7.28,CR003,55.69,14,2.23,43.1,3,2.8,3,68.2,15.4,1.06,61.28,0
STU_03216,B.Tech Information Technology,2,8.54,CR002,82.86,20,3.54,68.4,4,3.9,4,82.0,14.8,1.44,84.59,1
STU_03217,B.S. Data Science,2,8.02,CR005,27.6,4,1.36,19.9,2,1.5,1,38.6,5.1,0.8,30.76,0
STU_03218,B.S. Data Science,2,8.56,CR006,56.42,14,2.69,41.1,3,3.2,2,67.0,11.2,1.1,54.79,0
STU_03219,BCA / MCA,1,7.98,CR004,91.02,19,3.9,86.2,3,4.2,2,81.2,15.5,1.75,77.23,1
STU_03220,B.Tech Information Technology,3,6.65,CR003,95.4,24,4.2,94.1,8,4.6,5,97.5,22.3,1.71,99.5,1
STU_03221,M.S. Computer Science,2,5.92,CR008,82.67,15,3.95,73.4,3,4.2,5,78.2,16.5,1.7,83.65,1
STU_03222,B.Tech Electronics,3,7.86,CR007,87.35,18,4.22,79.0,4,3.8,4,85.8,15.6,1.41,79.86,1
STU_03223,BCA / MCA,2,9.57,CR003,64.74,13,2.9,61.6,2,2.9,1,53.0,13.1,1.22,56.66,0
STU_03224,M.S. Computer Science,2,8.1,CR003,84.0,19,3.62,77.0,6,4.2,4,84.0,22.8,1.79,84.6,1
STU_03225,BCA / MCA,1,7.09,CR009,32.39,10,1.56,33.8,0,1.7,1,39.4,5.0,0.71,32.77,0
STU_03226,B.Tech Information Technology,3,8.55,CR005,63.33,5,2.96,54.0,4,3.7,1,50.6,17.0,1.36,60.86,0
STU_03227,B.Tech Computer Science,2,8.56,CR004,80.18,14,3.44,60.6,4,2.8,3,61.4,10.5,1.09,71.47,0
STU_03228,B.Tech Information Technology,2,7.27,CR004,59.08,11,2.5,44.5,2,3.2,2,69.8,8.4,1.16,57.89,0
STU_03229,B.Tech Computer Science,1,7.77,CR002,72.8,16,2.9,61.4,4,3.0,2,67.8,17.6,1.15,71.25,0
STU_03230,B.Tech Electronics,2,7.47,CR005,68.47,17,3.33,64.1,2,2.6,2,66.5,13.7,1.06,61.89,0
STU_03231,B.S. Data Science,3,7.99,CR005,77.3,13,3.84,65.7,4,2.9,2,64.6,10.3,1.35,65.57,0
STU_03232,B.S. Data Science,2,8.24,CR001,93.99,15,4.04,81.4,4,4.0,4,83.7,14.0,1.67,85.32,1
STU_03233,BCA / MCA,1,9.33,CR010,54.72,9,2.05,43.9,3,3.7,3,57.9,16.0,1.14,56.43,0
STU_03234,M.S. Computer Science,1,8.26,CR006,39.52,6,1.7,29.2,2,2.4,0,44.3,8.4,0.73,33.1,0
STU_03235,B.Tech Information Technology,2,7.1,CR009,54.34,10,2.09,48.1,3,3.7,3,71.5,12.3,1.1,58.03,0
STU_03236,BCA / MCA,2,7.16,CR010,69.14,14,2.9,63.9,3,2.6,3,66.2,17.9,1.02,65.92,0
STU_03237,M.S. Computer Science,2,8.75,CR003,84.65,19,3.76,73.7,3,4.1,4,86.8,24.2,1.52,84.63,1
STU_03238,B.S. Data Science,2,8.58,CR003,90.95,18,3.75,72.7,3,3.8,4,85.5,24.3,1.69,84.68,1
STU_03239,B.Tech Electronics,2,8.57,CR005,71.66,19,2.86,66.1,2,3.3,1,66.2,17.8,1.01,59.24,0
STU_03240,BCA / MCA,3,6.84,CR009,96.13,20,3.65,85.0,6,4.4,4,81.3,14.5,1.57,92.24,1
STU_03241,B.Tech Information Technology,2,5.94,CR004,82.08,16,3.67,69.1,4,4.4,5,85.0,18.0,1.38,83.25,1
STU_03242,B.Tech Information Technology,2,8.71,CR004,78.22,11,2.91,58.5,2,3.1,1,69.4,16.8,1.29,68.3,0
STU_03243,B.Tech Computer Science,3,7.56,CR009,78.12,16,2.94,71.6,3,3.3,1,55.6,13.7,1.12,68.35,0
STU_03244,M.S. Computer Science,2,8.62,CR003,66.62,17,3.19,57.9,4,3.3,1,70.8,8.1,1.34,62.06,0
STU_03245,BCA / MCA,2,7.39,CR004,41.54,13,1.47,30.5,0,2.2,0,44.9,4.5,0.63,31.24,0
STU_03246,B.Tech Computer Science,1,7.69,CR004,31.53,9,1.27,22.5,0,2.4,0,24.5,5.6,0.66,27.36,0
STU_03247,B.Tech Computer Science,2,7.67,CR007,61.02,13,2.49,43.5,3,3.5,1,69.7,11.0,1.09,57.5,0
STU_03248,B.Tech Computer Science,3,8.34,CR009,86.93,15,3.82,67.7,6,4.6,5,86.6,15.6,1.71,85.28,1
STU_03249,B.Tech Computer Science,1,7.73,CR002,91.39,18,3.82,87.4,4,4.5,4,82.8,21.7,1.69,86.11,1
STU_03250,B.Tech Electronics,3,6.4,CR005,34.51,14,1.64,31.1,2,1.5,0,23.7,5.7,0.82,29.82,0
STU_03251,M.S. Computer Science,2,6.93,CR006,71.44,20,3.53,71.0,4,3.3,1,63.7,16.4,1.11,65.46,0
STU_03252,M.S. Computer Science,2,10.0,CR001,97.79,14,4.25,75.4,5,3.9,5,89.4,17.2,1.39,92.99,1
STU_03253,M.S. Computer Science,2,7.62,CR004,62.95,11,2.28,44.5,3,3.3,3,61.8,15.1,1.03,57.93,0
STU_03254,B.S. Data Science,3,8.18,CR002,29.39,2,1.34,25.7,0,1.0,0,22.2,8.3,0.61,24.23,0
STU_03255,B.Tech Electronics,3,9.04,CR007,99.29,20,4.68,100.0,5,4.9,5,95.9,31.7,1.85,95.49,1
STU_03256,B.S. Data Science,3,8.23,CR010,50.23,12,2.58,56.4,2,3.0,2,55.1,11.2,1.11,54.81,0
STU_03257,B.Tech Computer Science,3,6.68,CR001,86.28,14,3.0,65.3,4,3.4,2,52.1,17.0,1.31,69.57,0
STU_03258,B.Tech Electronics,2,9.71,CR002,41.99,9,1.59,27.6,2,2.0,1,46.7,6.7,0.82,42.27,0
STU_03259,B.S. Data Science,2,7.88,CR002,83.73,19,3.07,70.5,4,4.5,4,77.8,20.3,1.6,86.45,1
STU_03260,B.Tech Computer Science,3,5.92,CR009,72.89,16,2.7,59.0,3,2.9,3,64.1,16.1,1.38,71.68,0
STU_03261,M.S. Computer Science,2,6.61,CR010,59.66,18,2.92,59.5,4,3.7,3,61.9,14.7,1.11,62.21,0
STU_03262,B.Tech Computer Science,2,8.77,CR009,89.96,20,3.6,81.8,6,3.9,5,79.5,14.4,1.69,87.19,1
STU_03263,M.S. Computer Science,2,8.11,CR009,46.46,11,1.56,38.2,2,1.3,1,46.0,4.3,0.75,42.55,0
STU_03264,B.Tech Information Technology,2,7.76,CR008,87.81,22,3.93,81.7,4,4.4,5,81.3,19.9,1.42,88.51,1
STU_03265,M.S. Computer Science,2,8.3,CR010,29.33,14,1.25,33.5,2,1.5,1,30.7,4.6,0.88,27.99,0
STU_03266,M.S. Computer Science,1,7.97,CR001,87.22,13,3.09,59.0,4,3.2,2,72.0,9.1,1.24,76.92,1
STU_03267,B.Tech Information Technology,2,9.66,CR002,83.9,21,3.76,64.4,3,3.7,1,72.9,17.1,1.1,70.9,0
STU_03268,BCA / MCA,2,9.83,CR003,28.78,10,1.0,27.6,0,1.4,0,48.3,9.6,0.86,28.43,0
STU_03269,B.Tech Electronics,3,7.77,CR006,68.86,18,3.12,65.8,4,3.8,3,53.2,14.5,1.0,68.46,0
STU_03270,M.S. Computer Science,2,6.69,CR003,68.69,13,3.31,63.6,3,3.7,1,74.3,14.9,1.31,64.59,0
STU_03271,M.S. Computer Science,3,8.13,CR010,61.52,7,2.54,43.3,2,3.8,1,51.2,10.3,1.21,51.6,0
STU_03272,B.Tech Electronics,2,8.19,CR009,73.7,18,2.76,66.1,2,3.7,2,70.8,16.9,1.37,68.34,0
STU_03273,B.Tech Electronics,2,8.18,CR002,85.29,21,4.07,73.4,4,4.4,5,82.5,22.9,1.35,83.94,1
STU_03274,B.S. Data Science,2,6.3,CR003,89.62,21,3.68,77.2,3,4.5,3,89.7,16.7,1.37,84.3,1
STU_03275,B.S. Data Science,1,7.31,CR010,64.46,10,2.58,58.0,2,3.6,2,60.0,14.6,1.18,59.79,0
STU_03276,B.S. Data Science,1,8.26,CR003,69.17,11,2.24,55.2,3,2.6,2,61.1,14.5,1.12,61.95,0
STU_03277,M.S. Computer Science,2,7.31,CR008,25.82,9,1.48,23.9,2,1.3,1,47.7,5.0,0.77,32.15,0
STU_03278,BCA / MCA,3,5.94,CR005,97.3,24,4.21,98.7,5,4.8,5,91.9,21.5,2.16,99.5,1
STU_03279,BCA / MCA,2,9.69,CR008,92.1,13,3.68,79.7,3,3.9,4,88.3,20.9,1.75,93.62,1
STU_03280,B.Tech Electronics,3,6.22,CR003,55.41,2,1.64,32.2,2,1.3,0,26.3,8.0,0.95,40.67,0
STU_03281,B.Tech Information Technology,3,6.83,CR006,57.86,13,2.58,50.0,2,2.6,3,68.8,8.7,1.06,62.72,0
STU_03282,M.S. Computer Science,1,7.98,CR001,53.31,10,1.98,28.1,1,1.9,0,47.3,5.3,0.93,43.22,0
STU_03283,BCA / MCA,3,7.88,CR007,68.79,16,3.11,62.2,2,2.9,2,57.5,17.8,1.16,65.29,0
STU_03284,B.Tech Information Technology,2,6.74,CR003,67.54,18,2.84,62.2,3,2.6,1,59.0,8.9,1.12,57.06,0
STU_03285,M.S. Computer Science,1,8.88,CR009,78.52,18,3.58,72.6,4,3.3,2,53.2,14.8,1.07,71.22,0
STU_03286,B.Tech Computer Science,1,6.68,CR008,77.21,14,3.18,51.4,4,3.4,1,52.3,14.9,1.38,70.71,0
STU_03287,B.Tech Information Technology,2,7.79,CR008,50.36,11,1.63,44.3,0,2.1,1,36.4,8.0,0.99,44.91,0
STU_03288,B.Tech Computer Science,2,8.67,CR009,99.28,19,4.96,89.3,7,4.9,3,97.1,22.7,1.65,95.73,1
STU_03289,B.Tech Electronics,1,9.16,CR006,96.34,25,5.0,100.0,5,4.8,3,92.5,20.5,2.07,94.97,1
STU_03290,B.Tech Computer Science,2,7.18,CR001,75.78,12,3.25,57.1,3,3.0,1,67.8,14.7,1.18,62.27,0
STU_03291,BCA / MCA,1,8.51,CR003,57.31,13,2.51,40.9,4,3.7,1,57.6,13.9,1.01,53.21,0
STU_03292,BCA / MCA,2,7.8,CR008,38.28,4,1.7,31.6,2,1.9,0,39.6,8.1,0.9,36.08,0
STU_03293,B.Tech Information Technology,1,8.03,CR008,41.18,8,1.81,35.9,1,1.4,1,39.8,9.9,0.88,37.73,0
STU_03294,BCA / MCA,1,8.39,CR008,58.54,12,2.25,44.6,4,3.0,3,61.0,10.8,1.22,60.61,0
STU_03295,B.Tech Computer Science,3,9.31,CR010,80.8,22,3.51,75.2,5,4.1,4,83.5,14.9,1.68,83.06,1
STU_03296,B.Tech Information Technology,3,7.38,CR003,78.05,12,3.19,78.8,6,4.0,5,76.7,14.2,1.7,86.86,1
STU_03297,M.S. Computer Science,2,8.12,CR004,90.12,19,3.74,63.4,6,4.4,4,84.9,17.0,1.74,89.26,1
STU_03298,B.Tech Information Technology,2,8.09,CR005,96.8,24,4.94,90.9,5,4.4,6,91.0,19.4,2.12,94.22,1
STU_03299,BCA / MCA,1,9.74,CR010,88.27,18,4.29,82.3,4,4.3,5,85.2,20.8,1.75,94.52,1
STU_03300,B.Tech Information Technology,3,8.38,CR009,25.48,6,1.0,19.0,2,1.1,0,25.0,6.7,0.92,26.83,0
STU_03301,B.Tech Computer Science,2,7.19,CR001,54.49,8,1.86,36.0,2,2.5,1,46.9,4.3,0.66,45.65,0
STU_03302,B.Tech Information Technology,2,10.0,CR002,67.42,11,2.78,60.2,3,2.6,1,62.6,14.7,1.19,62.9,0
STU_03303,BCA / MCA,2,7.33,CR005,67.89,20,2.99,53.3,2,3.5,2,63.1,9.6,1.15,59.44,0
STU_03304,B.Tech Information Technology,2,9.09,CR001,57.34,11,2.07,38.4,3,2.6,3,65.8,10.0,1.18,59.02,0
STU_03305,B.Tech Electronics,1,9.94,CR007,85.7,12,3.22,64.8,4,3.3,3,62.2,8.7,1.39,74.16,0
STU_03306,B.Tech Information Technology,3,7.28,CR005,89.18,20,4.11,79.1,4,4.4,4,84.2,24.3,1.39,90.91,1
STU_03307,B.Tech Information Technology,2,5.93,CR004,78.24,14,2.93,62.6,4,3.7,2,73.8,12.9,1.08,72.59,0
STU_03308,B.Tech Electronics,3,7.42,CR009,36.0,9,1.61,34.0,1,1.6,0,46.3,8.4,0.65,29.79,0
STU_03309,B.Tech Electronics,3,7.28,CR005,86.67,17,3.38,81.5,6,3.8,4,82.6,17.1,1.46,85.76,1
STU_03310,B.Tech Electronics,2,8.31,CR006,29.01,13,1.0,20.4,1,1.7,0,24.7,4.9,0.87,24.29,0
STU_03311,B.Tech Information Technology,2,7.11,CR001,69.88,8,2.35,54.9,4,2.8,2,52.5,11.2,1.05,60.29,0
STU_03312,B.S. Data Science,1,7.44,CR008,82.48,18,3.18,62.1,3,3.4,3,70.4,8.0,1.14,76.0,1
STU_03313,B.Tech Computer Science,2,7.04,CR010,33.97,11,1.75,37.5,0,1.7,0,30.1,4.9,0.99,31.64,0
STU_03314,B.Tech Computer Science,3,7.63,CR008,78.98,15,3.33,73.3,6,3.9,2,83.8,16.2,1.44,81.09,1
STU_03315,M.S. Computer Science,3,7.38,CR001,40.13,6,1.63,30.0,1,1.5,1,46.0,5.0,0.93,35.33,0
STU_03316,BCA / MCA,2,8.7,CR003,33.73,8,1.25,30.3,0,2.2,1,25.9,6.8,0.86,30.35,0
STU_03317,BCA / MCA,2,6.9,CR004,50.66,7,2.22,38.2,3,3.7,3,66.3,8.7,1.36,54.99,0
STU_03318,B.Tech Computer Science,2,8.85,CR001,87.5,15,3.75,61.8,4,4.1,3,81.0,17.1,1.45,80.55,1
STU_03319,B.Tech Electronics,3,8.63,CR010,68.32,16,3.42,61.3,2,2.7,1,53.2,17.5,1.29,58.27,0
STU_03320,B.Tech Information Technology,3,5.0,CR001,53.4,14,2.31,42.3,0,1.9,1,21.9,6.7,0.72,39.34,0
STU_03321,B.Tech Information Technology,3,9.54,CR003,95.91,22,4.64,99.2,7,4.6,5,96.4,31.4,1.77,99.5,1
STU_03322,B.Tech Electronics,2,8.64,CR010,76.79,12,3.04,66.1,3,2.6,2,67.9,11.6,1.33,65.84,0
STU_03323,B.Tech Computer Science,3,7.97,CR008,52.91,8,2.38,34.0,1,1.5,0,34.7,4.9,0.89,38.53,0
STU_03324,B.Tech Information Technology,2,7.52,CR009,31.11,9,1.24,32.6,1,1.2,1,40.7,9.5,0.67,34.54,0
STU_03325,BCA / MCA,1,7.13,CR004,92.77,18,4.02,79.1,3,4.3,2,83.3,18.1,1.67,85.33,1
STU_03326,B.Tech Computer Science,3,7.98,CR005,93.84,26,4.42,99.9,6,4.9,5,90.9,26.5,2.05,94.35,1
STU_03327,BCA / MCA,1,5.65,CR010,52.33,8,2.17,43.6,1,2.3,1,25.4,8.2,0.9,43.56,0
STU_03328,B.Tech Information Technology,3,8.49,CR004,68.97,16,2.75,60.3,4,2.7,3,73.8,14.3,1.04,69.14,0
STU_03329,BCA / MCA,3,7.48,CR005,37.17,11,1.77,34.2,2,2.3,1,27.5,7.6,1.0,31.48,0
STU_03330,BCA / MCA,2,8.08,CR002,94.09,19,3.96,76.3,7,4.4,4,88.8,26.1,1.83,87.23,1
STU_03331,M.S. Computer Science,2,7.31,CR004,93.35,17,4.49,88.4,7,4.6,4,93.0,18.3,1.66,88.41,1
STU_03332,B.Tech Computer Science,2,8.48,CR002,33.29,10,1.7,30.9,1,1.5,1,39.9,6.2,0.88,30.97,0
STU_03333,M.S. Computer Science,3,8.03,CR001,80.9,15,3.14,60.7,3,2.9,3,52.7,17.9,1.07,68.34,0
STU_03334,B.Tech Electronics,3,9.12,CR009,40.16,11,1.78,41.0,2,1.3,1,27.3,8.2,0.87,38.44,0
STU_03335,BCA / MCA,2,7.25,CR005,32.03,8,1.19,27.3,2,2.3,0,32.7,4.3,0.93,30.48,0
STU_03336,B.Tech Electronics,2,6.68,CR003,90.22,17,4.17,79.1,4,4.0,3,78.5,17.5,1.71,84.46,1
STU_03337,M.S. Computer Science,3,7.68,CR005,74.46,12,2.79,55.8,3,2.5,1,74.2,12.9,1.32,68.02,0
STU_03338,B.Tech Computer Science,1,7.79,CR008,71.81,16,2.88,50.1,2,2.6,2,71.7,15.9,1.12,63.78,0
STU_03339,B.S. Data Science,1,7.96,CR003,68.03,12,2.33,48.6,2,3.2,1,73.8,8.7,1.37,57.22,0
STU_03340,B.Tech Electronics,2,7.75,CR007,58.56,15,2.69,41.6,2,3.8,2,67.9,12.5,1.34,58.23,0
STU_03341,B.Tech Information Technology,2,7.52,CR008,58.4,9,1.88,51.6,2,2.5,3,65.0,12.8,1.19,58.7,0
STU_03342,B.Tech Computer Science,2,5.62,CR010,85.51,17,3.77,87.8,4,4.0,3,80.7,21.8,1.49,87.2,1
STU_03343,B.Tech Information Technology,2,7.35,CR002,30.73,4,1.0,27.0,2,2.3,0,49.5,5.7,0.79,32.62,0
STU_03344,M.S. Computer Science,1,5.9,CR007,94.77,25,4.17,84.5,3,4.0,4,89.9,15.0,1.77,91.1,1
STU_03345,B.Tech Information Technology,1,6.49,CR009,68.23,16,2.12,57.0,3,2.8,3,55.7,8.2,1.33,63.03,0
STU_03346,B.S. Data Science,2,9.5,CR003,86.36,14,3.86,77.1,3,3.9,2,87.7,24.8,1.65,82.15,1
STU_03347,B.Tech Electronics,2,8.35,CR004,93.86,15,3.78,73.5,3,3.9,4,80.5,14.0,1.6,87.07,1
STU_03348,BCA / MCA,2,5.59,CR008,78.17,21,3.07,63.6,4,3.7,3,70.6,12.0,1.07,74.98,0
STU_03349,M.S. Computer Science,2,8.28,CR010,75.86,21,3.39,68.4,3,4.0,3,89.5,23.7,1.41,74.58,0
STU_03350,M.S. Computer Science,3,9.01,CR007,60.53,6,2.42,45.8,3,3.4,1,61.0,10.0,1.31,60.16,0
STU_03351,B.Tech Information Technology,3,9.85,CR004,59.1,15,2.31,41.1,2,3.0,1,63.0,8.8,1.24,50.86,0
STU_03352,BCA / MCA,1,7.32,CR006,58.4,14,2.29,61.0,2,3.3,1,54.9,14.4,1.09,60.0,0
STU_03353,B.S. Data Science,2,8.96,CR008,87.17,17,3.85,76.3,4,4.2,2,78.8,22.5,1.67,78.67,1
STU_03354,B.Tech Electronics,1,7.5,CR006,83.13,15,3.18,80.9,4,4.2,2,84.7,20.0,1.72,74.74,0
STU_03355,B.Tech Information Technology,1,7.53,CR003,22.78,4,1.25,21.9,2,1.3,0,22.6,5.1,0.6,20.36,0
STU_03356,B.Tech Computer Science,2,7.13,CR009,85.43,14,3.79,85.4,6,4.2,2,78.3,16.5,1.64,85.91,1
STU_03357,BCA / MCA,2,8.87,CR002,62.31,16,2.38,58.5,2,3.0,3,68.8,11.8,1.06,59.75,0
STU_03358,B.Tech Electronics,2,6.87,CR006,61.11,12,3.1,58.8,4,2.8,1,60.0,8.7,1.4,55.95,0
STU_03359,BCA / MCA,2,7.71,CR006,67.25,12,2.52,49.0,3,3.8,3,52.2,15.5,1.39,62.4,0
STU_03360,B.Tech Electronics,1,9.11,CR002,71.21,12,3.04,50.4,4,3.2,1,64.8,11.3,1.22,61.71,0
STU_03361,BCA / MCA,1,8.71,CR006,94.34,22,4.2,82.4,8,4.5,4,89.5,26.8,1.82,96.76,1
STU_03362,B.Tech Computer Science,2,9.63,CR007,77.98,14,3.05,62.8,2,2.7,3,62.9,17.3,1.38,68.62,0
STU_03363,M.S. Computer Science,2,8.64,CR003,90.43,21,3.97,85.5,5,4.3,4,83.2,16.9,1.4,91.63,1
STU_03364,B.S. Data Science,3,8.56,CR002,98.12,18,4.8,87.9,6,4.6,4,93.7,21.5,1.81,96.34,1
STU_03365,BCA / MCA,3,7.41,CR003,51.21,10,1.56,41.5,0,2.1,0,37.0,4.4,0.94,46.87,0
STU_03366,M.S. Computer Science,2,8.01,CR003,69.35,17,2.88,69.0,2,3.0,1,73.2,8.7,1.39,58.06,0
STU_03367,BCA / MCA,3,7.44,CR001,66.81,8,2.62,41.6,3,2.9,2,63.7,12.1,1.28,59.81,0
STU_03368,B.Tech Electronics,3,9.94,CR004,88.68,16,3.68,68.6,3,3.9,2,87.0,21.2,1.64,78.73,1
STU_03369,B.Tech Electronics,3,6.44,CR006,65.34,18,2.49,49.0,4,2.5,1,50.5,13.1,1.21,60.1,0
STU_03370,BCA / MCA,1,8.12,CR003,85.2,16,3.67,72.4,3,4.2,3,78.0,14.9,1.53,79.95,1
STU_03371,B.Tech Computer Science,2,9.18,CR001,65.47,16,2.37,47.8,4,2.7,3,69.2,13.1,1.05,63.26,0
STU_03372,B.Tech Information Technology,2,9.23,CR003,42.39,8,1.62,30.5,1,1.4,1,26.2,9.5,0.81,33.2,0
STU_03373,B.S. Data Science,3,6.46,CR003,91.04,23,4.54,77.1,3,3.9,3,76.6,22.0,1.39,86.69,1
STU_03374,B.S. Data Science,3,8.37,CR001,89.37,15,3.25,67.9,4,4.3,2,86.8,14.6,1.42,81.24,1
STU_03375,B.Tech Electronics,2,6.69,CR001,83.55,14,3.32,67.2,3,3.5,1,54.4,13.9,1.32,69.43,0
STU_03376,B.Tech Computer Science,2,7.19,CR001,59.18,13,2.29,43.5,4,2.6,1,53.9,8.3,1.3,51.7,0
STU_03377,B.Tech Electronics,2,10.0,CR006,64.97,10,2.88,56.9,4,3.1,1,56.6,17.6,1.34,63.01,0
STU_03378,M.S. Computer Science,2,7.3,CR003,91.58,20,4.04,78.7,3,4.5,3,86.9,16.9,1.68,86.32,1
STU_03379,M.S. Computer Science,1,6.78,CR002,87.62,18,3.38,67.3,3,3.7,3,59.6,16.7,1.08,75.45,1
STU_03380,B.Tech Computer Science,3,6.37,CR003,58.06,13,2.88,53.4,4,3.2,1,71.5,14.8,1.01,58.38,0
STU_03381,B.Tech Computer Science,3,8.78,CR001,65.32,7,2.25,53.1,4,2.6,3,69.6,14.5,1.23,65.73,0
STU_03382,B.S. Data Science,1,7.15,CR007,68.24,16,2.62,69.1,2,3.4,3,70.7,15.5,1.17,63.6,0
STU_03383,B.Tech Computer Science,3,7.79,CR004,93.42,20,4.62,93.9,8,4.7,6,97.6,19.8,1.86,95.86,1
STU_03384,B.Tech Computer Science,2,7.54,CR006,79.35,8,3.23,63.7,3,3.8,2,61.4,15.2,1.01,66.01,0
STU_03385,B.Tech Electronics,2,8.65,CR001,74.31,14,2.96,53.8,4,2.9,2,61.4,16.7,1.16,69.38,0
STU_03386,B.Tech Information Technology,1,9.1,CR009,93.79,16,4.08,78.4,5,4.3,4,75.7,14.2,1.69,91.24,1
STU_03387,B.Tech Computer Science,2,9.1,CR005,87.42,19,4.05,72.0,5,4.3,4,89.5,17.5,1.7,89.06,1
STU_03388,BCA / MCA,1,7.65,CR007,74.44,21,2.96,49.9,2,3.4,3,63.1,12.9,1.03,65.43,0
STU_03389,B.S. Data Science,2,8.09,CR004,87.09,17,3.96,78.3,6,4.5,4,84.2,21.5,1.33,88.19,1
STU_03390,B.Tech Computer Science,2,7.08,CR010,61.5,16,2.27,56.4,3,2.6,1,57.0,16.3,1.01,55.96,0
STU_03391,B.Tech Information Technology,3,9.07,CR007,29.69,4,1.34,26.2,0,2.2,0,46.8,9.7,0.86,30.05,0
STU_03392,B.S. Data Science,3,8.43,CR005,26.23,6,1.37,23.6,1,2.0,0,21.2,9.0,0.77,27.56,0
STU_03393,BCA / MCA,2,8.65,CR009,94.1,14,3.88,77.8,5,4.0,3,81.7,14.8,1.56,84.94,1
STU_03394,B.Tech Computer Science,2,6.72,CR009,66.48,13,2.46,64.1,2,2.7,3,71.3,15.6,1.01,60.46,0
STU_03395,BCA / MCA,2,7.95,CR010,89.31,13,4.23,84.9,5,4.7,6,90.7,22.4,2.04,92.65,1
STU_03396,B.Tech Information Technology,2,7.17,CR005,94.52,21,4.8,80.2,5,4.6,6,95.6,24.4,1.64,93.14,1
STU_03397,B.S. Data Science,2,7.68,CR009,73.09,15,3.22,58.4,2,3.7,1,61.2,9.3,1.17,60.58,0
STU_03398,BCA / MCA,3,7.5,CR005,88.62,21,4.6,86.7,6,4.8,5,92.5,25.0,2.19,93.36,1
STU_03399,BCA / MCA,1,6.44,CR009,29.62,12,1.77,24.2,0,1.5,1,36.5,7.3,0.68,27.55,0
STU_03400,B.Tech Information Technology,3,8.77,CR001,94.12,17,3.81,70.6,4,4.2,2,77.2,15.1,1.51,84.29,1
STU_03401,B.Tech Computer Science,3,8.33,CR006,87.69,18,4.45,86.9,6,4.3,5,83.0,20.3,1.74,92.97,1
STU_03402,B.Tech Computer Science,2,9.07,CR005,56.79,10,2.42,44.5,3,3.7,3,61.8,13.4,1.21,58.72,0
STU_03403,B.Tech Electronics,3,8.27,CR010,81.67,16,3.7,78.1,6,3.9,4,83.1,24.6,1.42,86.35,1
STU_03404,B.Tech Electronics,2,8.22,CR005,86.47,17,3.48,72.2,5,4.1,3,84.8,22.6,1.61,87.6,1
STU_03405,B.S. Data Science,3,7.46,CR007,66.35,8,2.75,53.7,3,3.1,2,64.0,15.7,1.24,60.33,0
STU_03406,B.Tech Electronics,2,7.74,CR010,82.53,20,3.58,74.6,6,4.5,2,78.9,16.3,1.74,78.36,1
STU_03407,B.Tech Electronics,2,7.43,CR005,43.21,6,2.22,41.3,0,1.5,1,32.1,7.8,0.89,29.28,0
STU_03408,B.S. Data Science,2,7.22,CR009,91.93,17,3.82,82.1,3,4.2,4,85.6,23.0,1.59,84.95,1
STU_03409,M.S. Computer Science,3,7.38,CR005,68.79,16,2.82,57.1,3,3.2,1,50.7,16.3,1.38,60.82,0
STU_03410,B.Tech Electronics,2,8.26,CR006,89.82,23,3.47,70.8,5,4.5,5,77.3,20.3,1.58,89.54,1
STU_03411,B.Tech Electronics,2,7.62,CR008,49.42,7,1.68,35.2,0,1.5,0,42.2,7.9,0.94,40.23,0
STU_03412,B.Tech Electronics,3,7.82,CR005,32.53,5,1.29,30.2,1,1.8,0,24.7,6.7,0.61,30.18,0
STU_03413,B.S. Data Science,1,6.31,CR002,99.87,20,4.92,95.7,7,4.5,3,90.6,24.7,2.19,99.5,1
STU_03414,BCA / MCA,3,8.83,CR009,77.66,16,3.12,62.8,2,3.0,1,59.7,14.1,1.15,63.14,0
STU_03415,B.Tech Electronics,3,8.31,CR005,91.18,20,3.99,80.8,5,4.3,3,85.1,23.6,1.57,88.97,1
STU_03416,BCA / MCA,3,7.03,CR008,77.85,17,2.72,65.4,2,3.5,3,64.2,14.8,1.19,74.8,0
STU_03417,B.Tech Electronics,2,5.71,CR001,52.72,8,2.18,28.4,2,1.3,0,48.1,6.5,0.85,39.22,0
STU_03418,B.Tech Electronics,3,9.2,CR006,89.99,24,4.78,97.3,6,4.4,3,93.1,31.4,1.67,93.47,1
STU_03419,B.Tech Computer Science,2,8.36,CR009,68.47,14,3.15,53.5,4,3.4,2,67.3,13.3,1.01,64.27,0
STU_03420,B.S. Data Science,1,6.9,CR006,87.86,25,4.27,83.9,5,3.9,3,75.0,19.9,1.33,89.07,1
STU_03421,B.Tech Electronics,3,7.51,CR009,94.52,19,3.98,72.7,5,4.6,4,86.9,23.6,1.39,91.05,1
STU_03422,BCA / MCA,2,9.74,CR008,27.19,8,1.06,24.1,1,1.2,0,20.7,8.5,0.68,23.14,0
STU_03423,BCA / MCA,3,8.15,CR001,97.3,20,4.01,92.4,6,4.3,4,80.3,16.6,1.7,99.24,1
STU_03424,BCA / MCA,3,10.0,CR004,97.67,19,4.92,99.4,8,4.6,6,91.6,25.8,2.19,96.97,1
STU_03425,B.Tech Information Technology,2,6.88,CR007,88.06,20,3.32,69.9,6,4.0,3,83.7,16.9,1.54,82.64,1
STU_03426,B.Tech Information Technology,2,8.36,CR002,53.47,10,2.07,45.2,2,3.0,3,69.8,12.9,1.28,58.29,0
STU_03427,B.Tech Computer Science,3,8.22,CR006,85.99,18,3.77,77.7,6,4.5,2,77.3,14.9,1.71,80.0,1
STU_03428,B.Tech Computer Science,3,6.48,CR006,73.06,15,2.6,56.1,4,3.7,3,68.2,8.7,1.13,74.15,0
STU_03429,B.Tech Computer Science,1,8.34,CR003,70.95,18,2.68,63.6,4,3.2,1,64.0,12.7,1.35,69.36,0
STU_03430,BCA / MCA,1,9.45,CR005,46.63,11,2.13,34.7,1,2.4,0,49.3,5.3,0.86,36.66,0
STU_03431,B.Tech Computer Science,2,7.54,CR010,64.66,16,2.81,63.9,4,3.2,3,52.5,16.2,1.33,66.6,0
STU_03432,B.Tech Computer Science,3,7.44,CR004,81.22,17,3.57,80.1,3,4.3,5,86.2,23.0,1.79,80.54,1
STU_03433,B.Tech Information Technology,3,7.11,CR004,27.52,2,1.09,15.8,1,1.8,1,41.8,8.2,0.9,28.04,0
STU_03434,B.S. Data Science,3,8.81,CR009,91.17,14,3.62,74.5,4,4.5,2,83.3,20.2,1.56,85.24,1
STU_03435,M.S. Computer Science,2,7.91,CR010,82.0,9,3.34,58.1,6,3.9,3,89.7,14.3,1.62,79.65,1
STU_03436,B.S. Data Science,1,8.56,CR006,94.19,16,4.37,89.7,7,4.7,4,96.7,20.9,1.91,91.74,1
STU_03437,B.Tech Information Technology,1,7.29,CR003,54.9,15,1.77,45.9,3,3.6,1,64.6,8.3,1.09,57.26,0
STU_03438,BCA / MCA,2,8.28,CR009,72.21,21,3.05,59.0,2,3.1,1,56.6,14.2,1.33,60.94,0
STU_03439,B.S. Data Science,2,6.84,CR008,88.73,16,3.98,76.4,4,4.2,4,80.0,24.1,1.71,93.04,1
STU_03440,B.Tech Information Technology,1,9.66,CR007,68.65,18,2.74,51.1,4,3.1,2,65.8,11.0,1.37,64.83,0
STU_03441,B.Tech Computer Science,2,7.81,CR002,97.06,18,4.21,81.0,8,4.4,3,89.1,29.6,2.02,94.12,1
STU_03442,M.S. Computer Science,1,7.64,CR010,75.22,18,3.51,64.2,2,3.0,3,71.7,9.1,1.2,65.07,0
STU_03443,B.Tech Information Technology,3,9.63,CR004,65.79,11,2.8,61.4,2,2.9,1,60.4,17.7,1.02,58.29,0
STU_03444,B.Tech Electronics,1,10.0,CR007,32.23,6,1.13,23.5,2,1.5,0,23.9,6.0,0.97,25.34,0
STU_03445,M.S. Computer Science,2,7.62,CR003,88.92,16,3.95,79.0,6,4.3,5,87.0,21.6,1.67,89.26,1
STU_03446,BCA / MCA,3,7.21,CR009,88.05,20,3.68,71.5,6,4.2,5,82.7,23.2,1.6,89.9,1
STU_03447,B.Tech Information Technology,2,8.05,CR005,24.55,9,1.0,19.1,0,2.0,0,31.3,5.9,0.67,17.26,0
STU_03448,BCA / MCA,3,6.61,CR003,97.66,27,4.33,94.8,5,4.6,3,97.6,21.5,1.62,99.03,1
STU_03449,M.S. Computer Science,2,6.58,CR003,67.75,15,3.27,65.8,4,2.5,3,55.2,17.2,1.24,64.35,0
STU_03450,M.S. Computer Science,1,6.09,CR003,31.42,5,1.18,26.7,1,1.9,1,45.2,7.8,0.79,31.27,0
STU_03451,B.Tech Computer Science,2,8.03,CR010,89.8,19,4.69,85.0,7,4.4,4,89.4,18.6,2.07,91.09,1
STU_03452,B.S. Data Science,2,6.82,CR007,29.32,8,1.09,16.0,2,1.4,1,39.4,5.8,0.66,31.95,0
STU_03453,B.Tech Information Technology,1,8.89,CR002,74.75,22,2.95,65.5,3,3.2,2,57.1,16.6,1.17,68.4,0
STU_03454,BCA / MCA,3,5.94,CR005,55.56,13,2.3,40.9,0,1.2,0,29.4,9.4,0.98,38.63,0
STU_03455,B.Tech Electronics,2,7.8,CR004,81.86,17,3.83,66.1,5,4.5,2,83.2,19.0,1.74,77.4,1
STU_03456,BCA / MCA,2,7.52,CR003,19.65,7,1.07,24.3,2,1.4,0,42.7,8.0,0.64,29.26,0
STU_03457,B.Tech Information Technology,3,7.84,CR003,75.59,13,3.14,71.8,2,3.6,3,53.6,17.7,1.09,71.47,0
STU_03458,B.S. Data Science,2,7.52,CR004,55.79,19,2.33,48.6,4,3.6,2,51.9,16.4,1.22,54.96,0
STU_03459,BCA / MCA,2,8.44,CR002,54.04,11,2.06,42.9,3,3.7,2,58.5,12.2,1.28,52.68,0
STU_03460,B.Tech Computer Science,2,7.49,CR005,74.09,10,2.88,70.8,2,2.7,3,62.3,9.6,1.02,68.35,0
STU_03461,BCA / MCA,1,9.06,CR002,86.06,15,3.56,67.3,4,2.5,2,61.0,12.1,1.17,75.65,1
STU_03462,B.Tech Computer Science,1,8.06,CR006,77.65,19,3.52,70.0,3,2.8,1,60.1,17.8,1.34,66.58,0
STU_03463,M.S. Computer Science,3,6.73,CR002,76.04,13,2.96,67.5,3,3.6,3,64.9,17.9,1.35,67.98,0
STU_03464,B.Tech Information Technology,2,7.91,CR008,68.49,19,2.82,59.0,3,2.9,1,60.9,11.8,1.38,64.1,0
STU_03465,B.Tech Computer Science,2,8.48,CR001,94.62,15,3.8,85.2,3,3.9,4,84.7,23.6,1.51,88.25,1
STU_03466,B.Tech Information Technology,2,6.85,CR003,92.54,18,3.89,80.7,3,3.9,5,78.5,24.7,1.4,85.07,1
STU_03467,B.Tech Computer Science,1,7.79,CR002,45.58,9,1.54,31.4,0,1.6,0,33.3,7.8,0.95,34.29,0
STU_03468,M.S. Computer Science,2,8.11,CR007,97.07,17,4.71,95.8,8,4.9,6,90.6,25.3,1.69,96.77,1
STU_03469,M.S. Computer Science,2,7.99,CR008,79.33,14,3.43,71.4,4,3.1,3,74.5,13.9,1.19,76.56,1
STU_03470,B.Tech Electronics,2,7.55,CR003,69.98,17,2.93,59.0,3,3.6,1,53.2,10.9,1.25,60.8,0
STU_03471,B.Tech Computer Science,3,6.22,CR003,27.01,2,1.0,31.1,2,1.7,1,47.4,4.3,0.79,29.44,0
STU_03472,BCA / MCA,3,7.14,CR008,93.04,19,4.44,86.4,8,4.5,6,92.0,18.5,1.75,92.52,1
STU_03473,B.S. Data Science,2,8.75,CR004,96.33,17,4.5,87.1,7,4.7,4,91.1,29.0,1.97,96.35,1
STU_03474,B.Tech Computer Science,2,6.39,CR007,48.75,14,2.3,45.6,2,3.1,1,57.7,10.3,1.2,47.7,0
STU_03475,M.S. Computer Science,2,8.85,CR010,69.17,10,2.75,61.4,2,3.1,1,60.7,11.8,1.12,59.08,0
STU_03476,B.Tech Computer Science,1,7.94,CR003,31.3,11,1.32,35.2,0,1.1,1,20.3,8.7,0.76,26.75,0
STU_03477,B.Tech Computer Science,3,7.41,CR008,90.65,25,3.82,74.7,5,4.5,4,79.3,23.3,1.35,90.76,1
STU_03478,M.S. Computer Science,2,6.91,CR005,80.46,16,3.02,61.0,4,2.9,1,72.1,9.4,1.17,66.98,0
STU_03479,B.Tech Computer Science,1,9.72,CR009,62.02,15,2.68,50.2,3,3.7,2,50.2,10.8,1.14,57.83,0
STU_03480,M.S. Computer Science,2,7.43,CR007,68.78,10,2.87,54.5,3,3.3,3,66.8,14.1,1.34,68.29,0
STU_03481,B.Tech Electronics,2,7.66,CR005,81.38,15,3.64,64.9,3,4.4,5,75.9,15.8,1.66,80.07,1
STU_03482,B.Tech Information Technology,2,6.93,CR006,62.03,15,2.48,46.7,2,3.6,2,50.6,13.0,1.27,60.86,0
STU_03483,B.S. Data Science,1,7.31,CR007,48.96,12,2.19,44.0,1,1.3,0,21.5,4.8,0.78,38.36,0
STU_03484,B.Tech Electronics,1,7.01,CR010,84.66,18,3.92,86.1,5,4.5,5,89.7,14.5,1.62,85.03,1
STU_03485,M.S. Computer Science,1,8.02,CR008,69.26,14,3.11,60.4,2,2.8,3,67.1,8.3,1.28,66.53,0
STU_03486,M.S. Computer Science,2,8.33,CR003,63.4,15,3.06,58.8,3,2.5,1,53.4,16.7,1.05,58.41,0
STU_03487,B.S. Data Science,2,6.93,CR006,58.66,18,3.26,55.6,4,3.7,1,61.8,15.3,1.06,54.65,0
STU_03488,B.Tech Information Technology,2,8.88,CR002,45.12,5,1.22,35.2,0,2.3,1,42.4,9.6,0.95,35.69,0
STU_03489,B.Tech Electronics,2,8.86,CR007,54.23,14,1.52,42.1,2,3.4,2,63.3,15.4,1.1,53.18,0
STU_03490,M.S. Computer Science,2,7.11,CR009,57.7,14,2.1,45.3,4,3.6,3,60.9,17.8,1.0,60.24,0
STU_03491,B.S. Data Science,2,8.78,CR006,99.0,19,5.0,100.0,8,4.8,6,91.0,29.2,1.79,99.25,1
STU_03492,B.Tech Information Technology,2,7.28,CR006,93.7,20,4.13,90.3,5,3.9,3,76.8,16.5,1.35,84.81,1
STU_03493,B.S. Data Science,3,9.49,CR002,91.39,16,4.07,75.4,5,4.4,2,87.6,14.7,1.38,87.16,1
STU_03494,B.Tech Electronics,2,8.51,CR010,48.6,8,2.32,51.8,4,3.7,1,70.1,10.3,1.39,50.46,0
STU_03495,BCA / MCA,3,7.53,CR005,52.07,13,1.98,50.9,3,2.8,2,73.4,13.1,1.39,53.76,0
STU_03496,B.Tech Information Technology,2,8.19,CR005,75.66,19,3.61,77.5,5,3.8,2,77.8,15.4,1.6,76.08,1
STU_03497,M.S. Computer Science,3,9.16,CR009,30.05,7,1.27,23.6,0,1.8,0,28.2,5.1,0.96,30.29,0
STU_03498,M.S. Computer Science,2,8.82,CR007,30.89,9,1.0,16.9,2,1.8,1,35.0,6.2,0.92,30.55,0
STU_03499,BCA / MCA,3,7.6,CR010,85.26,19,4.04,73.2,5,4.2,2,78.7,15.7,1.3,83.21,1
STU_03500,B.Tech Information Technology,1,8.11,CR001,100.0,23,4.82,100.0,8,4.5,4,93.2,30.2,2.12,99.5,1
STU_03501,B.Tech Computer Science,2,7.93,CR002,88.54,17,3.68,68.3,3,4.2,5,80.2,15.8,1.41,83.81,1
STU_03502,B.S. Data Science,2,8.81,CR009,70.2,14,2.77,60.4,3,3.3,3,68.7,11.4,1.16,67.69,0
STU_03503,BCA / MCA,3,7.88,CR006,71.25,17,2.88,60.7,4,2.8,1,72.4,14.3,1.16,68.06,0
STU_03504,B.Tech Information Technology,1,8.65,CR001,45.28,12,1.74,39.7,1,1.8,1,32.1,9.9,0.61,39.44,0
STU_03505,B.S. Data Science,2,6.71,CR002,64.46,16,2.15,40.7,2,1.6,0,35.8,9.8,0.83,45.86,0
STU_03506,M.S. Computer Science,1,8.79,CR001,65.32,9,1.73,42.8,2,2.4,1,45.9,4.1,0.99,50.74,0
STU_03507,B.Tech Computer Science,1,9.55,CR002,48.01,14,1.76,27.2,1,1.3,1,33.1,9.5,0.94,37.48,0
STU_03508,B.Tech Electronics,3,7.65,CR009,93.8,20,3.96,92.2,6,4.5,3,75.7,17.0,1.62,90.79,1
STU_03509,B.S. Data Science,2,9.55,CR008,95.34,21,4.9,100.0,8,4.8,3,92.4,29.7,1.87,89.97,1
STU_03510,M.S. Computer Science,2,6.48,CR002,67.1,17,3.01,62.1,3,3.0,3,67.9,15.7,1.0,65.48,0
STU_03511,B.S. Data Science,1,7.97,CR006,62.81,16,2.92,49.6,2,3.6,1,66.7,10.3,1.34,56.67,0
STU_03512,B.Tech Computer Science,2,7.98,CR009,71.08,13,2.56,48.3,2,3.1,1,60.1,12.7,1.23,58.57,0
STU_03513,B.S. Data Science,3,6.31,CR004,82.84,19,4.07,65.4,4,4.1,3,85.4,18.7,1.68,78.28,1
STU_03514,B.Tech Computer Science,3,8.69,CR004,62.49,16,2.36,50.4,3,2.8,1,72.5,15.7,1.28,60.4,0
STU_03515,B.S. Data Science,2,8.93,CR002,45.52,13,2.07,35.8,0,1.3,1,23.9,8.9,0.95,37.19,0
STU_03516,BCA / MCA,2,9.14,CR009,81.51,14,3.57,71.7,6,4.1,2,80.8,19.0,1.58,78.29,1
STU_03517,B.Tech Computer Science,2,7.54,CR006,92.16,22,4.19,77.4,4,4.3,4,78.9,18.3,1.45,88.11,1
STU_03518,B.Tech Electronics,3,7.89,CR001,56.71,13,1.89,35.5,2,2.0,0,32.9,9.7,0.89,45.24,0
STU_03519,BCA / MCA,2,6.06,CR008,74.36,13,2.93,68.5,3,2.6,1,51.4,16.8,1.05,62.51,0
STU_03520,B.Tech Electronics,2,8.1,CR001,78.09,13,2.83,46.3,3,2.7,1,56.8,14.4,1.3,65.69,0
STU_03521,B.Tech Information Technology,2,7.1,CR006,93.54,23,4.63,94.4,6,4.9,4,94.3,31.4,2.01,96.22,1
STU_03522,M.S. Computer Science,2,8.78,CR005,72.15,7,3.14,69.3,3,2.8,1,59.3,9.0,1.03,63.59,0
STU_03523,B.Tech Electronics,3,6.98,CR003,46.79,8,1.49,31.6,0,1.9,0,34.7,5.3,0.82,34.77,0
STU_03524,M.S. Computer Science,3,6.76,CR001,27.52,6,1.16,29.9,0,1.6,1,44.0,8.9,0.71,27.35,0
STU_03525,B.Tech Electronics,2,8.78,CR002,33.91,3,1.17,21.3,0,2.3,0,44.0,7.3,0.65,28.98,0
STU_03526,B.Tech Computer Science,2,7.27,CR005,52.85,8,2.45,56.3,3,3.4,1,74.4,13.6,1.07,55.61,0
STU_03527,BCA / MCA,2,5.99,CR007,88.95,18,3.64,72.3,5,4.3,2,82.8,14.8,1.57,79.07,1
STU_03528,B.Tech Electronics,3,9.69,CR003,76.26,17,3.36,65.9,5,3.9,4,84.2,18.8,1.4,76.76,1
STU_03529,B.Tech Information Technology,3,8.13,CR001,39.09,4,1.62,31.7,2,1.5,1,31.9,9.6,0.99,34.98,0
STU_03530,B.Tech Information Technology,1,5.66,CR003,97.75,18,4.95,92.1,7,4.6,6,91.7,23.3,1.74,98.92,1
STU_03531,B.Tech Information Technology,2,9.24,CR004,77.53,12,2.94,62.0,2,3.0,1,61.0,9.5,1.23,64.76,0
STU_03532,B.Tech Information Technology,2,7.81,CR008,40.77,6,1.37,35.5,2,1.9,0,28.9,6.4,0.82,37.94,0
STU_03533,B.Tech Computer Science,2,6.59,CR003,95.48,20,4.75,90.1,6,4.4,5,96.3,24.5,1.96,94.47,1
STU_03534,B.Tech Computer Science,3,6.12,CR001,72.43,15,2.94,46.4,4,3.3,2,57.5,9.6,1.25,64.53,0
STU_03535,B.S. Data Science,2,8.13,CR009,64.6,9,2.72,55.3,2,2.9,2,61.4,17.5,1.26,59.15,0
STU_03536,BCA / MCA,2,6.38,CR008,58.18,14,2.51,41.0,3,3.0,2,54.2,17.2,1.32,54.07,0
STU_03537,B.Tech Computer Science,2,6.29,CR010,96.23,15,4.87,84.4,6,4.6,5,96.5,25.1,1.78,95.33,1
STU_03538,B.Tech Computer Science,2,8.89,CR009,43.67,9,1.7,35.9,1,1.5,0,35.3,4.1,0.95,35.85,0
STU_03539,BCA / MCA,2,9.95,CR003,72.99,14,3.15,62.8,2,3.5,1,74.4,8.9,1.03,59.98,0
STU_03540,B.Tech Information Technology,2,8.01,CR001,92.47,19,3.23,67.7,5,4.2,5,89.9,15.3,1.36,93.75,1
STU_03541,B.Tech Electronics,3,9.11,CR005,84.03,19,4.14,85.1,4,4.6,3,79.8,14.4,1.76,79.87,1
STU_03542,B.Tech Electronics,2,7.91,CR004,68.91,15,2.48,53.9,2,3.3,1,72.0,16.0,1.24,59.53,0
STU_03543,B.Tech Computer Science,1,5.48,CR002,98.07,22,4.73,97.2,5,4.9,6,95.1,26.8,2.14,96.16,1
STU_03544,M.S. Computer Science,1,6.35,CR006,98.5,20,4.01,83.6,8,4.5,3,95.0,19.3,2.16,96.35,1
STU_03545,BCA / MCA,3,6.67,CR002,59.3,11,2.89,53.4,2,3.7,2,67.0,14.7,1.1,61.96,0
STU_03546,B.S. Data Science,2,9.15,CR004,65.7,11,2.39,43.7,3,2.5,1,52.9,14.6,1.21,50.53,0
STU_03547,M.S. Computer Science,3,6.09,CR010,61.34,13,2.82,50.5,3,3.2,1,52.4,14.3,1.11,53.0,0
STU_03548,M.S. Computer Science,2,8.87,CR002,82.56,17,3.1,62.3,2,3.4,1,61.6,14.4,1.34,73.66,0
STU_03549,B.Tech Information Technology,3,8.19,CR007,90.29,21,4.06,80.1,4,4.6,3,80.1,22.7,1.44,85.8,1
STU_03550,M.S. Computer Science,2,8.57,CR003,35.62,8,1.49,28.3,1,1.3,0,23.8,8.2,0.69,29.43,0
STU_03551,B.Tech Information Technology,1,7.58,CR003,61.92,14,2.49,64.8,3,2.9,3,56.3,9.1,1.2,66.09,0
STU_03552,B.S. Data Science,2,7.59,CR007,91.52,15,3.88,82.1,4,3.9,3,80.4,16.1,1.4,81.34,1
STU_03553,BCA / MCA,3,8.67,CR009,88.16,15,3.9,65.0,4,4.0,4,84.2,14.8,1.61,83.1,1
STU_03554,B.S. Data Science,2,7.83,CR001,82.97,11,3.26,60.8,4,2.8,2,64.0,17.0,1.08,74.72,0
STU_03555,M.S. Computer Science,2,7.81,CR006,43.84,2,1.51,27.4,1,1.5,0,29.9,4.7,0.73,36.6,0
STU_03556,B.Tech Information Technology,1,8.64,CR006,72.5,23,3.5,62.1,3,3.2,3,59.9,14.9,1.16,69.82,0
STU_03557,BCA / MCA,2,8.57,CR010,85.16,24,3.49,73.1,5,4.2,3,86.0,14.2,1.62,85.79,1
STU_03558,BCA / MCA,2,5.88,CR005,52.34,6,1.91,51.0,2,3.3,2,62.2,14.3,1.34,54.02,0
STU_03559,B.Tech Electronics,2,7.26,CR004,30.05,9,1.0,26.1,2,1.8,1,23.1,5.7,0.74,30.41,0
STU_03560,B.Tech Electronics,2,7.17,CR003,56.95,10,2.62,45.7,3,3.2,2,70.7,8.4,1.18,55.33,0
STU_03561,B.S. Data Science,3,8.68,CR003,97.99,19,4.79,96.5,6,4.7,3,88.8,22.2,2.08,99.17,1
STU_03562,B.Tech Electronics,1,8.85,CR007,61.84,13,2.31,50.6,2,2.5,1,71.8,8.9,1.32,53.78,0
STU_03563,M.S. Computer Science,1,7.1,CR006,69.87,11,3.29,67.1,2,3.4,1,50.3,13.0,1.35,60.36,0
STU_03564,M.S. Computer Science,2,8.47,CR002,57.38,11,2.56,50.6,3,2.6,1,74.5,13.7,1.21,56.71,0
STU_03565,B.Tech Computer Science,1,7.31,CR006,56.56,17,2.43,39.9,4,3.8,3,63.8,9.9,1.23,61.4,0
STU_03566,M.S. Computer Science,2,8.67,CR007,48.99,15,1.91,40.5,2,1.9,0,37.2,6.4,0.98,44.17,0
STU_03567,BCA / MCA,2,6.51,CR010,74.96,13,3.51,67.0,4,4.4,2,83.9,22.3,1.8,71.73,0
STU_03568,B.Tech Electronics,2,7.68,CR006,76.18,21,3.74,64.5,3,4.6,4,81.5,15.5,1.61,78.44,1
STU_03569,B.Tech Computer Science,1,9.3,CR002,35.2,9,1.07,30.5,2,1.9,0,26.6,4.3,0.97,32.04,0
STU_03570,B.Tech Computer Science,2,8.16,CR009,74.8,20,3.39,60.0,4,4.6,3,89.2,14.8,1.58,77.5,1
STU_03571,B.Tech Computer Science,3,7.48,CR002,20.23,7,1.0,26.0,0,1.2,0,38.2,8.0,0.89,20.23,0
STU_03572,B.Tech Information Technology,3,8.02,CR006,89.58,16,3.97,80.0,3,3.9,4,76.2,16.4,1.63,82.25,1
STU_03573,M.S. Computer Science,1,5.26,CR007,74.53,14,3.4,46.4,4,3.6,2,69.8,14.0,1.29,70.58,0
STU_03574,B.Tech Electronics,2,6.32,CR001,33.54,4,1.09,18.1,2,2.1,0,23.0,6.7,0.66,30.9,0
STU_03575,M.S. Computer Science,2,6.3,CR009,77.43,14,2.71,62.4,3,3.2,2,67.6,11.2,1.15,66.39,0
STU_03576,B.S. Data Science,3,7.62,CR001,39.93,7,1.48,38.2,1,1.7,0,25.4,5.4,0.61,33.26,0
STU_03577,M.S. Computer Science,3,5.88,CR008,60.43,11,2.55,43.4,4,2.8,2,60.3,14.2,1.18,59.06,0
STU_03578,B.Tech Information Technology,3,8.23,CR009,80.99,15,3.17,66.6,4,3.0,2,73.1,16.4,1.3,73.88,0
STU_03579,BCA / MCA,2,9.16,CR007,90.14,21,3.89,77.5,3,4.3,5,84.5,16.6,1.62,87.05,1
STU_03580,BCA / MCA,1,6.08,CR005,82.61,24,3.67,74.6,3,4.5,3,89.6,15.1,1.57,81.78,1
STU_03581,BCA / MCA,3,5.8,CR003,53.43,11,2.59,37.1,0,1.8,0,24.3,6.8,0.73,37.0,0
STU_03582,B.Tech Computer Science,2,9.18,CR002,45.58,4,1.97,28.8,0,1.2,1,29.1,6.8,0.89,34.61,0
STU_03583,M.S. Computer Science,2,7.9,CR002,69.57,11,2.78,49.7,3,3.2,3,62.0,8.2,1.38,61.05,0
STU_03584,M.S. Computer Science,3,6.75,CR002,35.56,8,1.81,30.6,2,2.2,1,37.5,6.9,1.0,38.77,0
STU_03585,B.Tech Information Technology,3,7.6,CR007,65.41,16,2.91,55.5,4,2.7,3,73.1,8.8,1.28,65.43,0
STU_03586,B.S. Data Science,2,7.39,CR009,20.67,7,1.06,23.9,0,1.2,0,32.7,5.1,0.96,19.38,0
STU_03587,B.Tech Computer Science,3,6.73,CR001,57.99,6,1.93,36.6,1,1.3,1,41.0,5.4,0.79,39.18,0
STU_03588,B.Tech Electronics,1,9.04,CR003,93.66,24,3.97,87.0,3,4.2,2,80.2,22.7,1.35,81.85,1
STU_03589,B.S. Data Science,3,8.59,CR003,79.2,18,3.02,65.8,2,3.2,3,69.3,15.4,1.28,74.65,0
STU_03590,B.Tech Electronics,1,6.89,CR002,56.76,12,2.02,47.4,2,1.8,0,27.5,8.0,0.86,43.15,0
STU_03591,B.S. Data Science,3,5.86,CR005,43.39,10,1.59,43.7,2,2.2,0,23.1,8.2,0.96,36.64,0
STU_03592,M.S. Computer Science,3,8.29,CR006,69.03,10,2.48,54.6,2,2.5,2,61.7,10.5,1.17,63.25,0
STU_03593,M.S. Computer Science,1,7.84,CR010,86.71,14,4.3,81.5,3,4.1,2,83.8,14.1,1.32,80.83,1
STU_03594,B.Tech Electronics,2,8.06,CR007,30.78,3,1.42,23.0,1,1.7,1,44.2,9.4,0.85,30.57,0
STU_03595,B.Tech Information Technology,3,7.52,CR003,84.6,14,3.69,76.1,4,4.3,5,84.9,14.4,1.45,86.52,1
STU_03596,BCA / MCA,3,8.11,CR004,55.66,12,1.8,37.2,1,2.3,1,46.2,7.6,0.7,42.6,0
STU_03597,BCA / MCA,1,6.64,CR006,50.17,9,2.49,47.1,4,3.7,3,61.4,14.1,1.23,58.93,0
STU_03598,B.Tech Electronics,1,6.39,CR008,53.68,11,1.98,29.3,1,1.8,1,45.8,7.6,0.66,37.84,0
STU_03599,B.Tech Computer Science,1,8.74,CR002,35.41,10,1.65,35.7,2,1.2,0,20.3,9.4,0.78,33.04,0
STU_03600,B.Tech Information Technology,3,7.97,CR010,27.05,5,1.33,29.8,2,1.0,0,22.3,4.4,0.85,28.91,0
STU_03601,B.S. Data Science,3,8.64,CR008,86.69,19,3.44,67.8,3,4.5,5,86.7,24.5,1.5,81.94,1
STU_03602,B.S. Data Science,3,7.0,CR001,61.46,12,2.45,47.0,3,3.6,2,67.0,13.2,1.06,58.64,0
STU_03603,B.Tech Electronics,1,7.8,CR001,70.92,14,2.47,46.3,4,2.9,3,60.2,13.6,1.14,63.27,0
STU_03604,B.S. Data Science,3,7.74,CR003,44.28,8,1.53,33.3,2,2.4,0,46.3,4.5,0.78,39.79,0
STU_03605,BCA / MCA,3,7.58,CR004,88.9,14,3.68,79.3,4,4.4,5,79.4,17.2,1.57,86.37,1
STU_03606,M.S. Computer Science,2,6.45,CR007,38.87,9,1.13,20.8,2,1.4,0,29.3,5.5,0.64,31.7,0
STU_03607,B.S. Data Science,3,7.39,CR007,67.79,11,3.01,63.4,4,2.8,3,74.0,15.7,1.35,71.05,0
STU_03608,B.Tech Information Technology,2,8.84,CR005,61.15,15,2.44,60.2,3,2.7,1,58.1,16.8,1.27,57.55,0
STU_03609,BCA / MCA,2,7.49,CR003,86.02,17,3.5,77.8,6,3.8,4,80.3,19.2,1.48,87.37,1
STU_03610,BCA / MCA,3,8.19,CR007,62.63,13,2.45,46.7,2,2.9,3,59.9,16.7,1.27,60.03,0
STU_03611,B.S. Data Science,2,7.79,CR002,45.6,7,1.26,25.7,1,1.6,0,42.1,4.3,0.69,32.23,0
STU_03612,B.S. Data Science,2,8.81,CR010,72.21,15,3.09,64.6,2,2.6,2,58.0,17.1,1.15,67.15,0
STU_03613,B.S. Data Science,2,7.63,CR005,87.21,19,4.25,74.5,3,4.0,5,83.9,20.8,1.41,87.64,1
STU_03614,BCA / MCA,2,7.46,CR003,76.74,9,2.71,63.0,4,2.6,1,56.1,10.0,1.39,67.97,0
STU_03615,B.Tech Electronics,2,6.95,CR008,40.33,9,1.43,39.7,2,2.1,1,28.5,6.2,0.98,36.19,0
STU_03616,B.Tech Electronics,2,7.47,CR005,30.6,6,1.37,25.7,1,2.0,1,27.5,5.1,0.71,26.64,0
STU_03617,B.Tech Electronics,1,7.97,CR001,70.59,11,2.7,57.5,4,3.0,2,58.0,10.7,1.14,66.23,0
STU_03618,B.S. Data Science,2,6.79,CR008,61.06,16,2.75,61.7,3,3.3,3,64.3,13.6,1.31,66.21,0
STU_03619,M.S. Computer Science,3,7.12,CR005,62.01,6,2.59,50.9,2,3.0,3,61.1,16.4,1.21,59.04,0
STU_03620,B.Tech Information Technology,3,7.91,CR009,88.26,19,3.94,69.5,3,4.0,5,82.7,18.9,1.35,81.61,1
STU_03621,B.Tech Electronics,2,8.53,CR008,65.52,14,2.65,58.5,4,2.8,2,62.8,14.5,1.11,67.34,0
STU_03622,B.Tech Information Technology,2,8.01,CR010,63.07,17,3.18,59.1,4,3.0,1,73.8,18.0,1.37,65.24,0
STU_03623,B.Tech Electronics,2,9.26,CR010,40.25,11,2.44,50.8,3,3.1,2,74.1,15.1,1.4,55.29,0
STU_03624,B.S. Data Science,1,7.64,CR010,33.9,8,1.29,30.7,2,1.6,1,29.8,9.7,0.62,33.9,0
STU_03625,B.Tech Computer Science,2,8.55,CR003,54.61,9,1.82,33.8,0,1.0,0,46.3,7.7,0.7,37.66,0
STU_03626,B.Tech Electronics,1,7.52,CR008,51.69,12,1.46,37.8,1,2.5,1,29.2,9.6,0.6,40.21,0
STU_03627,M.S. Computer Science,2,8.84,CR001,28.83,2,1.11,18.4,2,1.1,0,39.7,5.3,0.7,23.46,0
STU_03628,B.S. Data Science,2,7.8,CR005,60.79,14,2.53,50.2,2,2.6,1,61.9,14.4,1.04,55.91,0
STU_03629,B.Tech Computer Science,2,7.53,CR009,52.77,12,2.46,55.7,2,3.6,3,57.9,11.0,1.27,56.95,0
STU_03630,B.Tech Computer Science,2,6.53,CR005,83.66,15,3.67,66.2,4,4.3,5,85.0,17.3,1.35,83.87,1
STU_03631,B.S. Data Science,3,7.33,CR002,60.29,14,2.14,44.8,3,3.1,1,63.8,16.8,1.09,57.86,0
STU_03632,B.Tech Computer Science,1,7.81,CR008,84.02,18,3.45,75.3,3,4.3,2,88.1,14.6,1.41,78.09,1
STU_03633,B.Tech Computer Science,2,8.72,CR006,74.36,15,3.93,69.9,6,4.5,2,80.1,15.1,1.59,77.66,1
STU_03634,M.S. Computer Science,3,8.62,CR010,59.72,19,3.09,43.7,2,3.5,1,54.7,15.5,1.19,53.49,0
STU_03635,B.S. Data Science,2,8.55,CR002,71.43,14,3.17,68.2,4,2.8,1,67.6,13.8,1.16,64.85,0
STU_03636,B.Tech Electronics,3,6.74,CR005,47.83,17,2.26,46.7,4,3.6,1,63.0,17.8,1.31,51.55,0
STU_03637,M.S. Computer Science,3,6.65,CR001,91.29,22,4.29,73.9,6,4.1,3,78.9,23.0,1.75,86.47,1
STU_03638,B.Tech Electronics,3,10.0,CR001,59.77,6,2.09,41.2,2,1.2,0,29.1,5.4,0.91,45.0,0
STU_03639,B.Tech Electronics,2,8.4,CR002,40.49,14,1.53,39.2,1,1.9,1,36.9,7.9,0.6,30.94,0
STU_03640,B.S. Data Science,3,8.63,CR005,39.87,6,2.0,45.7,2,2.0,0,30.2,9.6,0.85,38.08,0
STU_03641,B.Tech Electronics,2,8.23,CR006,89.94,18,4.36,100.0,8,4.8,5,93.9,28.8,2.09,94.79,1
STU_03642,B.Tech Information Technology,2,6.19,CR001,78.41,14,2.98,54.6,2,2.5,1,54.1,17.0,1.32,67.51,0
STU_03643,B.S. Data Science,3,10.0,CR010,55.01,14,2.57,45.1,3,3.3,1,71.4,9.6,1.15,58.05,0
STU_03644,B.S. Data Science,3,8.16,CR003,42.81,13,1.81,39.4,0,1.2,0,41.9,9.0,0.61,35.18,0
STU_03645,M.S. Computer Science,1,8.4,CR004,49.98,4,1.81,34.9,2,2.0,1,47.9,4.8,0.67,45.1,0
STU_03646,B.Tech Electronics,3,6.76,CR005,67.29,12,3.02,64.3,3,2.7,2,53.8,13.0,1.16,63.76,0
STU_03647,B.S. Data Science,2,6.8,CR006,51.66,13,2.31,52.2,2,2.5,3,71.8,12.3,1.31,59.1,0
STU_03648,B.Tech Electronics,2,9.21,CR002,87.5,15,3.59,67.1,4,4.4,3,88.4,21.1,1.64,81.61,1
STU_03649,B.S. Data Science,1,9.28,CR002,94.12,23,4.47,96.2,7,4.9,5,97.9,21.4,2.01,88.68,1
STU_03650,BCA / MCA,2,7.04,CR002,49.59,11,1.97,44.6,2,1.3,0,41.3,4.9,0.88,44.47,0
STU_03651,B.Tech Computer Science,3,8.79,CR007,46.93,5,1.69,29.9,0,2.3,0,48.2,5.3,0.62,35.15,0
STU_03652,B.Tech Computer Science,3,7.81,CR008,39.36,11,2.09,34.8,2,1.5,0,45.4,9.5,0.8,36.9,0
STU_03653,BCA / MCA,3,7.18,CR008,39.79,12,1.6,39.0,1,1.9,0,47.8,9.7,0.89,39.45,0
STU_03654,M.S. Computer Science,2,6.63,CR006,82.02,15,3.44,74.8,5,4.6,4,86.1,18.7,1.39,83.71,1
STU_03655,B.Tech Information Technology,1,8.87,CR005,34.06,4,1.3,18.4,1,2.3,0,40.8,4.4,0.76,30.79,0
STU_03656,BCA / MCA,3,7.64,CR002,73.06,14,3.5,65.6,4,3.6,2,73.8,12.6,1.27,73.4,0
STU_03657,B.Tech Electronics,2,8.51,CR002,71.69,16,2.64,56.3,2,3.2,2,51.2,8.2,1.34,67.51,0
STU_03658,B.Tech Computer Science,2,6.24,CR001,84.66,15,3.64,67.5,4,2.6,1,73.2,10.4,1.2,69.6,0
STU_03659,B.S. Data Science,2,7.44,CR005,69.94,11,2.67,59.8,2,3.0,2,64.9,14.8,1.39,61.39,0
STU_03660,BCA / MCA,2,8.71,CR003,66.68,15,2.99,54.5,4,2.8,3,71.6,9.2,1.31,63.19,0
STU_03661,BCA / MCA,3,6.27,CR005,26.06,6,1.11,24.4,1,1.4,0,20.8,7.9,0.84,20.58,0
STU_03662,B.S. Data Science,2,9.96,CR010,78.38,12,3.17,66.1,3,2.5,2,56.7,16.9,1.04,67.66,0
STU_03663,M.S. Computer Science,2,6.54,CR006,53.44,8,1.93,46.3,2,1.3,0,48.7,8.0,0.79,42.14,0
STU_03664,B.Tech Information Technology,1,9.39,CR009,47.56,2,2.28,50.7,0,2.3,0,24.4,9.3,0.86,36.16,0
STU_03665,BCA / MCA,2,7.26,CR009,96.35,23,4.53,100.0,6,4.9,6,94.7,29.6,1.91,94.96,1
STU_03666,B.Tech Computer Science,2,5.76,CR009,66.38,16,2.98,63.8,2,3.1,3,58.8,11.8,1.14,59.28,0
STU_03667,B.Tech Computer Science,2,8.01,CR003,53.98,11,2.68,54.1,3,2.8,1,68.3,14.3,1.2,52.97,0
STU_03668,B.Tech Computer Science,2,8.11,CR009,68.86,10,2.76,55.9,3,2.5,3,58.7,8.8,1.09,62.94,0
STU_03669,B.Tech Computer Science,2,8.68,CR002,72.81,17,3.69,75.2,3,3.1,2,53.9,14.0,1.35,62.33,0
STU_03670,B.S. Data Science,3,7.41,CR004,88.7,23,4.23,85.8,6,4.8,6,96.0,27.7,2.03,89.64,1
STU_03671,M.S. Computer Science,1,8.74,CR009,55.83,15,2.46,51.4,2,3.1,2,66.7,17.0,1.07,55.61,0
STU_03672,B.Tech Electronics,2,8.61,CR004,74.25,9,2.98,52.9,3,2.6,2,65.2,13.7,1.37,66.86,0
STU_03673,B.Tech Computer Science,3,9.41,CR008,94.53,18,3.9,78.7,4,4.1,5,88.2,24.1,1.63,90.13,1
STU_03674,M.S. Computer Science,3,7.78,CR005,33.6,5,1.56,20.4,1,1.8,0,42.3,7.5,0.81,27.17,0
STU_03675,M.S. Computer Science,2,8.55,CR005,83.52,19,3.88,88.9,6,4.4,4,89.4,24.3,1.4,86.4,1
STU_03676,B.S. Data Science,1,6.37,CR010,57.6,11,2.42,48.9,2,3.1,3,64.9,16.0,1.12,60.33,0
STU_03677,B.Tech Computer Science,1,7.28,CR009,66.94,16,2.56,48.4,3,2.7,2,63.3,10.7,1.35,53.7,0
STU_03678,B.Tech Information Technology,2,7.5,CR009,94.54,23,4.18,91.9,7,4.9,4,93.5,20.9,1.76,99.5,1
STU_03679,B.Tech Computer Science,3,8.48,CR009,61.66,17,2.48,51.5,4,3.6,3,65.4,8.5,1.04,57.5,0
STU_03680,B.S. Data Science,3,7.15,CR003,78.82,19,2.92,62.9,6,4.3,4,77.7,17.8,1.59,84.84,1
STU_03681,BCA / MCA,3,7.2,CR009,53.33,15,1.87,51.3,4,3.6,3,57.0,16.6,1.3,64.55,0
STU_03682,BCA / MCA,2,6.32,CR006,67.9,12,3.14,62.7,4,3.6,2,58.2,13.3,1.39,63.91,0
STU_03683,B.Tech Electronics,2,6.82,CR010,60.31,11,2.71,41.6,4,3.4,1,71.7,13.3,1.06,56.01,0
STU_03684,M.S. Computer Science,3,8.37,CR010,28.53,5,1.34,25.5,0,1.0,0,23.4,8.5,0.62,21.67,0
STU_03685,B.Tech Electronics,3,7.63,CR008,85.1,16,3.78,73.3,3,4.2,3,75.8,18.5,1.78,80.63,1
STU_03686,B.S. Data Science,2,8.43,CR004,80.32,20,3.11,64.1,3,3.5,1,63.2,13.2,1.33,68.89,0
STU_03687,B.Tech Electronics,1,9.79,CR006,85.52,21,4.13,79.2,5,4.2,4,84.8,22.3,1.4,87.39,1
STU_03688,B.S. Data Science,3,9.25,CR005,81.92,20,3.71,74.8,4,4.2,5,83.6,24.1,1.76,84.0,1
STU_03689,B.Tech Electronics,3,8.83,CR003,66.34,12,2.8,53.3,3,3.1,3,58.6,10.5,1.21,63.49,0
STU_03690,B.Tech Computer Science,1,8.51,CR004,61.81,12,2.12,37.0,2,3.0,3,67.9,17.8,1.3,63.26,0
STU_03691,M.S. Computer Science,2,7.93,CR007,96.48,15,3.56,77.6,3,3.9,2,75.4,24.2,1.46,85.19,1
STU_03692,M.S. Computer Science,2,8.14,CR008,84.18,11,3.63,68.0,3,4.1,4,87.1,17.4,1.67,84.71,1
STU_03693,B.S. Data Science,2,7.57,CR001,95.1,19,4.08,82.0,4,3.9,2,89.6,21.9,1.44,85.51,1
STU_03694,B.Tech Electronics,2,6.99,CR001,68.95,7,2.3,45.0,2,2.7,3,71.3,8.0,1.25,61.39,0
STU_03695,B.Tech Electronics,3,5.88,CR010,32.06,4,1.04,30.7,1,1.9,0,37.9,6.0,0.97,30.35,0
STU_03696,BCA / MCA,3,9.0,CR006,82.49,16,3.57,71.1,3,4.4,5,84.7,20.8,1.7,79.75,1
STU_03697,BCA / MCA,1,8.86,CR006,49.56,10,2.46,46.4,2,1.9,1,39.0,7.1,0.73,41.85,0
STU_03698,B.Tech Computer Science,3,8.36,CR002,51.63,11,1.91,49.5,0,2.2,0,39.4,7.0,0.94,39.57,0
STU_03699,B.Tech Computer Science,2,6.31,CR009,48.66,10,2.15,43.5,2,1.3,1,25.5,7.7,0.95,40.21,0
STU_03700,B.S. Data Science,1,7.72,CR006,62.58,6,2.79,45.1,2,3.1,3,59.0,13.0,1.24,59.22,0
STU_03701,B.Tech Electronics,1,7.68,CR001,99.08,15,4.01,86.7,5,3.9,2,79.2,23.7,1.43,91.64,1
STU_03702,M.S. Computer Science,3,6.43,CR001,78.56,14,3.01,61.3,2,3.4,1,63.6,15.8,1.26,63.01,0
STU_03703,B.S. Data Science,2,8.02,CR008,35.79,8,1.43,26.1,0,2.1,1,24.8,6.8,0.74,26.84,0
STU_03704,BCA / MCA,3,6.97,CR009,71.71,18,3.18,54.6,3,3.7,2,67.3,12.1,1.03,65.32,0
STU_03705,B.Tech Information Technology,3,8.02,CR002,43.79,13,1.9,42.3,1,2.2,1,31.5,4.2,0.67,37.12,0
STU_03706,M.S. Computer Science,2,7.41,CR006,25.3,5,1.34,18.2,2,2.0,0,32.0,5.4,0.97,20.71,0
STU_03707,BCA / MCA,1,8.14,CR006,77.98,14,3.3,62.4,3,3.1,1,59.6,9.5,1.11,68.65,0
STU_03708,B.S. Data Science,2,6.84,CR005,80.17,12,3.67,66.7,2,3.6,1,69.7,13.1,1.16,65.86,0
STU_03709,BCA / MCA,2,6.55,CR007,91.23,16,3.95,77.3,4,4.4,5,85.3,23.7,1.46,91.59,1
STU_03710,M.S. Computer Science,1,7.19,CR006,87.2,22,3.81,93.6,3,4.5,2,88.1,16.0,1.75,82.0,1
STU_03711,B.Tech Electronics,2,8.78,CR007,96.82,12,3.94,88.8,5,4.7,4,94.7,29.5,1.9,99.5,1
STU_03712,M.S. Computer Science,3,8.01,CR008,74.61,15,3.63,58.2,3,3.7,1,56.0,14.8,1.38,66.05,0
STU_03713,B.Tech Information Technology,2,7.11,CR007,94.52,18,4.41,84.5,8,4.7,6,91.6,23.8,1.95,97.89,1
STU_03714,B.Tech Computer Science,2,8.3,CR004,71.71,9,3.18,60.3,4,3.7,1,67.3,9.3,1.08,63.76,0
STU_03715,B.Tech Electronics,3,7.7,CR005,58.64,10,2.09,35.8,2,1.3,1,26.7,7.9,0.93,47.42,0
STU_03716,B.Tech Computer Science,1,8.42,CR002,61.64,13,2.4,55.6,4,3.7,2,59.6,11.9,1.31,62.83,0
STU_03717,B.S. Data Science,2,7.41,CR004,76.45,17,3.12,65.5,4,3.2,2,52.1,10.9,1.06,68.46,0
STU_03718,B.Tech Electronics,3,7.77,CR001,99.4,18,4.42,79.0,5,4.9,3,89.7,29.5,2.12,94.92,1
STU_03719,B.Tech Information Technology,2,7.21,CR009,29.25,10,1.0,26.3,1,1.2,0,37.7,4.1,1.0,26.14,0
STU_03720,B.Tech Computer Science,2,9.85,CR008,80.86,20,3.48,57.6,3,3.6,1,63.8,16.0,1.1,68.67,0
STU_03721,M.S. Computer Science,3,8.36,CR005,68.72,12,2.52,58.4,4,3.7,2,58.6,8.4,1.1,63.96,0
STU_03722,B.Tech Electronics,1,7.97,CR010,41.81,10,1.52,37.2,1,1.4,0,28.5,8.0,0.77,31.46,0
STU_03723,B.Tech Computer Science,2,8.42,CR010,94.48,22,4.02,78.7,6,4.5,5,76.5,15.4,1.41,91.28,1
STU_03724,B.Tech Electronics,2,6.15,CR010,69.85,16,2.82,70.9,4,2.7,1,65.3,8.3,1.28,65.61,0
STU_03725,M.S. Computer Science,1,5.57,CR009,66.55,14,2.78,60.4,3,2.8,3,63.5,13.3,1.32,63.53,0
STU_03726,M.S. Computer Science,2,7.61,CR005,84.13,18,4.41,77.0,5,4.6,2,86.4,17.4,1.36,87.96,1
STU_03727,BCA / MCA,2,8.26,CR006,70.83,13,2.98,68.3,3,2.8,1,67.7,16.6,1.37,64.15,0
STU_03728,B.Tech Electronics,1,6.85,CR005,81.26,22,3.85,77.3,3,3.8,5,77.2,16.2,1.74,77.66,1
STU_03729,M.S. Computer Science,3,7.38,CR002,83.29,15,3.86,74.5,6,4.4,4,86.3,17.3,1.65,84.45,1
STU_03730,BCA / MCA,3,7.59,CR001,45.96,10,1.83,41.1,0,2.4,0,24.0,6.6,0.72,37.27,0
STU_03731,M.S. Computer Science,2,7.4,CR009,63.6,17,2.82,41.8,4,2.7,3,64.0,8.8,1.08,63.98,0
STU_03732,B.S. Data Science,3,7.97,CR004,93.59,21,4.3,81.0,4,4.5,5,81.3,17.2,1.49,91.21,1
STU_03733,B.S. Data Science,3,8.34,CR008,44.17,8,1.81,41.1,1,2.4,0,38.9,5.0,0.67,37.66,0
STU_03734,B.Tech Information Technology,3,8.42,CR010,34.72,11,1.4,42.2,0,1.6,1,41.0,7.7,0.74,34.5,0
STU_03735,B.Tech Information Technology,2,8.24,CR007,98.51,23,4.98,100.0,6,4.9,4,92.3,25.4,1.75,95.73,1
STU_03736,B.Tech Electronics,1,9.76,CR005,77.28,13,3.43,71.7,3,4.0,4,81.0,18.5,1.74,80.79,1
STU_03737,B.Tech Computer Science,2,6.25,CR003,87.52,16,3.78,83.7,4,4.1,2,85.6,21.8,1.79,83.39,1
STU_03738,M.S. Computer Science,1,6.89,CR006,63.7,7,2.83,47.8,2,3.7,1,59.3,11.2,1.18,58.28,0
STU_03739,B.S. Data Science,3,8.32,CR002,35.34,8,1.43,27.8,2,1.2,1,34.3,6.7,0.82,28.06,0
STU_03740,BCA / MCA,2,8.33,CR005,44.45,15,2.29,30.1,0,2.1,0,43.5,5.8,0.83,33.31,0
STU_03741,B.S. Data Science,2,8.04,CR004,90.98,21,4.12,82.9,3,4.2,2,75.6,14.7,1.4,76.02,1
STU_03742,M.S. Computer Science,2,7.75,CR010,71.43,14,3.02,70.3,4,3.1,1,58.7,16.5,1.13,69.55,0
STU_03743,B.Tech Information Technology,3,8.31,CR009,98.0,20,4.83,93.6,5,4.9,6,89.8,26.3,1.82,99.5,1
STU_03744,B.Tech Information Technology,3,8.39,CR005,89.78,24,3.99,76.8,6,4.5,3,81.1,19.8,1.69,89.99,1
STU_03745,B.Tech Information Technology,1,6.08,CR002,96.53,21,4.48,89.5,7,4.6,4,89.9,26.2,1.72,96.76,1
STU_03746,B.Tech Information Technology,2,9.15,CR005,92.41,20,4.14,88.1,4,4.2,3,75.7,18.1,1.39,87.49,1
STU_03747,B.Tech Electronics,1,6.65,CR009,90.49,19,3.69,71.7,3,4.0,2,83.8,22.2,1.55,82.83,1
STU_03748,B.Tech Information Technology,2,7.4,CR009,71.45,16,2.94,65.3,4,3.0,2,68.9,8.6,1.1,68.75,0
STU_03749,B.Tech Information Technology,1,7.04,CR001,32.18,11,1.37,23.1,1,2.4,1,27.1,8.9,0.81,31.41,0
STU_03750,BCA / MCA,2,7.64,CR001,97.84,16,3.96,88.1,6,4.6,3,94.9,21.5,1.89,91.35,1
STU_03751,B.Tech Computer Science,2,9.06,CR004,63.85,12,2.52,48.9,3,3.0,3,72.8,17.3,1.15,69.36,0
STU_03752,B.Tech Information Technology,1,10.0,CR006,49.3,11,1.61,37.7,2,1.7,0,43.9,7.1,0.81,40.39,0
STU_03753,B.Tech Computer Science,2,7.79,CR008,79.23,11,3.29,60.0,2,3.4,1,66.3,12.3,1.16,67.18,0
STU_03754,B.Tech Computer Science,2,7.37,CR003,68.35,11,2.9,58.1,4,3.3,1,59.3,13.3,1.11,62.4,0
STU_03755,B.Tech Computer Science,3,7.38,CR004,79.39,17,3.26,65.2,2,3.4,1,63.6,13.5,1.28,67.38,0
STU_03756,B.Tech Computer Science,2,9.09,CR003,35.02,6,1.12,21.6,0,2.3,0,42.3,4.2,0.8,27.63,0
STU_03757,M.S. Computer Science,3,8.4,CR010,50.53,11,1.95,49.4,2,1.3,1,30.2,7.0,0.79,41.98,0
STU_03758,B.Tech Computer Science,2,8.79,CR008,23.77,10,1.0,13.2,0,1.1,0,44.8,6.5,0.99,17.99,0
STU_03759,B.S. Data Science,2,9.02,CR005,79.43,11,4.12,82.1,3,3.8,5,85.5,22.9,1.71,81.4,1
STU_03760,B.Tech Computer Science,2,7.96,CR009,95.87,19,4.24,82.7,3,4.6,5,80.3,23.3,1.43,88.84,1
STU_03761,B.Tech Computer Science,2,9.62,CR005,37.8,8,1.44,38.0,0,1.9,0,48.4,6.7,0.93,35.96,0
STU_03762,B.Tech Information Technology,3,8.61,CR005,87.75,15,4.26,83.6,4,4.3,3,79.9,19.7,1.47,88.73,1
STU_03763,B.S. Data Science,1,6.87,CR007,34.67,5,1.51,32.3,1,2.4,0,49.8,9.4,0.63,33.95,0
STU_03764,B.Tech Information Technology,3,6.85,CR005,78.91,19,3.45,60.2,4,4.3,2,75.8,14.7,1.39,76.45,1
STU_03765,M.S. Computer Science,2,8.65,CR008,81.49,16,3.78,80.3,6,4.0,3,87.7,18.8,1.52,88.68,1
STU_03766,B.Tech Electronics,2,6.68,CR004,91.56,18,4.12,75.0,6,3.9,4,83.8,20.7,1.73,90.21,1
STU_03767,B.S. Data Science,1,8.06,CR003,61.73,11,2.28,50.5,2,3.7,3,69.3,10.7,1.04,63.65,0
STU_03768,B.Tech Electronics,2,6.74,CR005,85.65,17,3.37,70.5,3,3.9,3,79.0,24.8,1.75,78.05,1
STU_03769,B.S. Data Science,3,9.27,CR006,73.28,10,2.87,70.2,3,3.1,1,57.8,9.3,1.35,60.62,0
STU_03770,B.Tech Electronics,1,9.11,CR002,41.39,15,2.0,39.8,2,1.7,0,36.1,9.7,0.77,37.72,0
STU_03771,B.S. Data Science,3,8.01,CR009,64.02,8,2.64,52.8,2,3.6,1,50.3,15.7,1.07,56.41,0
STU_03772,B.Tech Electronics,2,7.95,CR007,96.2,20,5.0,98.2,7,4.9,6,97.2,29.2,1.87,98.81,1
STU_03773,B.S. Data Science,2,6.47,CR007,86.6,17,3.92,77.0,6,4.1,3,83.4,23.7,1.47,87.86,1
STU_03774,B.Tech Information Technology,2,7.87,CR001,99.76,24,4.94,92.6,7,4.5,5,96.6,22.6,1.7,99.5,1
STU_03775,B.Tech Electronics,2,7.82,CR009,89.53,19,4.29,82.0,6,3.9,2,82.0,24.7,1.55,89.32,1
STU_03776,M.S. Computer Science,1,8.67,CR001,57.31,13,2.41,47.9,4,2.7,3,64.6,9.5,1.3,58.85,0
STU_03777,B.Tech Information Technology,1,7.36,CR005,46.88,14,1.83,38.5,1,1.0,0,29.7,8.7,0.94,38.36,0
STU_03778,B.Tech Electronics,2,8.56,CR003,90.06,18,3.41,79.3,5,4.3,3,87.2,21.4,1.51,83.82,1
STU_03779,B.S. Data Science,2,8.59,CR009,64.45,21,2.24,43.9,3,2.7,1,54.2,10.3,1.35,51.58,0
STU_03780,M.S. Computer Science,1,10.0,CR004,71.25,13,2.47,53.6,4,3.6,2,68.0,12.5,1.29,65.48,0
STU_03781,B.S. Data Science,2,9.21,CR003,46.6,10,2.13,46.2,0,2.0,0,46.4,5.1,0.86,37.29,0
STU_03782,B.Tech Computer Science,3,5.88,CR004,88.76,26,3.74,81.8,6,4.2,3,79.4,18.6,1.36,93.55,1
STU_03783,B.Tech Computer Science,2,9.02,CR006,36.7,2,1.37,27.0,0,1.1,0,34.9,7.0,0.62,28.19,0
STU_03784,B.Tech Computer Science,1,7.9,CR001,83.1,6,3.26,68.9,3,3.6,1,72.5,16.1,1.35,72.34,0
STU_03785,B.S. Data Science,3,8.2,CR007,65.51,17,2.61,58.0,4,2.5,1,74.7,10.3,1.37,61.89,0
STU_03786,M.S. Computer Science,1,8.33,CR009,52.42,15,2.68,48.5,4,2.7,1,56.1,14.2,1.17,53.55,0
STU_03787,B.Tech Computer Science,2,7.39,CR007,78.33,8,3.27,64.5,3,4.0,2,82.9,15.4,1.73,70.71,0
STU_03788,B.Tech Electronics,2,8.93,CR003,83.85,20,3.71,78.2,4,4.5,5,75.2,15.4,1.31,87.63,1
STU_03789,B.Tech Information Technology,3,7.3,CR010,77.69,17,3.57,66.7,6,4.0,2,86.6,16.5,1.49,73.47,0
STU_03790,B.Tech Electronics,1,9.35,CR006,62.38,14,3.12,58.3,2,2.7,3,69.8,12.6,1.32,62.76,0
STU_03791,B.Tech Electronics,2,7.0,CR005,63.75,13,2.58,50.5,2,3.1,1,60.8,12.8,1.31,59.32,0
STU_03792,B.Tech Computer Science,3,8.47,CR010,55.91,12,2.71,52.9,4,3.7,1,61.2,11.5,1.38,60.92,0
STU_03793,B.Tech Information Technology,2,7.16,CR002,90.71,19,4.0,66.1,4,4.6,5,79.9,23.7,1.74,84.24,1
STU_03794,B.Tech Computer Science,3,7.92,CR009,91.59,13,4.0,79.9,5,4.2,2,86.7,14.1,1.71,85.84,1
STU_03795,BCA / MCA,2,9.03,CR006,77.92,13,3.18,63.2,5,3.9,3,88.3,23.9,1.58,79.22,1
STU_03796,M.S. Computer Science,3,9.35,CR005,48.7,12,1.67,41.8,0,2.2,0,43.8,9.9,0.7,41.59,0
STU_03797,BCA / MCA,2,7.99,CR001,48.59,10,1.49,40.5,0,2.2,1,36.0,9.1,0.83,43.21,0
STU_03798,B.Tech Information Technology,2,8.14,CR007,47.98,11,1.58,33.9,1,2.1,1,40.9,7.6,0.64,39.27,0
STU_03799,M.S. Computer Science,2,6.84,CR005,68.17,15,2.76,58.8,4,2.9,2,53.4,10.9,1.23,65.21,0
STU_03800,B.Tech Electronics,2,8.37,CR003,85.3,18,3.35,65.3,3,4.4,2,77.6,16.4,1.43,76.64,1
STU_03801,M.S. Computer Science,1,7.8,CR001,95.9,12,4.04,71.2,3,4.1,3,78.6,16.3,1.69,84.73,1
STU_03802,B.Tech Information Technology,2,8.04,CR009,68.92,14,2.89,60.9,3,2.6,1,66.7,10.0,1.06,63.42,0
STU_03803,B.Tech Information Technology,3,8.57,CR007,43.63,10,1.49,33.1,2,2.0,1,31.7,6.9,0.68,37.57,0
STU_03804,M.S. Computer Science,3,7.75,CR008,59.81,12,2.35,47.5,3,3.2,1,73.2,17.3,1.29,59.24,0
STU_03805,B.Tech Electronics,2,8.84,CR006,61.61,9,2.65,40.7,2,2.6,2,51.0,10.6,1.16,51.03,0
STU_03806,B.S. Data Science,1,7.38,CR004,77.4,19,2.91,70.2,3,3.2,1,53.2,16.8,1.3,66.15,0
STU_03807,B.Tech Computer Science,2,7.81,CR003,69.78,11,2.91,57.7,4,3.3,1,68.6,9.5,1.25,70.24,0
STU_03808,M.S. Computer Science,3,9.08,CR002,65.87,13,2.5,54.4,4,3.0,2,64.9,15.8,1.25,70.64,0
STU_03809,B.Tech Computer Science,2,7.52,CR006,62.21,11,2.87,58.4,2,3.4,2,67.1,12.0,1.1,60.98,0
STU_03810,BCA / MCA,3,7.99,CR007,48.63,8,1.71,27.7,0,1.1,0,35.3,9.6,0.64,35.74,0
STU_03811,B.Tech Electronics,2,7.1,CR004,52.23,11,2.36,31.0,1,1.5,1,49.2,7.2,0.79,42.81,0
STU_03812,B.Tech Computer Science,1,9.51,CR003,64.5,12,2.7,49.5,4,2.5,1,67.7,15.7,1.34,60.73,0
STU_03813,B.Tech Electronics,1,7.89,CR002,93.38,26,3.94,89.0,4,4.4,3,80.9,17.7,1.8,87.88,1
STU_03814,B.Tech Information Technology,2,5.85,CR007,26.36,11,1.0,22.4,0,1.6,0,34.7,4.4,0.61,26.31,0
STU_03815,B.Tech Computer Science,2,8.32,CR005,91.38,17,4.23,80.3,7,4.7,3,90.6,29.2,2.15,93.71,1
STU_03816,B.Tech Electronics,3,5.87,CR007,93.72,13,4.27,82.6,4,4.0,4,87.2,21.1,1.47,89.73,1
STU_03817,B.S. Data Science,2,7.33,CR001,99.63,24,4.76,100.0,7,4.9,4,90.2,30.9,1.95,90.07,1
STU_03818,B.Tech Information Technology,3,7.68,CR007,93.38,18,4.25,95.8,7,4.6,6,92.5,21.4,2.08,93.9,1
STU_03819,B.Tech Computer Science,1,6.76,CR002,57.6,9,2.48,55.1,2,2.8,2,57.9,14.8,1.15,57.14,0
STU_03820,B.Tech Electronics,3,6.18,CR004,97.41,22,4.49,90.5,7,4.8,6,90.6,31.7,2.0,98.33,1
STU_03821,B.Tech Information Technology,2,7.67,CR006,74.02,17,3.1,58.7,3,3.6,1,63.4,12.2,1.02,66.81,0
STU_03822,B.Tech Electronics,3,7.93,CR009,27.57,10,1.23,28.0,1,1.9,0,44.2,8.4,0.9,26.86,0
STU_03823,BCA / MCA,2,8.61,CR008,89.3,23,4.07,82.3,4,4.3,5,79.4,17.5,1.59,89.36,1
STU_03824,B.Tech Electronics,3,8.76,CR009,68.46,16,3.01,60.7,3,3.7,3,65.8,9.9,1.27,64.74,0
STU_03825,B.Tech Electronics,3,7.09,CR007,91.07,20,4.35,84.3,6,4.8,5,91.9,26.2,2.18,94.48,1
STU_03826,B.Tech Computer Science,3,8.22,CR010,91.57,21,4.55,70.6,6,3.8,5,79.8,17.9,1.59,92.32,1
STU_03827,M.S. Computer Science,3,9.43,CR005,90.39,17,4.0,80.7,5,3.9,5,78.3,15.5,1.55,87.45,1
STU_03828,B.Tech Electronics,3,7.66,CR003,54.33,13,2.48,45.8,4,2.7,1,67.2,9.2,1.07,53.62,0
STU_03829,B.S. Data Science,1,6.63,CR007,99.32,24,4.53,98.1,5,4.4,5,88.2,26.7,1.99,99.5,1
STU_03830,M.S. Computer Science,2,8.16,CR005,90.15,27,4.63,90.6,6,4.8,4,96.4,31.2,1.78,95.41,1
STU_03831,B.S. Data Science,3,5.93,CR004,76.14,15,3.19,61.1,3,3.2,3,67.4,12.5,1.32,70.17,0
STU_03832,B.Tech Electronics,3,9.09,CR007,76.73,14,3.21,65.6,2,3.2,1,62.5,11.0,1.22,61.45,0
STU_03833,B.Tech Computer Science,2,7.66,CR007,92.02,15,4.25,78.6,5,4.2,3,82.0,15.9,1.37,88.03,1
STU_03834,B.S. Data Science,2,8.64,CR003,31.34,11,1.2,29.7,1,1.9,1,41.2,5.3,0.8,28.01,0
STU_03835,B.S. Data Science,2,9.17,CR002,92.68,20,4.15,88.8,3,4.1,5,86.8,23.2,1.48,89.62,1
STU_03836,B.Tech Information Technology,2,7.49,CR002,81.11,18,3.55,65.3,3,2.9,1,58.4,17.1,1.32,71.86,0
STU_03837,B.Tech Computer Science,3,8.25,CR007,35.84,12,1.73,29.7,0,1.3,1,47.5,9.8,0.99,35.68,0
STU_03838,BCA / MCA,2,8.91,CR005,77.61,14,3.04,65.3,4,3.3,1,68.9,15.0,1.04,70.99,0
STU_03839,BCA / MCA,1,7.24,CR009,74.76,21,3.69,61.6,3,3.5,3,55.3,10.2,1.18,64.97,0
STU_03840,B.Tech Computer Science,3,9.8,CR007,64.82,15,2.81,62.0,2,2.7,2,53.6,11.7,1.17,60.42,0
STU_03841,B.Tech Computer Science,3,7.93,CR001,62.05,6,1.81,47.9,0,2.1,1,37.7,4.2,0.63,42.32,0
STU_03842,B.S. Data Science,1,7.07,CR005,46.9,12,1.91,42.2,2,1.2,0,34.1,4.3,0.91,41.31,0
STU_03843,B.Tech Information Technology,3,9.16,CR002,83.85,15,3.83,70.9,3,3.9,4,83.2,24.1,1.7,88.13,1
STU_03844,M.S. Computer Science,3,8.26,CR009,82.95,12,3.33,59.5,2,3.8,2,53.1,12.6,1.1,69.81,0
STU_03845,B.Tech Information Technology,1,8.71,CR009,67.5,13,2.73,70.5,2,2.9,1,61.6,10.3,1.28,58.21,0
STU_03846,B.Tech Information Technology,1,8.93,CR004,50.22,13,1.8,42.6,1,1.3,0,24.3,5.2,0.96,33.38,0
STU_03847,B.Tech Computer Science,1,8.14,CR005,55.4,8,2.35,33.7,0,1.7,0,29.2,9.7,0.68,30.84,0
STU_03848,B.S. Data Science,3,8.32,CR008,87.65,11,3.98,74.1,4,4.1,2,86.8,14.7,1.48,84.69,1
STU_03849,BCA / MCA,2,7.31,CR002,66.43,12,2.33,49.2,3,2.6,3,57.0,9.7,1.33,61.08,0
STU_03850,M.S. Computer Science,2,8.78,CR002,80.54,17,3.14,75.4,6,4.3,3,81.8,14.5,1.53,87.08,1
STU_03851,B.S. Data Science,2,8.56,CR010,94.2,20,4.05,85.4,5,4.6,5,96.4,20.4,1.99,93.41,1
STU_03852,B.Tech Computer Science,2,5.69,CR005,82.65,10,3.5,66.4,6,4.5,4,80.3,22.2,1.78,83.38,1
STU_03853,B.S. Data Science,3,7.65,CR002,38.31,12,1.56,25.9,1,1.5,1,20.5,8.9,0.63,32.61,0
STU_03854,B.Tech Information Technology,2,8.94,CR003,86.44,17,3.67,69.1,3,4.0,5,80.1,14.9,1.57,81.43,1
STU_03855,B.Tech Information Technology,2,8.49,CR008,81.46,12,3.09,59.8,2,3.4,2,58.5,15.4,1.22,71.47,0
STU_03856,B.Tech Information Technology,3,7.34,CR010,79.98,15,3.58,70.5,4,4.4,5,83.3,15.6,1.71,85.9,1
STU_03857,B.Tech Computer Science,3,8.99,CR002,58.61,13,2.35,43.8,4,3.6,3,69.2,12.9,1.06,62.65,0
STU_03858,M.S. Computer Science,1,7.82,CR010,56.69,16,2.5,53.3,2,3.2,1,67.9,17.3,1.14,55.94,0
STU_03859,B.Tech Information Technology,2,9.64,CR010,67.39,17,2.87,58.3,3,3.3,2,61.6,9.4,1.32,62.24,0
STU_03860,B.Tech Electronics,2,9.03,CR002,66.62,10,2.42,52.8,3,3.2,2,54.5,8.6,1.11,55.06,0
STU_03861,B.Tech Information Technology,1,9.39,CR007,64.43,21,2.32,47.3,2,3.4,1,70.3,9.2,1.11,56.93,0
STU_03862,B.Tech Information Technology,3,6.23,CR009,57.72,7,2.02,30.2,2,1.6,1,25.2,6.9,0.85,45.59,0
STU_03863,B.S. Data Science,2,6.98,CR009,45.66,12,1.88,43.7,0,1.5,1,39.1,7.8,0.85,37.03,0
STU_03864,BCA / MCA,3,8.63,CR004,82.21,16,3.13,69.0,4,4.6,3,84.5,19.9,1.32,82.65,1
STU_03865,B.Tech Electronics,3,6.8,CR003,96.32,20,4.64,99.4,5,4.5,6,92.6,18.4,1.79,98.27,1
STU_03866,M.S. Computer Science,1,6.68,CR007,82.27,16,3.39,65.9,3,2.6,3,60.9,13.1,1.26,76.95,1
STU_03867,B.S. Data Science,3,8.86,CR005,61.28,6,2.73,57.5,3,3.1,1,60.3,12.1,1.13,59.93,0
STU_03868,B.Tech Electronics,3,8.31,CR006,19.12,8,1.07,18.9,2,2.1,0,21.5,8.8,0.92,23.09,0
STU_03869,B.Tech Information Technology,2,7.77,CR006,91.88,24,4.2,80.9,4,4.0,2,84.9,23.3,1.53,87.69,1
STU_03870,B.S. Data Science,1,6.68,CR002,86.51,19,3.61,80.6,5,4.5,3,89.2,14.0,1.41,85.37,1
STU_03871,B.Tech Electronics,1,5.74,CR008,97.23,25,4.52,93.7,6,4.4,4,90.7,30.0,1.84,97.07,1
STU_03872,B.S. Data Science,1,7.39,CR009,92.16,18,3.86,88.5,4,4.2,4,79.4,20.8,1.39,90.92,1
STU_03873,B.Tech Information Technology,3,7.91,CR002,83.38,12,3.27,67.0,2,2.7,3,70.4,16.0,1.37,71.58,0
STU_03874,B.Tech Information Technology,2,8.03,CR005,65.96,18,3.0,57.5,2,3.2,1,53.9,8.5,1.33,55.64,0
STU_03875,B.Tech Computer Science,2,7.66,CR002,84.93,15,4.01,71.4,3,3.9,2,85.1,23.4,1.35,80.2,1
STU_03876,B.S. Data Science,3,6.41,CR001,57.3,7,1.94,40.9,1,1.5,0,21.5,7.8,0.89,42.97,0
STU_03877,B.Tech Electronics,2,6.4,CR006,78.31,15,3.28,69.4,6,4.3,4,77.1,17.8,1.79,77.98,1
STU_03878,B.Tech Electronics,3,7.53,CR004,52.68,13,2.33,30.9,2,1.9,1,39.2,6.0,0.69,45.04,0
STU_03879,B.Tech Information Technology,2,7.75,CR002,57.74,7,2.14,43.9,1,1.9,0,41.2,4.3,1.0,43.47,0
STU_03880,B.Tech Computer Science,3,6.99,CR005,91.72,25,4.79,97.2,8,4.4,5,93.9,31.2,1.63,89.7,1
STU_03881,B.Tech Information Technology,2,8.57,CR010,82.78,21,3.7,80.6,3,4.2,4,89.9,20.7,1.43,79.74,1
STU_03882,B.Tech Electronics,2,7.37,CR006,75.95,13,3.04,59.9,2,3.0,1,62.9,12.5,1.38,63.85,0
STU_03883,M.S. Computer Science,3,9.55,CR008,95.03,21,4.94,86.1,7,4.9,3,90.7,22.1,2.13,92.76,1
STU_03884,B.Tech Information Technology,2,9.51,CR006,87.74,17,3.83,74.1,6,4.1,2,80.5,19.9,1.5,85.1,1
STU_03885,B.S. Data Science,2,5.75,CR003,85.3,15,3.21,70.0,4,3.7,1,61.0,16.5,1.1,74.79,0
STU_03886,BCA / MCA,3,8.15,CR008,49.91,10,1.95,34.0,2,1.3,1,35.5,7.8,0.87,37.75,0
STU_03887,B.Tech Computer Science,1,6.39,CR005,59.87,11,3.11,53.1,4,3.0,2,74.4,11.4,1.18,62.74,0
STU_03888,B.S. Data Science,2,6.57,CR008,83.44,10,3.32,60.9,2,2.8,2,51.5,14.6,1.33,69.92,0
STU_03889,B.Tech Computer Science,2,6.67,CR001,85.33,16,3.52,74.9,2,3.3,3,62.0,16.3,1.31,79.92,1
STU_03890,B.Tech Electronics,1,8.22,CR007,86.88,13,3.68,68.6,6,3.8,3,77.4,21.7,1.7,85.14,1
STU_03891,B.Tech Electronics,2,7.42,CR001,39.49,6,1.37,28.9,1,2.0,1,48.2,9.1,0.78,37.51,0
STU_03892,B.S. Data Science,3,8.05,CR009,32.41,2,1.68,26.7,0,1.2,1,48.1,4.2,0.79,27.07,0
STU_03893,B.S. Data Science,3,7.86,CR005,75.67,11,3.16,69.1,3,3.5,3,73.6,14.5,1.38,74.49,0
STU_03894,B.Tech Electronics,2,7.98,CR007,41.06,6,1.31,41.4,2,1.4,0,49.9,7.0,0.96,35.85,0
STU_03895,B.S. Data Science,2,5.51,CR007,78.65,17,3.2,72.3,6,4.1,3,84.4,22.8,1.67,78.2,1
STU_03896,B.Tech Electronics,1,6.68,CR009,82.53,18,3.39,76.3,3,4.0,5,82.6,20.6,1.35,83.55,1
STU_03897,B.Tech Electronics,2,9.1,CR003,28.58,9,1.14,22.4,2,1.1,1,35.0,7.5,0.74,23.5,0
STU_03898,BCA / MCA,2,7.88,CR008,95.4,29,4.74,94.9,6,4.8,5,92.8,29.8,1.81,97.63,1
STU_03899,B.Tech Information Technology,3,6.98,CR007,53.16,13,2.65,41.0,4,3.4,1,61.9,9.5,1.19,48.24,0
STU_03900,B.S. Data Science,2,7.38,CR004,94.81,22,4.18,85.1,6,4.2,5,84.6,24.4,1.77,93.23,1
STU_03901,M.S. Computer Science,1,6.6,CR001,95.58,20,3.65,82.9,6,3.8,3,76.9,16.1,1.74,91.85,1
STU_03902,B.Tech Information Technology,1,5.82,CR006,80.05,20,3.49,74.5,4,3.8,4,81.0,22.5,1.68,81.37,1
STU_03903,B.Tech Computer Science,2,8.48,CR001,99.92,20,4.09,90.0,4,4.0,5,75.6,19.7,1.57,89.31,1
STU_03904,B.Tech Information Technology,2,8.87,CR002,93.93,19,4.46,83.7,7,4.9,6,91.2,30.5,1.72,95.79,1
STU_03905,B.Tech Electronics,3,7.17,CR001,73.72,15,2.82,52.0,4,3.5,3,65.3,15.6,1.18,73.1,0
STU_03906,BCA / MCA,2,8.09,CR008,42.7,7,1.98,23.6,1,1.1,1,32.8,6.7,0.91,36.94,0
STU_03907,B.Tech Electronics,3,10.0,CR006,82.96,11,3.03,71.1,3,3.5,1,67.4,9.0,1.13,70.32,0
STU_03908,M.S. Computer Science,3,6.71,CR001,29.38,10,1.07,27.1,2,1.5,1,21.3,5.3,0.64,30.14,0
STU_03909,B.Tech Information Technology,3,8.64,CR008,58.93,10,2.28,44.7,1,1.3,0,21.5,6.0,0.94,43.2,0
STU_03910,B.Tech Electronics,3,9.68,CR003,53.32,8,1.94,39.6,0,2.2,0,28.3,8.2,0.92,41.83,0
STU_03911,BCA / MCA,1,6.84,CR002,36.82,7,1.52,20.5,0,1.1,1,43.1,8.9,0.61,30.26,0
STU_03912,B.S. Data Science,2,6.5,CR008,72.94,12,3.0,62.8,2,2.5,2,60.7,17.8,1.4,62.22,0
STU_03913,B.Tech Computer Science,2,6.67,CR001,90.0,19,3.22,65.7,4,4.4,4,85.3,21.9,1.66,90.55,1
STU_03914,B.Tech Computer Science,2,9.32,CR009,64.05,19,2.61,65.3,4,2.7,1,66.1,10.4,1.17,62.87,0
STU_03915,B.Tech Computer Science,2,9.21,CR002,90.5,16,3.55,78.4,3,4.3,3,86.9,14.6,1.77,85.57,1
STU_03916,M.S. Computer Science,3,10.0,CR003,28.13,3,1.02,27.4,0,1.4,1,23.7,8.8,0.88,26.3,0
STU_03917,M.S. Computer Science,3,7.74,CR001,45.39,14,1.97,38.4,1,1.5,0,25.9,4.9,0.97,34.34,0
STU_03918,BCA / MCA,2,8.16,CR008,86.78,16,3.37,66.5,3,4.5,5,89.1,18.4,1.33,79.99,1
STU_03919,M.S. Computer Science,1,6.45,CR002,58.11,11,2.4,50.5,2,2.9,1,53.5,8.1,1.39,50.83,0
STU_03920,B.Tech Computer Science,2,5.84,CR004,80.31,22,3.52,63.1,2,3.6,2,60.1,15.6,1.21,65.65,0
STU_03921,BCA / MCA,1,7.11,CR001,59.67,16,2.16,57.5,2,3.4,1,57.0,12.8,1.07,56.46,0
STU_03922,B.Tech Information Technology,2,8.01,CR008,53.51,11,2.33,33.2,1,1.1,1,43.9,6.5,0.61,36.14,0
STU_03923,M.S. Computer Science,2,7.98,CR002,88.51,17,4.33,86.8,6,4.4,3,87.3,22.1,1.34,86.78,1
STU_03924,M.S. Computer Science,2,6.95,CR008,65.9,14,2.8,58.3,2,3.1,3,64.6,13.5,1.07,60.72,0
STU_03925,B.Tech Computer Science,2,7.79,CR010,36.36,7,2.04,27.9,1,1.0,1,34.7,7.8,0.76,29.76,0
STU_03926,B.S. Data Science,1,6.95,CR006,59.94,17,2.48,44.8,4,3.4,3,50.7,8.0,1.16,59.8,0
STU_03927,B.S. Data Science,1,8.11,CR010,19.39,2,1.11,23.9,2,1.2,0,42.1,8.1,0.95,24.18,0
STU_03928,B.Tech Information Technology,2,8.48,CR003,96.88,18,4.62,100.0,8,4.5,4,93.2,25.9,1.67,99.5,1
STU_03929,M.S. Computer Science,3,5.49,CR003,91.3,14,3.91,79.1,3,4.0,5,84.1,17.9,1.53,88.14,1
STU_03930,B.Tech Information Technology,2,7.43,CR001,89.29,17,3.36,52.5,4,2.5,2,67.5,17.8,1.24,68.73,0
STU_03931,B.Tech Computer Science,1,6.57,CR007,87.56,16,3.9,76.7,6,4.3,5,80.4,20.5,1.56,91.3,1
STU_03932,BCA / MCA,2,8.83,CR003,64.13,14,2.77,56.3,2,3.2,3,52.4,17.7,1.03,61.18,0
STU_03933,BCA / MCA,2,7.97,CR004,81.08,18,3.18,69.7,3,3.2,3,60.2,12.9,1.26,75.71,1
STU_03934,BCA / MCA,2,8.2,CR006,29.08,6,1.18,27.1,2,1.3,0,32.6,6.1,0.98,29.5,0
STU_03935,M.S. Computer Science,3,9.41,CR007,63.83,10,2.53,54.5,2,2.7,2,74.3,8.0,1.21,61.77,0
STU_03936,BCA / MCA,2,7.75,CR006,89.6,19,4.2,87.7,3,4.4,3,89.6,19.1,1.71,87.86,1
STU_03937,B.Tech Computer Science,2,7.83,CR002,57.39,12,2.36,47.9,2,2.9,3,65.7,8.0,1.35,55.4,0
STU_03938,B.Tech Computer Science,1,9.21,CR002,93.21,21,4.4,89.0,7,4.9,4,88.9,19.3,1.92,95.57,1
STU_03939,M.S. Computer Science,1,9.58,CR005,66.66,14,2.97,59.3,2,3.4,3,59.5,9.6,1.07,62.08,0
STU_03940,B.Tech Information Technology,1,8.29,CR003,79.04,12,3.41,60.1,2,3.3,1,74.1,10.0,1.14,67.01,0
STU_03941,B.Tech Information Technology,1,6.82,CR003,46.65,12,1.81,48.2,0,1.5,0,47.8,8.7,0.73,39.73,0
STU_03942,B.Tech Information Technology,3,8.08,CR006,63.04,14,2.38,48.9,2,3.2,1,69.3,8.8,1.3,54.75,0
STU_03943,M.S. Computer Science,3,8.13,CR004,98.13,19,4.41,87.4,7,4.8,5,91.1,23.9,1.74,95.88,1
STU_03944,BCA / MCA,2,8.95,CR001,51.41,9,2.01,34.9,1,1.3,1,38.1,9.4,0.89,44.05,0
STU_03945,BCA / MCA,3,7.77,CR010,39.27,4,1.35,37.0,0,1.1,0,26.8,5.9,0.89,28.85,0
STU_03946,B.Tech Information Technology,2,8.36,CR004,75.1,18,2.88,64.3,2,3.1,3,56.5,12.6,1.32,66.75,0
STU_03947,B.Tech Electronics,1,7.62,CR009,26.42,9,1.0,16.1,2,2.3,0,22.1,9.0,0.66,26.73,0
STU_03948,B.Tech Computer Science,1,8.9,CR005,81.43,17,3.57,71.9,3,4.2,3,87.6,24.9,1.62,77.85,1
STU_03949,M.S. Computer Science,1,8.01,CR006,83.12,22,3.95,74.4,6,4.1,4,80.0,16.1,1.35,84.93,1
STU_03950,M.S. Computer Science,2,8.2,CR003,95.13,23,4.54,100.0,5,4.9,4,94.8,21.8,1.8,97.03,1
STU_03951,B.Tech Information Technology,3,6.16,CR007,37.14,7,1.36,33.8,1,2.4,1,39.1,4.4,0.77,35.85,0
STU_03952,B.S. Data Science,2,9.38,CR005,43.84,10,1.35,39.8,0,1.6,1,46.7,8.8,0.82,34.22,0
STU_03953,B.Tech Information Technology,2,9.2,CR005,48.28,13,2.08,54.8,4,2.8,1,52.7,17.0,1.38,56.13,0
STU_03954,B.Tech Electronics,2,9.99,CR002,67.15,14,2.43,54.9,2,2.7,2,53.9,11.5,1.3,60.61,0
STU_03955,B.Tech Electronics,1,8.22,CR004,25.2,8,1.0,23.6,1,2.4,0,48.1,8.1,0.66,29.9,0
STU_03956,BCA / MCA,2,7.98,CR007,90.62,17,3.52,81.9,5,4.0,5,76.9,14.4,1.72,88.77,1
STU_03957,B.S. Data Science,1,6.37,CR009,65.65,12,2.56,51.3,3,3.4,2,70.9,8.1,1.22,66.47,0
STU_03958,B.Tech Electronics,1,8.31,CR003,91.08,18,3.86,70.6,6,4.4,2,76.8,23.6,1.36,83.56,1
STU_03959,B.Tech Electronics,3,8.78,CR004,50.3,7,2.16,45.5,2,1.2,0,40.0,5.2,0.81,43.34,0
STU_03960,BCA / MCA,3,7.64,CR009,98.36,25,4.62,95.2,7,4.8,4,91.2,25.1,2.06,96.45,1
STU_03961,B.S. Data Science,1,8.36,CR003,86.15,22,3.87,66.9,3,3.8,4,83.0,14.8,1.4,82.69,1
STU_03962,BCA / MCA,2,6.73,CR006,70.79,13,3.07,68.5,3,2.5,1,58.9,17.6,1.33,65.13,0
STU_03963,B.S. Data Science,2,9.15,CR003,35.91,7,1.32,17.5,2,1.6,0,43.1,5.9,0.89,31.58,0
STU_03964,B.S. Data Science,2,7.72,CR001,55.6,10,2.05,43.4,3,2.5,2,70.8,13.7,1.15,56.1,0
STU_03965,M.S. Computer Science,2,5.83,CR003,79.51,16,3.25,68.1,4,2.6,1,54.4,17.3,1.13,65.52,0
STU_03966,B.S. Data Science,2,7.51,CR005,80.7,16,3.73,65.7,4,4.3,2,83.0,22.0,1.47,79.34,1
STU_03967,M.S. Computer Science,2,8.38,CR005,70.16,13,3.56,68.0,4,3.7,2,70.8,13.8,1.05,68.82,0
STU_03968,BCA / MCA,3,8.55,CR002,71.1,18,3.35,52.0,4,3.1,1,57.8,13.4,1.16,59.96,0
STU_03969,B.S. Data Science,3,7.61,CR008,81.23,15,3.01,67.0,3,2.7,2,68.7,16.9,1.21,70.76,0
STU_03970,BCA / MCA,2,7.77,CR010,26.91,9,1.02,30.7,0,1.6,0,41.9,8.0,0.77,27.97,0
STU_03971,B.Tech Information Technology,2,9.33,CR009,70.27,16,2.89,55.1,2,3.7,2,58.8,16.5,1.32,65.23,0
STU_03972,M.S. Computer Science,3,7.14,CR003,64.37,15,2.63,59.1,4,2.6,3,50.4,8.6,1.27,60.72,0
STU_03973,BCA / MCA,2,7.58,CR007,79.09,15,3.46,71.5,4,3.1,2,70.2,12.5,1.06,77.68,1
STU_03974,BCA / MCA,2,9.21,CR006,84.93,22,4.08,88.6,4,3.8,3,78.8,14.4,1.69,82.33,1
STU_03975,B.S. Data Science,2,8.2,CR008,41.26,10,1.73,40.4,0,2.4,0,31.8,4.9,0.82,35.43,0
STU_03976,BCA / MCA,2,7.75,CR007,76.47,13,2.99,56.2,4,3.2,3,58.1,8.3,1.02,69.61,0
STU_03977,B.Tech Information Technology,2,8.56,CR004,93.93,19,4.22,74.9,5,4.3,4,80.3,16.4,1.71,89.66,1
STU_03978,B.Tech Computer Science,3,6.89,CR007,46.39,7,1.93,31.7,0,1.9,0,27.6,7.4,0.72,36.82,0
STU_03979,B.Tech Information Technology,3,8.6,CR001,89.63,24,3.48,68.9,4,4.3,4,87.2,21.6,1.51,86.07,1
STU_03980,BCA / MCA,3,7.05,CR007,48.58,11,1.9,44.8,1,1.2,1,29.0,6.7,0.85,37.84,0
STU_03981,B.Tech Information Technology,2,8.58,CR004,81.87,13,3.08,58.2,3,3.0,1,56.2,13.7,1.0,69.75,0
STU_03982,BCA / MCA,1,6.47,CR003,82.17,16,3.46,66.5,4,3.8,4,84.6,24.3,1.75,79.27,1
STU_03983,B.Tech Computer Science,2,5.23,CR010,24.74,11,1.23,31.3,0,1.1,0,22.5,4.8,0.6,22.09,0
STU_03984,M.S. Computer Science,3,8.77,CR007,78.08,14,3.9,71.4,4,3.2,2,51.4,13.7,1.26,69.1,0
STU_03985,B.Tech Computer Science,1,8.61,CR007,52.96,6,2.45,36.3,1,2.5,0,23.5,6.1,0.89,35.5,0
STU_03986,M.S. Computer Science,2,8.53,CR004,51.02,11,1.94,42.0,1,1.1,1,48.8,7.5,0.97,42.42,0
STU_03987,BCA / MCA,1,7.64,CR004,79.15,15,2.98,61.9,2,3.7,3,66.5,17.5,1.03,66.52,0
STU_03988,B.Tech Computer Science,2,8.77,CR004,79.44,18,3.49,73.3,2,2.6,3,57.3,10.7,1.22,73.59,0
STU_03989,M.S. Computer Science,1,7.78,CR003,75.83,18,3.32,63.2,3,2.6,1,69.5,17.0,1.25,66.74,0
STU_03990,B.Tech Computer Science,3,6.16,CR004,59.14,16,2.52,52.8,2,3.5,3,59.0,10.1,1.37,58.26,0
STU_03991,B.Tech Computer Science,2,7.75,CR001,97.25,23,4.24,98.8,6,4.5,6,96.0,25.2,1.77,99.5,1
STU_03992,B.Tech Electronics,2,7.31,CR006,56.56,20,2.43,43.8,3,3.7,1,50.9,9.8,1.26,47.11,0
STU_03993,BCA / MCA,3,7.06,CR001,72.16,11,2.62,46.8,3,3.8,1,73.0,11.9,1.38,61.5,0
STU_03994,B.Tech Electronics,2,6.78,CR009,91.34,18,4.14,87.6,5,4.2,2,76.5,24.8,1.44,87.81,1
STU_03995,B.Tech Computer Science,2,10.0,CR004,74.61,13,3.58,61.3,2,3.6,2,65.8,13.6,1.14,67.7,0
STU_03996,B.Tech Electronics,1,7.98,CR007,87.99,16,4.04,74.5,4,4.5,2,86.1,22.5,1.63,79.86,1
STU_03997,B.Tech Information Technology,3,6.68,CR004,91.51,14,3.6,71.5,3,3.9,2,76.5,17.2,1.66,79.96,1
STU_03998,BCA / MCA,3,6.74,CR010,57.68,12,2.21,47.5,4,3.4,1,72.5,11.1,1.34,57.51,0
STU_03999,B.Tech Electronics,2,8.74,CR004,93.67,13,4.11,76.2,6,4.0,4,82.8,21.3,1.66,93.14,1
STU_04000,B.S. Data Science,3,8.69,CR005,48.16,9,1.82,43.2,2,1.8,0,28.7,8.3,0.76,37.75,0
STU_04001,B.Tech Electronics,1,9.11,CR008,86.35,22,3.62,81.5,6,4.1,4,84.9,14.5,1.48,88.26,1
STU_04002,B.Tech Electronics,3,7.75,CR001,79.14,14,2.54,62.6,4,3.6,1,52.9,17.7,1.37,73.21,0
STU_04003,B.S. Data Science,2,8.93,CR003,76.25,10,3.08,68.4,2,3.6,2,59.2,9.2,1.15,66.05,0
STU_04004,B.Tech Electronics,3,7.28,CR008,53.86,14,2.31,53.5,3,2.6,1,53.9,13.2,1.3,50.03,0
STU_04005,M.S. Computer Science,2,7.54,CR001,99.25,23,4.18,94.8,8,4.5,4,97.1,22.6,1.84,96.15,1
STU_04006,B.Tech Information Technology,2,8.25,CR003,36.35,5,1.38,35.5,0,1.5,1,43.4,4.9,0.89,36.53,0
STU_04007,M.S. Computer Science,2,9.59,CR005,68.29,16,2.96,57.5,3,3.1,1,54.8,8.1,1.27,57.25,0
STU_04008,B.Tech Electronics,1,8.92,CR005,84.67,17,3.33,72.4,3,3.6,1,57.9,10.9,1.2,70.75,0
STU_04009,M.S. Computer Science,3,10.0,CR010,63.35,12,2.92,59.4,4,2.9,1,74.7,17.1,1.13,62.72,0
STU_04010,B.Tech Information Technology,2,7.06,CR005,86.32,15,3.98,68.4,5,4.5,3,83.0,15.5,1.52,84.4,1
STU_04011,B.Tech Electronics,3,9.93,CR003,54.86,9,2.32,50.0,4,2.8,1,68.7,8.4,1.24,54.17,0
STU_04012,B.S. Data Science,2,8.12,CR003,31.71,5,1.0,31.6,1,1.5,1,40.2,5.0,0.63,28.56,0
STU_04013,B.Tech Computer Science,2,7.35,CR001,67.82,15,2.57,50.5,2,3.2,3,68.9,16.4,1.3,68.94,0
STU_04014,B.S. Data Science,2,7.08,CR006,71.08,10,2.93,65.0,3,2.5,1,64.2,15.1,1.17,62.17,0
STU_04015,B.Tech Computer Science,2,6.46,CR005,36.66,14,1.9,25.6,2,1.1,0,24.9,6.6,0.75,30.96,0
STU_04016,B.Tech Computer Science,2,7.43,CR004,85.37,19,3.68,67.6,2,2.6,2,58.7,13.6,1.25,72.55,0
STU_04017,BCA / MCA,2,7.04,CR005,78.9,18,2.98,67.6,4,2.5,3,71.7,13.2,1.37,74.3,0
STU_04018,B.Tech Electronics,3,8.04,CR005,47.89,3,1.64,35.8,2,2.4,1,28.9,6.2,0.79,41.62,0
STU_04019,B.S. Data Science,2,9.18,CR001,71.42,11,3.12,57.9,3,3.6,1,51.2,14.9,1.24,62.65,0
STU_04020,M.S. Computer Science,3,9.1,CR006,78.05,16,3.7,69.5,5,3.9,5,77.7,24.4,1.35,83.5,1
STU_04021,B.Tech Electronics,1,8.7,CR007,92.6,20,4.27,95.2,6,4.4,2,78.0,23.2,1.49,85.51,1
STU_04022,B.S. Data Science,2,6.82,CR002,61.67,7,2.53,42.9,4,3.4,3,67.7,17.3,1.01,62.76,0
STU_04023,M.S. Computer Science,2,6.44,CR001,38.39,11,1.19,30.0,1,1.3,0,30.8,9.0,0.8,33.49,0
STU_04024,M.S. Computer Science,3,8.9,CR001,92.74,14,3.76,78.7,5,4.2,4,86.5,15.0,1.63,89.62,1
STU_04025,B.Tech Computer Science,2,8.54,CR009,59.06,9,2.21,45.7,3,3.6,1,68.0,17.5,1.31,54.36,0
STU_04026,B.S. Data Science,2,8.21,CR007,36.98,6,1.43,35.6,0,1.1,0,21.9,5.1,0.89,30.06,0
STU_04027,BCA / MCA,2,6.23,CR005,88.23,19,3.9,86.8,6,4.9,4,90.8,29.5,2.19,89.27,1
STU_04028,B.Tech Computer Science,2,6.91,CR008,86.89,21,3.75,68.2,3,4.2,5,89.9,20.9,1.57,85.26,1
STU_04029,B.Tech Electronics,3,7.99,CR002,59.04,10,2.38,45.3,2,2.8,1,74.6,14.2,1.0,54.55,0
STU_04030,BCA / MCA,1,6.63,CR007,83.3,19,3.75,64.7,6,4.5,4,80.1,14.6,1.5,84.07,1
STU_04031,B.Tech Computer Science,2,7.49,CR009,69.93,17,2.62,55.9,4,3.7,3,51.7,13.9,1.06,69.37,0
STU_04032,B.Tech Electronics,2,9.07,CR009,86.39,24,3.75,76.3,3,4.2,5,78.8,21.6,1.41,87.57,1
STU_04033,B.Tech Electronics,3,7.75,CR010,59.61,16,2.91,57.5,3,3.5,3,57.3,8.2,1.03,56.83,0
STU_04034,B.Tech Information Technology,2,7.44,CR010,85.03,17,3.8,78.7,6,3.9,5,87.2,22.9,1.77,90.68,1
STU_04035,B.Tech Computer Science,3,6.71,CR006,82.23,16,4.05,76.3,5,4.2,2,75.5,23.4,1.34,76.67,1
STU_04036,BCA / MCA,2,7.94,CR010,37.32,15,1.69,38.8,0,1.5,1,22.8,9.0,0.89,33.8,0
STU_04037,B.Tech Computer Science,2,9.3,CR009,61.57,11,2.71,49.5,4,2.8,1,57.4,13.4,1.24,57.56,0
STU_04038,M.S. Computer Science,3,8.44,CR008,42.69,6,1.65,33.3,1,1.7,0,37.5,5.0,0.9,37.36,0
STU_04039,B.Tech Information Technology,3,6.24,CR002,71.25,18,3.75,67.7,2,3.6,3,71.6,10.2,1.18,62.73,0
STU_04040,BCA / MCA,3,10.0,CR001,86.88,19,3.58,63.4,4,3.4,3,54.5,13.9,1.07,82.77,1
STU_04041,B.Tech Information Technology,3,7.9,CR009,88.12,19,3.95,71.0,3,4.4,3,87.7,19.0,1.55,82.5,1
STU_04042,B.Tech Electronics,1,7.88,CR003,70.05,17,2.33,51.1,3,2.6,1,69.8,13.5,1.1,62.02,0
STU_04043,B.Tech Information Technology,2,8.72,CR008,90.26,23,3.88,76.4,3,4.2,5,87.6,17.4,1.51,88.28,1
STU_04044,B.S. Data Science,2,6.15,CR003,69.98,15,3.07,55.3,3,2.9,1,57.6,15.4,1.13,62.27,0
STU_04045,B.Tech Computer Science,2,10.0,CR010,71.94,25,3.16,65.7,4,2.7,1,74.0,13.7,1.17,65.1,0
STU_04046,B.Tech Computer Science,2,8.33,CR004,96.65,19,4.48,100.0,7,4.9,3,97.3,29.4,1.92,99.37,1
STU_04047,B.Tech Computer Science,2,5.41,CR010,73.24,14,3.56,64.3,3,2.9,2,57.8,17.5,1.35,70.01,0
STU_04048,B.Tech Computer Science,3,7.42,CR010,50.79,9,2.28,44.8,2,1.8,1,24.7,9.4,0.66,48.01,0
STU_04049,M.S. Computer Science,2,6.59,CR001,70.39,11,2.25,43.8,4,3.2,3,62.1,12.3,1.08,64.07,0
STU_04050,B.Tech Information Technology,3,8.79,CR005,27.45,10,1.23,20.0,2,2.3,1,43.1,7.8,0.86,30.93,0
STU_04051,BCA / MCA,3,9.98,CR001,97.89,14,4.16,78.4,3,3.9,5,89.9,19.3,1.58,87.76,1
STU_04052,BCA / MCA,2,8.15,CR007,56.56,9,2.39,50.5,2,3.2,2,64.9,9.3,1.03,55.53,0
STU_04053,BCA / MCA,2,8.15,CR005,87.75,20,4.22,83.5,3,3.8,4,85.6,18.1,1.66,82.93,1
STU_04054,BCA / MCA,2,7.14,CR001,63.08,13,2.36,33.7,2,1.9,1,45.9,7.3,0.72,46.96,0
STU_04055,M.S. Computer Science,3,9.36,CR003,96.85,21,4.25,89.4,5,4.8,5,94.6,28.6,1.9,95.64,1
STU_04056,B.Tech Computer Science,1,10.0,CR008,86.26,19,3.52,76.8,3,4.2,5,86.0,20.6,1.57,83.82,1
STU_04057,B.Tech Computer Science,3,8.36,CR003,56.84,18,2.54,52.4,3,2.5,1,51.5,16.2,1.21,52.16,0
STU_04058,B.Tech Electronics,3,6.25,CR004,24.12,4,1.23,15.1,2,1.9,0,42.8,6.5,0.98,27.72,0
STU_04059,M.S. Computer Science,2,6.16,CR002,73.02,13,3.1,57.8,3,2.9,1,54.2,8.6,1.25,64.79,0
STU_04060,M.S. Computer Science,1,7.36,CR007,54.31,8,2.18,44.9,4,3.4,2,53.5,17.0,1.39,55.85,0
STU_04061,B.S. Data Science,3,8.22,CR006,89.28,16,4.15,79.0,3,4.1,2,88.1,22.1,1.69,84.08,1
STU_04062,B.Tech Electronics,1,8.3,CR009,91.72,15,4.32,89.4,5,4.4,3,88.3,21.5,1.71,92.88,1
STU_04063,BCA / MCA,2,6.64,CR005,45.19,9,1.93,45.1,1,1.1,0,41.6,8.8,0.74,36.22,0
STU_04064,B.Tech Electronics,3,7.33,CR002,90.95,17,3.22,63.7,6,4.2,2,75.8,14.8,1.53,83.77,1
STU_04065,B.Tech Information Technology,3,8.61,CR007,59.66,10,2.83,48.0,2,3.4,3,58.9,14.0,1.26,59.15,0
STU_04066,B.Tech Computer Science,2,7.73,CR001,31.34,7,1.29,24.4,0,1.2,1,34.9,5.2,0.88,22.68,0
STU_04067,B.Tech Computer Science,2,8.54,CR003,96.66,21,4.35,93.1,8,4.5,4,90.9,31.5,1.86,96.92,1
STU_04068,BCA / MCA,3,8.29,CR005,67.2,15,3.33,63.1,2,3.8,2,68.5,14.5,1.13,66.24,0
STU_04069,M.S. Computer Science,2,9.32,CR003,60.27,13,2.48,43.5,3,2.7,3,71.0,17.0,1.06,59.37,0
STU_04070,BCA / MCA,3,8.74,CR008,85.97,19,3.6,74.0,3,4.2,3,80.6,23.3,1.53,81.38,1
STU_04071,B.Tech Computer Science,3,9.02,CR005,86.62,16,3.5,73.2,4,4.2,4,78.9,22.8,1.46,81.19,1
STU_04072,B.Tech Information Technology,2,7.13,CR006,23.42,8,1.19,29.2,2,1.8,0,49.0,4.8,0.7,25.89,0
STU_04073,M.S. Computer Science,1,5.36,CR003,100.0,25,4.83,89.8,8,5.0,5,94.0,31.1,2.07,96.73,1
STU_04074,B.Tech Information Technology,1,8.35,CR009,94.19,21,4.28,96.7,8,4.5,6,89.0,24.8,2.04,93.04,1
STU_04075,BCA / MCA,1,6.52,CR010,64.97,15,3.48,67.1,3,3.5,1,70.4,11.3,1.34,62.85,0
STU_04076,B.Tech Information Technology,3,7.95,CR005,41.84,5,1.32,36.4,1,1.6,0,23.4,4.6,0.75,33.76,0
STU_04077,BCA / MCA,2,6.85,CR006,60.81,15,2.19,44.6,4,3.3,2,59.4,13.7,1.25,57.08,0
STU_04078,B.S. Data Science,2,8.22,CR002,92.63,19,3.53,77.7,6,3.9,4,82.9,14.1,1.4,86.18,1
STU_04079,B.S. Data Science,2,9.71,CR004,93.71,21,4.23,82.1,5,4.5,3,82.0,15.8,1.4,91.1,1
STU_04080,B.Tech Computer Science,2,6.42,CR010,49.05,12,2.28,40.0,3,2.7,1,68.2,12.6,1.24,48.52,0
STU_04081,M.S. Computer Science,2,8.04,CR007,63.18,11,2.48,58.0,2,3.7,1,52.0,10.7,1.2,54.55,0
STU_04082,B.Tech Information Technology,2,8.66,CR007,81.16,18,3.46,66.2,3,3.7,3,73.6,14.2,1.03,74.8,0
STU_04083,M.S. Computer Science,3,6.58,CR007,79.88,20,3.07,62.9,2,2.6,1,60.2,13.4,1.04,64.7,0
STU_04084,B.S. Data Science,2,7.99,CR010,82.94,17,3.51,78.0,4,3.9,3,82.1,17.7,1.41,77.7,1
STU_04085,BCA / MCA,1,8.17,CR005,24.79,10,1.23,26.9,2,2.1,1,23.8,9.2,0.86,29.72,0
STU_04086,B.Tech Information Technology,1,6.98,CR007,76.19,20,3.59,62.8,2,3.5,1,53.4,10.5,1.1,64.3,0
STU_04087,B.Tech Electronics,2,9.79,CR002,96.36,23,4.64,85.0,8,4.9,4,96.8,31.3,1.62,97.61,1
STU_04088,B.Tech Information Technology,3,6.57,CR007,60.26,14,2.26,55.9,4,3.7,3,60.0,14.0,1.08,65.72,0
STU_04089,BCA / MCA,3,5.81,CR010,97.76,25,4.84,94.9,6,4.8,4,94.5,22.4,1.74,95.78,1
STU_04090,B.S. Data Science,3,8.41,CR008,93.98,23,4.04,84.7,6,4.4,5,86.9,19.7,1.75,95.51,1
STU_04091,BCA / MCA,2,7.89,CR010,39.22,13,1.99,30.9,1,1.3,0,33.3,8.0,0.63,33.31,0
STU_04092,B.S. Data Science,1,7.99,CR005,78.81,16,3.48,72.6,2,2.9,3,68.4,16.6,1.25,72.87,0
STU_04093,B.S. Data Science,3,8.29,CR004,36.73,10,1.32,28.2,0,1.8,0,28.0,7.4,0.98,34.77,0
STU_04094,M.S. Computer Science,1,9.09,CR003,51.9,15,2.72,49.3,2,2.9,1,64.2,14.7,1.13,53.16,0
STU_04095,B.Tech Computer Science,2,7.09,CR001,94.65,20,3.72,67.6,6,4.1,5,80.4,18.0,1.69,88.61,1
STU_04096,B.Tech Information Technology,3,8.5,CR002,94.75,18,4.18,83.0,7,4.8,4,91.0,21.5,1.85,91.0,1
STU_04097,B.Tech Computer Science,3,9.7,CR010,19.31,8,1.34,23.4,1,1.3,0,35.2,7.1,0.61,22.99,0
STU_04098,B.Tech Computer Science,2,6.58,CR010,65.09,11,2.98,56.6,2,3.3,3,54.0,9.6,1.26,64.16,0
STU_04099,M.S. Computer Science,2,8.84,CR001,82.47,14,3.04,58.8,4,2.9,2,71.3,16.2,1.0,74.75,0
STU_04100,BCA / MCA,2,6.31,CR007,76.51,19,2.85,62.7,4,3.7,3,61.1,17.6,1.27,74.77,0
STU_04101,BCA / MCA,1,6.85,CR001,80.53,16,3.03,44.5,4,3.5,3,60.6,14.4,1.09,68.31,0
STU_04102,B.Tech Information Technology,1,8.16,CR003,43.42,6,1.76,40.6,0,2.2,0,46.9,5.1,0.94,29.85,0
STU_04103,M.S. Computer Science,3,6.87,CR007,77.7,20,3.29,71.7,2,3.8,3,58.8,15.3,1.09,71.33,0
STU_04104,B.S. Data Science,2,8.46,CR010,72.83,16,2.85,57.8,4,3.6,3,55.3,15.0,1.33,72.63,0
STU_04105,B.Tech Computer Science,2,8.09,CR006,74.42,12,2.95,56.5,2,2.8,1,68.6,9.4,1.34,62.79,0
STU_04106,B.Tech Computer Science,2,8.57,CR006,32.37,10,1.46,32.4,0,2.5,1,43.1,6.4,0.64,32.75,0
STU_04107,M.S. Computer Science,2,8.44,CR002,98.01,26,4.88,95.8,8,4.9,5,96.5,19.0,2.0,98.11,1
STU_04108,B.Tech Electronics,1,6.02,CR005,79.5,14,3.77,73.8,3,4.0,4,76.7,16.8,1.74,77.95,1
STU_04109,B.Tech Information Technology,3,7.24,CR005,66.25,11,2.77,54.8,2,3.8,3,68.9,10.8,1.23,67.29,0
STU_04110,B.Tech Information Technology,2,7.09,CR002,79.71,18,3.56,71.6,6,4.1,4,88.1,18.0,1.63,88.19,1
STU_04111,B.Tech Electronics,1,6.54,CR001,79.17,19,3.12,55.8,3,2.5,1,53.1,14.9,1.03,64.72,0
STU_04112,BCA / MCA,1,7.16,CR008,92.07,21,4.27,94.8,7,4.6,3,94.7,20.8,1.65,95.69,1
STU_04113,B.Tech Information Technology,2,7.28,CR010,77.52,18,3.48,59.5,4,3.9,2,83.5,14.8,1.43,75.15,1
STU_04114,B.Tech Information Technology,2,6.84,CR010,80.71,13,3.93,82.3,3,4.6,3,78.2,23.8,1.8,82.06,1
STU_04115,M.S. Computer Science,2,9.05,CR004,71.31,18,3.03,56.5,2,3.7,2,65.4,15.1,1.04,63.67,0
STU_04116,BCA / MCA,1,7.32,CR005,85.78,18,3.89,78.2,5,4.5,4,76.3,14.7,1.68,85.59,1
STU_04117,B.Tech Electronics,2,6.42,CR010,30.63,6,1.19,39.1,1,1.2,1,20.4,5.8,0.98,32.97,0
STU_04118,B.Tech Electronics,1,9.65,CR009,79.34,18,3.1,67.8,2,3.1,1,74.9,17.5,1.28,67.95,0
STU_04119,B.S. Data Science,3,8.18,CR001,98.13,23,4.69,83.9,6,3.9,5,83.9,22.5,1.3,94.8,1
STU_04120,B.S. Data Science,1,7.84,CR010,38.06,6,1.88,36.3,1,1.3,0,40.4,7.1,0.87,32.45,0
STU_04121,BCA / MCA,2,6.42,CR006,35.88,11,1.71,35.1,2,1.0,0,24.4,7.9,0.79,31.28,0
STU_04122,BCA / MCA,1,6.76,CR009,70.29,17,2.77,57.3,2,2.6,2,61.0,14.7,1.05,57.99,0
STU_04123,B.S. Data Science,2,7.42,CR005,38.72,11,1.85,38.6,0,1.0,1,24.1,6.1,0.76,32.0,0
STU_04124,M.S. Computer Science,1,8.37,CR006,50.09,10,2.18,41.9,2,2.6,3,74.5,11.1,1.01,46.71,0
STU_04125,BCA / MCA,3,8.08,CR006,80.98,15,4.1,85.2,6,4.5,4,75.1,14.9,1.51,83.59,1
STU_04126,B.S. Data Science,3,7.87,CR010,52.5,14,2.4,48.2,3,3.7,1,69.3,13.7,1.23,51.36,0
STU_04127,M.S. Computer Science,2,6.13,CR007,34.04,8,1.0,20.1,1,1.9,1,36.1,9.9,0.79,37.38,0
STU_04128,B.Tech Computer Science,1,6.88,CR001,67.97,12,2.38,47.9,2,2.7,3,65.2,16.0,1.01,63.11,0
STU_04129,B.S. Data Science,2,9.8,CR005,43.99,7,2.09,29.2,1,1.5,0,44.4,6.5,0.86,36.61,0
STU_04130,B.Tech Information Technology,2,8.12,CR009,48.53,11,2.05,39.5,0,1.6,0,43.0,6.7,1.0,38.79,0
STU_04131,BCA / MCA,2,7.62,CR007,81.8,18,3.19,65.0,2,3.7,3,69.8,15.3,1.14,71.43,0
STU_04132,BCA / MCA,1,8.49,CR009,54.11,7,1.87,49.4,4,3.2,3,62.8,8.6,1.09,61.02,0
STU_04133,B.Tech Electronics,2,7.36,CR005,80.71,17,3.3,74.7,4,3.1,3,71.6,16.0,1.2,78.13,1
STU_04134,B.Tech Computer Science,2,8.52,CR009,62.31,19,2.6,54.6,2,3.7,2,59.2,11.9,1.3,60.79,0
STU_04135,B.S. Data Science,1,6.65,CR006,48.44,12,2.08,36.8,1,1.6,1,21.3,7.2,0.94,42.48,0
STU_04136,BCA / MCA,2,10.0,CR010,41.52,7,1.9,33.6,0,2.3,0,31.8,4.2,0.6,30.55,0
STU_04137,B.S. Data Science,3,6.59,CR003,55.41,11,1.84,48.8,0,1.4,1,30.5,5.3,0.76,42.0,0
STU_04138,B.S. Data Science,2,8.86,CR001,64.59,9,2.13,46.0,4,2.5,1,61.0,12.0,1.19,55.16,0
STU_04139,B.Tech Electronics,2,7.39,CR009,71.76,22,2.95,59.8,6,4.2,2,84.4,14.5,1.73,73.59,0
STU_04140,M.S. Computer Science,1,7.61,CR002,78.91,10,3.15,68.8,4,3.4,1,69.3,10.3,1.25,66.67,0
STU_04141,M.S. Computer Science,3,8.17,CR005,83.54,18,3.88,67.3,3,4.0,2,84.5,14.9,1.49,79.59,1
STU_04142,B.Tech Information Technology,2,8.35,CR003,90.55,23,4.25,80.6,6,4.2,2,84.1,20.3,1.59,86.57,1
STU_04143,B.Tech Computer Science,2,8.07,CR005,53.7,10,2.4,41.5,4,3.4,1,66.1,16.8,1.27,56.51,0
STU_04144,B.S. Data Science,1,8.46,CR007,52.36,8,1.82,43.8,2,1.9,0,48.0,6.5,0.99,42.2,0
STU_04145,B.Tech Computer Science,2,10.0,CR007,22.03,3,1.2,26.8,1,1.8,0,39.0,7.3,0.7,28.6,0
STU_04146,B.Tech Information Technology,1,6.6,CR004,71.93,14,2.66,59.6,3,3.2,3,56.7,8.3,1.02,68.47,0
STU_04147,B.Tech Computer Science,2,7.66,CR005,76.32,14,3.18,55.3,3,2.8,2,70.6,16.0,1.09,68.16,0
STU_04148,B.Tech Electronics,3,6.23,CR001,96.21,18,4.0,73.5,4,4.2,3,76.8,17.9,1.47,86.45,1
STU_04149,B.Tech Computer Science,2,8.29,CR002,69.86,15,2.97,51.0,4,3.4,1,62.5,10.6,1.24,60.58,0
STU_04150,M.S. Computer Science,2,7.9,CR004,71.87,12,2.75,63.0,3,2.6,2,61.7,16.1,1.27,64.46,0
STU_04151,B.Tech Electronics,3,8.6,CR003,90.06,15,3.97,76.8,4,4.1,3,76.1,18.3,1.5,84.51,1
STU_04152,B.S. Data Science,3,7.61,CR010,57.39,11,2.85,51.7,2,2.6,2,73.8,11.9,1.38,51.74,0
STU_04153,B.Tech Information Technology,3,6.94,CR003,82.8,16,3.64,73.5,3,4.4,4,89.6,16.9,1.63,78.55,1
STU_04154,B.Tech Computer Science,1,7.49,CR008,94.24,14,3.92,84.5,6,4.1,2,79.8,20.5,1.61,88.04,1
STU_04155,B.Tech Information Technology,3,6.89,CR009,68.0,15,3.13,72.0,3,3.1,1,51.0,15.2,1.35,62.31,0
STU_04156,B.Tech Electronics,2,7.63,CR007,69.63,16,2.89,59.6,3,3.1,1,52.0,15.0,1.1,56.89,0
STU_04157,B.S. Data Science,1,7.61,CR009,88.18,15,3.85,72.8,3,4.5,5,88.4,16.3,1.32,85.68,1
STU_04158,B.S. Data Science,3,7.18,CR010,73.59,21,3.23,63.2,2,3.0,1,66.7,11.2,1.09,64.53,0
STU_04159,B.Tech Information Technology,2,7.51,CR010,18.99,8,1.0,18.5,0,1.6,0,47.1,8.3,0.62,22.82,0
STU_04160,BCA / MCA,2,8.21,CR001,49.06,12,2.12,34.5,0,2.2,0,20.0,8.1,0.78,36.9,0
STU_04161,M.S. Computer Science,2,7.28,CR003,87.26,17,3.72,75.8,6,4.2,4,82.5,14.3,1.66,87.41,1
STU_04162,M.S. Computer Science,2,9.1,CR010,55.61,18,2.53,57.2,2,3.3,3,56.0,13.3,1.21,55.27,0
STU_04163,BCA / MCA,3,6.84,CR007,37.75,7,1.34,28.1,2,1.8,1,36.4,8.9,0.94,35.83,0
STU_04164,B.Tech Computer Science,1,6.73,CR008,69.18,8,2.36,53.1,3,2.6,2,63.9,13.7,1.2,59.86,0
STU_04165,BCA / MCA,2,7.83,CR005,93.75,19,4.54,91.1,6,4.6,3,89.5,24.9,2.17,94.03,1
STU_04166,B.S. Data Science,2,7.76,CR009,98.46,23,4.49,89.4,7,4.9,5,88.0,28.4,1.88,96.85,1
STU_04167,B.S. Data Science,2,9.2,CR002,40.31,4,1.46,34.9,0,1.6,0,30.3,6.0,0.68,36.74,0
STU_04168,BCA / MCA,2,7.92,CR007,71.16,11,2.54,46.2,3,3.8,3,67.5,11.4,1.25,64.82,0
STU_04169,B.Tech Information Technology,2,7.48,CR005,89.62,16,4.11,83.1,6,4.5,5,88.1,16.9,1.78,89.62,1
STU_04170,B.Tech Information Technology,3,8.57,CR010,91.93,16,4.1,74.7,5,4.2,3,75.2,21.3,1.69,91.35,1
STU_04171,B.Tech Computer Science,2,10.0,CR008,25.16,9,1.05,17.6,2,1.4,1,28.6,6.3,0.64,30.12,0
STU_04172,B.Tech Electronics,1,7.45,CR007,32.55,13,1.61,26.2,1,1.4,0,29.5,9.7,0.75,32.15,0
STU_04173,B.S. Data Science,2,8.5,CR001,88.56,13,3.51,58.4,3,2.8,2,52.4,9.1,1.22,70.94,0
STU_04174,BCA / MCA,1,8.71,CR007,97.33,27,5.0,100.0,8,4.6,3,96.8,31.5,1.91,99.18,1
STU_04175,B.Tech Information Technology,1,10.0,CR002,79.66,21,3.18,64.5,3,3.1,1,74.4,8.1,1.14,70.66,0
STU_04176,B.Tech Computer Science,2,9.5,CR004,89.91,18,3.6,73.3,3,4.5,5,86.9,24.8,1.41,84.99,1
STU_04177,B.Tech Information Technology,2,8.76,CR002,79.35,18,3.44,63.0,2,2.8,2,60.1,17.1,1.19,69.23,0
STU_04178,B.Tech Electronics,1,9.74,CR009,69.12,10,2.94,54.2,2,3.3,2,61.3,15.7,1.0,63.36,0
STU_04179,B.Tech Information Technology,1,9.74,CR005,49.47,12,1.92,33.7,0,1.8,1,22.7,8.0,0.73,37.2,0
STU_04180,B.S. Data Science,2,6.64,CR005,49.16,9,2.07,37.4,1,1.9,1,20.3,9.1,0.78,40.87,0
STU_04181,BCA / MCA,3,7.69,CR004,39.08,8,1.5,35.8,1,1.3,1,29.6,4.9,0.65,37.05,0
STU_04182,M.S. Computer Science,1,7.17,CR008,28.22,9,1.15,19.4,2,2.5,0,35.4,9.2,0.76,21.64,0
STU_04183,BCA / MCA,3,9.06,CR010,55.73,17,2.55,48.2,3,3.1,3,67.2,13.7,1.26,60.52,0
STU_04184,B.S. Data Science,3,7.55,CR007,77.03,16,3.2,62.2,3,3.2,2,59.1,12.6,1.23,65.02,0
STU_04185,B.Tech Electronics,3,8.2,CR009,29.04,7,1.03,32.0,1,1.2,1,30.1,8.4,0.75,30.97,0
STU_04186,B.S. Data Science,2,7.32,CR009,52.07,12,1.97,42.9,4,3.4,1,54.3,11.9,1.32,54.72,0
STU_04187,B.S. Data Science,2,6.85,CR001,96.48,20,4.18,80.0,4,4.2,5,86.4,19.6,1.45,90.1,1
STU_04188,B.Tech Electronics,3,7.26,CR002,75.31,14,3.64,72.7,2,3.3,1,54.0,15.9,1.23,66.63,0
STU_04189,BCA / MCA,1,6.27,CR003,24.27,12,1.26,28.9,2,1.1,1,31.8,7.4,0.87,28.36,0
STU_04190,B.Tech Electronics,2,7.67,CR004,46.69,11,2.04,27.4,0,2.3,1,46.4,8.9,0.82,41.04,0
STU_04191,B.Tech Information Technology,3,10.0,CR003,35.65,4,1.41,24.6,1,2.0,1,44.0,9.8,0.8,37.19,0
STU_04192,B.S. Data Science,1,7.08,CR009,98.35,23,4.76,99.5,7,4.6,4,90.2,28.0,1.64,96.7,1
STU_04193,B.Tech Information Technology,3,10.0,CR008,75.82,9,2.87,66.8,4,3.4,3,54.9,9.7,1.05,70.3,0
STU_04194,B.Tech Information Technology,2,6.9,CR008,84.5,14,3.45,64.0,2,3.0,3,57.5,16.2,1.37,73.13,0
STU_04195,BCA / MCA,1,6.76,CR009,86.93,15,3.76,80.6,4,4.5,2,83.1,21.9,1.73,84.07,1
STU_04196,B.Tech Information Technology,2,7.36,CR003,35.46,10,1.68,33.2,0,1.6,1,25.1,9.6,0.89,30.68,0
STU_04197,BCA / MCA,3,7.32,CR002,61.78,8,2.31,49.1,2,3.6,1,50.5,16.9,1.21,57.2,0
STU_04198,B.Tech Information Technology,2,7.37,CR005,56.94,12,2.29,42.8,1,1.2,1,24.4,5.7,0.65,41.53,0
STU_04199,BCA / MCA,1,6.98,CR010,56.95,11,2.33,54.1,4,3.4,1,66.0,17.0,1.13,54.84,0
STU_04200,BCA / MCA,2,8.77,CR006,83.08,20,3.94,83.8,5,4.3,4,85.8,23.9,1.35,87.54,1
STU_04201,BCA / MCA,2,7.65,CR007,54.47,7,2.34,38.1,1,1.1,1,30.4,9.3,0.81,39.53,0
STU_04202,B.Tech Electronics,2,8.57,CR010,57.53,11,2.54,49.5,2,2.9,3,58.1,10.3,1.29,57.39,0
STU_04203,B.Tech Information Technology,1,6.61,CR001,95.36,24,3.88,77.3,6,4.3,4,78.4,16.7,1.45,85.76,1
STU_04204,B.Tech Information Technology,2,6.39,CR003,46.36,6,1.83,38.8,1,1.5,0,26.2,5.5,0.96,29.56,0
STU_04205,B.Tech Information Technology,2,6.77,CR008,61.32,6,2.53,50.7,2,3.3,1,73.5,15.0,1.07,55.73,0
STU_04206,B.Tech Electronics,3,7.44,CR009,90.12,21,3.89,71.3,3,3.8,5,86.2,14.0,1.4,79.98,1
STU_04207,B.Tech Electronics,3,6.67,CR008,34.25,9,1.36,29.1,1,2.5,0,43.6,4.7,0.65,34.7,0
STU_04208,B.Tech Information Technology,2,8.83,CR001,33.56,13,1.0,24.0,0,1.4,1,36.2,6.8,0.61,34.84,0
STU_04209,M.S. Computer Science,2,9.05,CR010,63.02,18,3.07,65.3,3,3.7,1,51.6,8.6,1.08,59.66,0
STU_04210,BCA / MCA,2,8.45,CR001,81.07,16,3.13,68.9,4,2.9,2,62.1,11.8,1.02,72.67,0
STU_04211,BCA / MCA,1,8.82,CR008,85.12,15,3.18,65.1,4,3.1,3,68.1,12.9,1.07,75.96,1
STU_04212,B.Tech Electronics,2,8.04,CR006,73.36,18,3.2,58.9,3,3.8,2,72.1,13.0,1.03,68.45,0
STU_04213,B.Tech Electronics,1,8.37,CR010,97.8,26,4.81,92.0,8,4.5,4,96.0,23.1,2.19,97.65,1
STU_04214,B.Tech Computer Science,3,7.32,CR004,84.97,20,3.55,79.1,4,4.0,4,80.2,19.0,1.55,85.09,1
STU_04215,BCA / MCA,3,9.3,CR007,90.22,16,4.51,81.2,5,4.4,5,89.2,22.4,1.77,93.87,1
STU_04216,BCA / MCA,1,7.38,CR010,69.19,10,2.34,62.2,3,2.5,3,62.1,12.9,1.26,62.72,0
STU_04217,B.Tech Electronics,2,10.0,CR004,33.76,10,1.0,23.5,0,1.4,1,29.0,7.6,0.93,29.6,0
STU_04218,BCA / MCA,2,7.87,CR009,92.15,18,4.05,79.4,3,3.8,4,82.8,18.6,1.55,88.81,1
STU_04219,M.S. Computer Science,3,8.6,CR009,71.08,18,3.07,53.5,4,2.6,3,66.3,10.2,1.24,62.71,0
STU_04220,M.S. Computer Science,3,8.39,CR006,21.42,7,1.0,15.6,1,1.3,0,22.4,4.9,0.94,19.9,0
STU_04221,B.Tech Information Technology,3,9.13,CR007,82.22,16,3.22,67.0,2,2.7,1,66.8,15.6,1.31,68.64,0
STU_04222,BCA / MCA,2,5.0,CR010,54.77,12,1.95,39.4,3,3.4,1,62.1,9.1,1.13,54.43,0
STU_04223,B.Tech Information Technology,1,7.07,CR009,56.09,13,2.45,39.7,4,3.7,3,72.7,9.5,1.33,60.98,0
STU_04224,B.Tech Computer Science,2,9.18,CR002,67.34,7,2.36,48.9,3,3.6,3,55.6,16.8,1.14,67.3,0
STU_04225,B.S. Data Science,2,7.55,CR001,45.76,9,1.49,22.4,0,2.4,0,24.1,7.5,0.68,30.06,0
STU_04226,BCA / MCA,2,6.82,CR003,41.76,5,1.73,39.6,0,1.4,1,29.6,8.2,0.87,39.12,0
STU_04227,B.Tech Electronics,2,6.07,CR003,59.03,14,2.26,56.6,4,3.6,2,73.1,12.7,1.17,58.98,0
STU_04228,BCA / MCA,2,8.07,CR008,25.67,12,1.23,21.8,2,1.5,0,20.9,4.7,0.75,22.31,0
STU_04229,B.Tech Information Technology,2,9.8,CR009,56.7,11,2.57,47.4,4,2.7,2,73.6,17.0,1.07,61.94,0
STU_04230,B.Tech Computer Science,2,9.18,CR009,94.86,22,4.87,91.7,7,4.6,3,96.0,24.9,1.68,91.55,1
STU_04231,B.Tech Electronics,2,6.89,CR007,86.65,19,3.66,70.0,4,3.9,4,76.7,20.5,1.35,84.37,1
STU_04232,M.S. Computer Science,2,9.8,CR007,86.15,12,2.98,66.8,4,3.3,3,64.6,14.3,1.39,79.51,1
STU_04233,M.S. Computer Science,2,7.55,CR005,55.46,13,2.21,45.7,4,2.6,2,68.6,11.4,1.1,56.15,0
STU_04234,M.S. Computer Science,2,7.89,CR008,77.87,15,3.03,58.1,4,3.7,2,66.3,16.4,1.03,74.67,0
STU_04235,B.Tech Information Technology,3,9.54,CR009,46.61,11,2.35,28.4,0,1.1,1,26.9,7.8,0.74,25.52,0
STU_04236,B.Tech Information Technology,2,8.29,CR002,56.47,11,2.16,46.2,2,2.2,0,37.0,5.6,0.7,46.61,0
STU_04237,M.S. Computer Science,3,9.75,CR007,38.85,9,1.3,36.2,1,2.5,0,38.9,4.8,0.71,37.16,0
STU_04238,B.Tech Computer Science,1,9.71,CR006,61.45,14,2.69,59.0,3,3.0,3,72.0,13.5,1.24,69.78,0
STU_04239,B.Tech Electronics,2,6.43,CR007,97.85,18,4.83,100.0,7,5.0,6,97.8,22.9,2.04,99.5,1
STU_04240,BCA / MCA,3,8.27,CR007,76.66,11,3.67,66.4,3,3.4,2,56.1,17.4,1.08,69.72,0
STU_04241,B.S. Data Science,1,7.25,CR003,71.15,18,3.39,62.7,3,3.1,2,61.8,13.9,1.26,63.24,0
STU_04242,B.Tech Computer Science,1,7.98,CR007,63.88,11,2.01,43.8,3,2.6,3,52.8,14.6,1.23,61.24,0
STU_04243,B.Tech Electronics,3,7.07,CR003,69.22,15,3.11,64.3,2,2.7,2,65.8,16.8,1.32,66.48,0
STU_04244,B.Tech Computer Science,2,7.17,CR006,57.64,16,2.63,55.0,2,3.7,1,56.2,10.1,1.23,53.34,0
STU_04245,B.Tech Information Technology,3,7.13,CR005,82.87,17,3.01,59.5,4,3.8,3,73.9,13.0,1.25,76.59,1
STU_04246,M.S. Computer Science,2,5.36,CR005,45.73,8,2.02,41.7,0,1.8,0,43.5,7.5,0.69,35.83,0
STU_04247,M.S. Computer Science,2,9.06,CR009,96.77,18,4.67,100.0,5,4.9,4,92.8,29.1,1.97,95.76,1
STU_04248,B.S. Data Science,3,8.11,CR001,86.82,15,3.37,72.6,6,4.6,2,81.7,18.3,1.59,79.76,1
STU_04249,B.Tech Information Technology,2,8.29,CR001,98.08,29,4.21,83.8,5,4.1,4,78.8,24.1,1.76,91.22,1
STU_04250,B.Tech Information Technology,3,7.48,CR009,44.22,10,2.13,45.3,2,3.6,1,74.0,9.2,1.08,47.58,0
STU_04251,B.Tech Computer Science,3,8.49,CR006,78.04,17,3.47,73.4,4,4.0,2,88.1,21.0,1.32,79.43,1
STU_04252,M.S. Computer Science,3,8.97,CR005,83.77,24,4.07,87.1,4,4.6,4,78.5,23.4,1.35,83.31,1
STU_04253,BCA / MCA,2,8.67,CR010,78.98,14,3.75,79.1,3,4.5,5,79.8,20.0,1.7,81.43,1
STU_04254,M.S. Computer Science,2,7.15,CR010,82.44,19,3.96,75.3,4,4.0,4,85.4,18.3,1.78,86.82,1
STU_04255,B.S. Data Science,3,8.69,CR009,61.0,15,2.69,54.2,2,3.4,2,71.1,12.4,1.06,57.47,0
STU_04256,B.Tech Electronics,2,7.83,CR009,38.51,9,1.78,31.8,1,1.0,0,29.8,4.8,0.77,32.85,0
STU_04257,B.Tech Electronics,2,6.8,CR007,91.02,20,3.87,64.1,6,4.4,4,89.7,19.3,1.44,90.3,1
STU_04258,M.S. Computer Science,3,7.5,CR001,77.96,11,2.93,56.5,3,3.8,3,65.2,16.7,1.1,71.71,0
STU_04259,BCA / MCA,3,6.99,CR010,57.51,11,2.43,42.9,2,3.1,2,68.1,15.7,1.11,55.26,0
STU_04260,M.S. Computer Science,3,7.73,CR009,38.38,8,1.85,28.8,2,1.6,1,36.6,6.4,0.62,32.57,0
STU_04261,B.Tech Computer Science,1,9.01,CR010,72.42,19,2.73,68.8,2,3.7,3,63.0,17.1,1.25,67.36,0
STU_04262,B.Tech Computer Science,3,8.22,CR002,75.41,20,3.2,60.2,4,2.8,3,70.6,9.0,1.1,70.21,0
STU_04263,B.Tech Information Technology,2,8.29,CR005,72.11,15,2.99,59.0,2,2.8,2,63.3,8.8,1.16,58.67,0
STU_04264,B.Tech Information Technology,3,7.03,CR003,32.3,8,1.44,21.1,0,2.2,1,45.6,5.2,0.75,27.63,0
STU_04265,BCA / MCA,2,7.66,CR005,67.81,19,2.96,52.1,3,3.7,2,55.2,9.8,1.09,61.07,0
STU_04266,M.S. Computer Science,2,8.22,CR002,88.1,15,3.43,73.8,3,4.1,5,84.9,24.2,1.73,86.89,1
STU_04267,BCA / MCA,2,8.66,CR009,85.0,17,3.98,71.5,4,4.5,2,81.7,16.3,1.63,83.68,1
STU_04268,M.S. Computer Science,2,9.3,CR003,90.05,21,4.44,82.9,5,4.5,5,78.7,18.4,1.41,93.98,1
STU_04269,BCA / MCA,2,6.54,CR005,49.13,15,2.13,40.7,1,1.9,0,25.1,5.9,0.99,37.75,0
STU_04270,B.Tech Information Technology,2,6.81,CR004,34.32,8,1.57,23.0,1,1.4,0,30.1,9.6,0.7,30.6,0
STU_04271,BCA / MCA,2,6.99,CR009,59.78,15,2.96,53.0,4,3.2,2,65.7,17.3,1.3,59.35,0
STU_04272,B.Tech Information Technology,2,6.81,CR008,63.87,16,2.23,53.6,4,2.7,1,72.0,11.9,1.35,59.93,0
STU_04273,B.Tech Computer Science,3,8.42,CR008,46.57,10,2.04,41.0,0,1.5,1,44.5,9.9,0.69,37.12,0
STU_04274,B.Tech Electronics,1,9.48,CR010,32.61,7,1.46,38.5,2,1.2,0,38.0,6.8,0.68,31.29,0
STU_04275,B.S. Data Science,1,10.0,CR009,99.92,13,4.82,91.2,5,4.6,6,91.8,29.9,1.63,96.12,1
STU_04276,M.S. Computer Science,2,9.37,CR005,82.53,16,3.27,72.7,6,4.5,4,84.6,14.1,1.72,86.29,1
STU_04277,B.S. Data Science,2,9.05,CR007,59.86,14,2.65,54.5,4,3.5,1,74.1,9.4,1.34,59.07,0
STU_04278,B.Tech Electronics,3,5.4,CR004,16.82,7,1.16,14.2,2,1.6,0,44.0,8.5,0.91,24.93,0
STU_04279,B.Tech Information Technology,2,6.48,CR002,83.04,14,3.55,67.7,4,3.7,3,65.9,8.8,1.32,74.11,0
STU_04280,B.Tech Computer Science,3,8.26,CR003,37.45,4,1.12,26.0,2,2.1,0,24.0,8.1,0.73,30.55,0
STU_04281,B.Tech Computer Science,3,9.68,CR007,58.11,15,2.48,52.3,3,3.7,3,69.3,16.0,1.28,62.33,0
STU_04282,M.S. Computer Science,2,10.0,CR008,22.22,8,1.0,25.3,2,2.0,1,39.5,9.4,0.66,34.37,0
STU_04283,B.Tech Electronics,3,7.83,CR010,64.02,13,2.58,55.1,3,3.5,1,72.7,14.6,1.28,60.77,0
STU_04284,BCA / MCA,3,5.11,CR007,62.41,12,2.42,42.0,3,2.9,1,53.3,15.1,1.02,55.74,0
STU_04285,M.S. Computer Science,2,5.49,CR009,73.96,13,3.08,67.0,4,3.5,1,54.0,12.7,1.35,59.13,0
STU_04286,B.Tech Electronics,3,9.29,CR008,75.38,12,2.54,58.2,3,2.9,3,62.2,17.0,1.34,69.3,0
STU_04287,B.Tech Computer Science,2,7.34,CR010,20.36,2,1.2,13.2,2,1.3,1,22.7,8.8,0.87,27.81,0
STU_04288,B.S. Data Science,2,7.07,CR010,92.38,23,4.08,81.3,6,4.2,3,88.0,15.5,1.32,90.3,1
STU_04289,B.Tech Electronics,3,9.48,CR004,77.34,16,3.16,52.0,4,3.8,3,65.1,12.7,1.06,69.61,0
STU_04290,B.Tech Electronics,2,8.05,CR009,22.51,10,1.39,16.6,0,1.3,0,36.0,8.6,0.76,23.52,0
STU_04291,BCA / MCA,2,8.48,CR002,36.51,6,1.51,37.1,2,1.8,1,39.4,6.1,0.61,36.54,0
STU_04292,BCA / MCA,1,8.96,CR002,94.77,19,4.46,89.1,5,4.7,5,90.3,20.8,1.69,93.45,1
STU_04293,BCA / MCA,1,8.48,CR009,30.35,4,1.05,27.0,2,2.3,1,32.0,6.1,0.66,33.05,0
STU_04294,BCA / MCA,3,8.06,CR002,67.74,6,2.62,58.5,2,3.1,1,60.9,9.2,1.12,59.6,0
STU_04295,BCA / MCA,3,8.81,CR001,97.98,25,4.77,87.7,8,4.7,3,90.8,26.1,1.73,91.79,1
STU_04296,B.Tech Computer Science,1,7.3,CR010,26.3,4,1.31,32.0,1,2.0,0,23.5,7.9,0.89,25.9,0
STU_04297,M.S. Computer Science,2,8.01,CR007,67.36,11,2.47,52.0,2,2.9,1,60.3,9.5,1.28,54.99,0
STU_04298,B.S. Data Science,3,8.43,CR009,90.58,18,3.99,73.7,6,4.4,4,83.6,16.6,1.35,91.25,1
STU_04299,M.S. Computer Science,3,5.09,CR001,53.61,9,2.01,34.5,1,1.9,0,22.4,8.8,0.97,42.61,0
STU_04300,B.Tech Electronics,2,8.28,CR008,73.77,12,3.14,58.3,3,2.5,3,66.4,10.9,1.29,71.33,0
STU_04301,BCA / MCA,3,7.04,CR004,76.95,18,3.3,53.5,4,2.9,2,60.5,12.4,1.35,64.91,0
STU_04302,B.Tech Computer Science,3,6.71,CR008,28.6,6,1.0,19.4,0,1.4,0,46.8,5.1,0.85,29.5,0
STU_04303,BCA / MCA,3,8.75,CR004,31.11,7,1.46,22.7,1,1.3,1,22.9,6.6,0.76,27.06,0
STU_04304,BCA / MCA,1,7.56,CR006,51.08,8,2.2,44.2,2,3.3,2,56.4,11.8,1.19,53.2,0
STU_04305,B.Tech Information Technology,2,6.39,CR009,53.98,13,1.96,49.1,4,2.7,3,60.8,15.2,1.21,60.41,0
STU_04306,BCA / MCA,2,7.56,CR005,87.11,15,4.18,77.4,5,4.3,4,88.5,23.3,1.51,89.9,1
STU_04307,B.Tech Computer Science,2,7.1,CR009,70.88,18,3.21,64.7,2,3.0,1,73.4,12.8,1.22,67.7,0
STU_04308,B.S. Data Science,1,7.87,CR008,98.66,26,4.83,100.0,5,4.9,4,95.1,19.6,2.1,98.23,1
STU_04309,B.Tech Information Technology,3,8.26,CR006,78.61,16,3.53,58.7,4,3.8,5,81.6,17.4,1.78,74.15,0
STU_04310,M.S. Computer Science,3,9.39,CR002,62.37,10,2.05,54.0,3,2.7,3,71.4,16.3,1.27,65.55,0
STU_04311,M.S. Computer Science,1,8.74,CR001,88.5,15,3.13,62.4,3,3.7,2,61.4,14.8,1.23,74.4,0
STU_04312,M.S. Computer Science,2,8.59,CR001,95.77,15,3.42,83.2,4,4.2,3,83.5,17.2,1.57,92.45,1
STU_04313,BCA / MCA,3,7.66,CR005,73.95,18,3.09,65.3,4,3.0,2,55.4,8.6,1.29,66.1,0
STU_04314,B.S. Data Science,2,6.24,CR008,73.03,10,2.83,43.5,3,2.7,1,67.2,16.4,1.08,62.42,0
STU_04315,B.Tech Information Technology,3,7.87,CR007,91.6,17,4.22,75.0,6,4.1,4,80.9,15.7,1.58,89.98,1
STU_04316,B.Tech Computer Science,1,8.02,CR004,96.03,23,4.42,92.8,7,4.4,6,89.4,29.0,1.66,95.51,1
STU_04317,B.Tech Information Technology,3,8.11,CR009,86.47,19,3.79,67.9,3,4.5,4,81.5,20.6,1.57,82.17,1
STU_04318,M.S. Computer Science,3,9.73,CR006,65.05,16,2.5,54.2,2,3.0,3,74.5,16.6,1.02,67.15,0
STU_04319,BCA / MCA,2,7.92,CR008,51.22,9,1.7,31.2,2,1.5,1,20.0,7.4,0.91,40.79,0
STU_04320,M.S. Computer Science,3,7.12,CR004,85.77,18,3.58,77.1,4,4.5,2,76.3,22.9,1.72,75.75,1
STU_04321,B.S. Data Science,2,8.04,CR005,65.4,14,3.01,53.5,2,2.6,1,69.4,11.5,1.01,56.31,0
STU_04322,B.Tech Information Technology,2,9.34,CR007,95.44,24,4.25,82.2,5,4.6,2,79.1,23.0,1.44,92.62,1
STU_04323,M.S. Computer Science,2,9.5,CR005,67.68,12,2.61,57.9,4,2.6,2,68.9,12.9,1.15,65.66,0
STU_04324,B.Tech Electronics,1,7.74,CR008,93.05,21,4.51,92.5,7,4.6,5,98.0,27.5,1.95,91.02,1
STU_04325,B.Tech Electronics,3,8.67,CR005,66.59,18,2.5,53.9,4,2.6,1,71.2,10.8,1.12,57.63,0
STU_04326,B.S. Data Science,3,6.91,CR010,72.07,15,2.84,59.6,3,3.4,3,53.5,10.9,1.37,66.36,0
STU_04327,B.Tech Computer Science,3,6.58,CR008,78.19,20,3.19,66.9,4,3.1,1,57.9,12.5,1.13,70.26,0
STU_04328,B.Tech Electronics,1,8.79,CR001,79.6,12,3.05,56.1,2,3.6,1,51.7,14.4,1.38,63.17,0
STU_04329,B.Tech Computer Science,2,7.18,CR002,56.89,15,2.27,37.8,4,2.7,1,58.5,10.4,1.25,56.16,0
STU_04330,BCA / MCA,3,6.65,CR005,84.39,17,4.14,79.2,3,4.2,3,84.2,17.1,1.67,79.21,1
STU_04331,B.S. Data Science,3,7.36,CR008,76.54,17,3.17,61.7,2,2.6,3,60.2,12.9,1.16,68.38,0
STU_04332,M.S. Computer Science,2,9.0,CR009,37.1,8,1.63,43.2,1,2.2,1,25.0,6.2,0.9,29.56,0
STU_04333,B.S. Data Science,1,5.59,CR003,63.28,14,2.35,54.0,4,3.2,1,54.0,10.8,1.04,63.81,0
STU_04334,M.S. Computer Science,2,7.96,CR004,95.37,21,4.23,82.0,5,4.9,4,95.1,25.2,1.9,95.43,1
STU_04335,B.Tech Electronics,3,7.06,CR006,92.18,24,4.57,88.1,5,4.9,6,95.3,18.6,1.66,94.65,1
STU_04336,BCA / MCA,3,7.35,CR002,82.96,19,3.16,64.8,2,3.6,2,59.2,14.2,1.22,69.57,0
STU_04337,B.Tech Electronics,2,7.57,CR002,65.21,13,2.55,55.2,3,2.6,2,59.3,16.5,1.16,63.06,0
STU_04338,B.Tech Electronics,2,6.74,CR002,36.03,9,1.51,29.7,1,2.4,1,22.6,5.8,0.74,31.31,0
STU_04339,B.Tech Information Technology,2,9.13,CR001,47.0,9,1.91,27.3,0,1.9,0,23.4,7.3,0.89,35.71,0
STU_04340,BCA / MCA,2,8.1,CR004,74.2,10,2.45,61.2,4,3.2,3,56.2,13.3,1.11,68.99,0
STU_04341,B.Tech Computer Science,1,7.58,CR004,90.63,16,3.78,80.4,6,3.9,3,80.7,22.1,1.6,92.7,1
STU_04342,B.Tech Electronics,2,9.01,CR010,77.33,12,3.52,74.7,3,4.6,5,76.1,23.1,1.52,79.64,1
STU_04343,B.Tech Electronics,2,7.56,CR006,26.38,9,1.0,16.8,1,1.7,1,20.6,8.1,0.65,23.74,0
STU_04344,B.Tech Electronics,1,6.35,CR005,44.75,9,1.35,40.2,0,1.9,0,33.0,8.5,0.95,38.93,0
STU_04345,B.Tech Information Technology,3,7.82,CR006,26.01,4,1.12,28.6,1,1.5,1,49.7,6.5,0.96,30.24,0
STU_04346,B.S. Data Science,2,8.09,CR005,28.11,6,1.0,28.1,1,1.3,0,48.3,6.3,0.82,27.69,0
STU_04347,B.Tech Computer Science,2,9.25,CR004,81.17,11,3.08,66.0,2,3.5,2,55.8,12.0,1.25,66.83,0
STU_04348,B.Tech Information Technology,1,6.87,CR010,79.78,19,3.49,57.6,5,3.8,5,79.3,16.1,1.58,77.62,1
STU_04349,M.S. Computer Science,2,6.89,CR006,56.14,13,2.47,62.5,2,2.9,3,66.6,14.2,1.24,53.23,0
STU_04350,B.Tech Information Technology,2,7.08,CR008,79.81,12,2.54,49.8,3,3.0,1,50.4,16.0,1.0,64.85,0
STU_04351,B.S. Data Science,2,5.55,CR001,41.02,3,1.38,21.6,2,2.1,1,29.9,5.9,0.63,35.06,0
STU_04352,B.Tech Computer Science,3,7.84,CR006,76.82,13,3.2,68.8,4,2.7,3,61.4,15.0,1.16,73.02,0
STU_04353,B.Tech Information Technology,3,6.61,CR005,91.39,18,4.01,80.9,5,4.1,5,77.6,20.8,1.34,89.65,1
STU_04354,B.Tech Electronics,1,8.16,CR009,99.1,17,4.48,89.7,6,4.8,3,91.1,24.9,2.15,93.04,1
STU_04355,B.S. Data Science,2,7.93,CR004,91.09,14,4.27,84.9,5,4.8,5,92.6,18.6,1.96,93.53,1
STU_04356,B.S. Data Science,2,9.02,CR002,64.94,13,3.03,49.5,3,3.2,2,63.2,14.8,1.14,61.3,0
STU_04357,M.S. Computer Science,3,10.0,CR003,53.71,16,2.46,38.6,2,2.9,2,67.7,12.1,1.03,53.96,0
STU_04358,BCA / MCA,3,5.5,CR008,77.04,14,2.86,68.8,3,3.1,3,55.0,14.8,1.01,70.39,0
STU_04359,B.S. Data Science,2,9.72,CR003,86.46,17,3.77,78.2,3,4.2,4,82.0,20.6,1.47,89.04,1
STU_04360,B.Tech Computer Science,2,9.27,CR005,28.7,6,1.19,24.1,1,2.1,1,22.9,5.6,0.82,23.82,0
STU_04361,B.Tech Electronics,1,7.81,CR004,37.34,8,1.74,27.0,2,2.4,1,25.6,5.9,0.81,35.03,0
STU_04362,M.S. Computer Science,1,8.35,CR002,93.51,22,3.73,78.5,6,4.0,3,81.1,16.5,1.65,91.37,1
STU_04363,B.Tech Computer Science,2,6.68,CR010,21.88,9,1.12,25.1,0,1.9,0,26.8,5.3,0.77,18.69,0
STU_04364,B.S. Data Science,2,8.47,CR008,75.49,21,3.28,55.8,2,3.1,3,67.9,9.8,1.39,69.06,0
STU_04365,B.Tech Computer Science,3,6.03,CR001,88.99,16,3.08,62.7,4,2.7,1,65.3,12.6,1.14,74.03,0
STU_04366,M.S. Computer Science,2,6.66,CR001,63.51,19,1.99,45.6,3,3.4,3,66.3,17.1,1.24,63.22,0
STU_04367,M.S. Computer Science,2,7.66,CR005,25.02,3,1.26,29.2,1,1.2,0,40.2,9.3,0.92,27.23,0
STU_04368,B.Tech Electronics,2,6.14,CR001,44.45,7,1.43,38.3,1,1.6,0,27.1,6.3,0.77,37.32,0
STU_04369,B.Tech Information Technology,3,8.72,CR002,54.26,13,2.52,50.7,3,3.7,1,52.5,12.7,1.38,51.39,0
STU_04370,BCA / MCA,3,7.1,CR001,87.58,16,3.36,63.1,2,3.2,1,67.9,12.6,1.0,69.31,0
STU_04371,B.Tech Information Technology,1,7.48,CR009,62.27,9,2.61,52.2,3,2.5,3,63.1,17.7,1.28,58.32,0
STU_04372,BCA / MCA,3,6.76,CR001,93.95,16,4.18,75.7,4,3.9,3,83.7,15.6,1.66,88.56,1
STU_04373,B.S. Data Science,3,8.18,CR002,83.07,16,3.32,68.3,2,3.2,1,61.6,17.9,1.08,66.61,0
STU_04374,B.Tech Electronics,2,8.74,CR001,52.82,11,2.23,44.1,0,1.4,1,30.2,4.8,0.75,44.5,0
STU_04375,B.S. Data Science,3,9.58,CR010,29.65,13,1.0,20.2,0,2.4,1,34.6,4.8,0.94,25.21,0
STU_04376,B.Tech Electronics,3,9.54,CR004,95.07,20,4.39,80.1,4,4.1,3,78.5,21.9,1.64,85.01,1
STU_04377,B.Tech Information Technology,3,8.31,CR005,41.62,14,1.83,39.7,1,1.1,0,35.6,4.7,0.87,30.96,0
STU_04378,M.S. Computer Science,1,8.16,CR003,43.15,7,1.62,35.1,1,1.2,0,38.8,9.8,0.83,37.36,0
STU_04379,BCA / MCA,1,7.6,CR010,76.18,21,3.25,73.3,3,4.2,2,75.6,24.4,1.47,72.16,0
STU_04380,B.Tech Information Technology,2,5.0,CR005,33.63,14,1.42,29.6,2,2.2,0,25.3,8.0,0.97,35.87,0
STU_04381,B.Tech Information Technology,2,7.58,CR003,71.21,12,3.19,62.4,4,2.7,2,55.0,15.3,1.07,66.71,0
STU_04382,B.Tech Computer Science,3,6.01,CR003,41.21,6,1.89,32.4,2,1.0,1,33.2,8.5,0.92,38.11,0
STU_04383,B.S. Data Science,3,8.51,CR007,92.52,22,4.27,89.2,5,4.1,3,83.8,21.4,1.54,88.16,1
STU_04384,B.Tech Information Technology,2,8.67,CR009,64.97,15,2.34,62.2,3,2.8,3,61.4,13.1,1.14,66.86,0
STU_04385,B.Tech Electronics,2,7.19,CR001,50.93,16,1.69,42.0,2,1.6,1,28.5,4.2,0.79,39.29,0
STU_04386,B.Tech Electronics,1,8.45,CR003,84.4,18,3.84,66.3,5,3.9,3,82.8,23.0,1.54,80.82,1
STU_04387,B.Tech Electronics,3,6.91,CR008,75.31,16,3.47,66.4,2,3.4,2,61.6,10.1,1.34,64.47,0
STU_04388,BCA / MCA,2,9.05,CR006,47.0,11,2.38,40.4,1,1.9,0,25.0,5.2,0.91,38.76,0
STU_04389,B.S. Data Science,2,8.61,CR002,58.04,7,2.29,44.0,2,2.9,2,63.6,8.0,1.08,54.66,0
STU_04390,B.Tech Electronics,2,6.21,CR006,47.42,13,2.27,39.0,2,2.8,2,63.8,11.5,1.33,47.81,0
STU_04391,B.Tech Electronics,3,5.0,CR007,99.42,20,4.63,95.8,7,4.8,4,93.6,23.3,1.79,96.13,1
STU_04392,BCA / MCA,2,7.86,CR010,97.28,21,4.73,97.4,8,4.4,5,95.0,31.7,2.13,96.4,1
STU_04393,B.Tech Computer Science,2,8.72,CR006,39.49,8,1.23,32.8,1,1.6,1,30.2,5.3,0.89,39.01,0
STU_04394,B.Tech Information Technology,2,8.92,CR008,94.66,29,4.04,70.0,5,4.0,5,82.8,19.1,1.43,86.87,1
STU_04395,B.Tech Electronics,3,9.04,CR004,62.88,15,2.43,51.8,4,3.6,3,50.7,17.3,1.34,64.49,0
STU_04396,BCA / MCA,2,7.89,CR007,38.92,9,1.71,29.6,2,1.4,1,29.6,6.4,0.77,34.29,0
STU_04397,BCA / MCA,2,7.03,CR005,37.97,8,1.98,31.7,2,2.1,1,26.5,5.2,0.97,36.1,0
STU_04398,B.Tech Electronics,3,8.62,CR003,71.75,14,3.06,65.2,3,2.5,2,66.1,15.0,1.24,68.0,0
STU_04399,B.Tech Computer Science,1,8.65,CR008,85.02,17,3.5,80.7,6,4.4,3,84.0,15.8,1.8,88.24,1
STU_04400,BCA / MCA,2,7.28,CR004,77.07,17,2.65,59.0,2,3.6,3,66.1,17.1,1.16,70.43,0
STU_04401,B.S. Data Science,2,7.64,CR006,64.41,9,2.76,61.0,3,2.6,1,63.1,13.9,1.18,60.31,0
STU_04402,BCA / MCA,2,6.29,CR007,85.26,16,3.8,71.7,6,4.1,3,77.9,17.1,1.45,77.42,1
STU_04403,B.S. Data Science,2,8.01,CR010,71.75,11,3.0,56.7,4,3.5,3,51.2,12.0,1.07,67.78,0
STU_04404,M.S. Computer Science,3,7.19,CR002,65.44,14,2.44,49.9,3,3.5,1,52.6,13.3,1.15,55.84,0
STU_04405,BCA / MCA,3,8.97,CR002,35.6,10,1.5,25.7,2,1.0,0,38.1,8.1,0.62,28.55,0
STU_04406,BCA / MCA,2,9.28,CR001,47.17,13,1.81,30.1,1,2.2,0,39.1,9.7,0.83,37.76,0
STU_04407,B.Tech Electronics,1,8.34,CR001,89.61,14,3.06,61.0,2,3.7,1,66.7,8.7,1.26,70.72,0
STU_04408,B.Tech Computer Science,2,8.44,CR010,67.63,15,3.04,58.9,3,3.1,3,50.2,12.6,1.05,60.56,0
STU_04409,BCA / MCA,1,7.39,CR003,74.3,14,3.05,52.7,3,3.1,3,63.5,14.6,1.18,67.24,0
STU_04410,B.Tech Information Technology,1,8.16,CR002,97.12,18,5.0,97.6,8,4.8,4,89.7,28.6,1.79,98.05,1
STU_04411,M.S. Computer Science,3,6.11,CR008,84.18,13,3.39,72.1,3,3.6,3,54.6,11.8,1.32,72.74,0
STU_04412,B.S. Data Science,3,9.21,CR010,84.7,22,4.21,91.0,6,5.0,6,97.3,27.0,1.75,90.29,1
STU_04413,BCA / MCA,2,8.44,CR007,47.78,9,1.55,25.6,0,1.6,0,34.7,8.4,0.95,29.94,0
STU_04414,B.Tech Electronics,1,6.99,CR010,86.56,27,4.61,85.8,5,4.1,2,81.1,18.6,1.36,81.65,1
STU_04415,B.Tech Information Technology,2,6.69,CR010,67.31,17,2.85,52.1,4,2.9,1,60.6,14.9,1.15,63.94,0
STU_04416,BCA / MCA,1,9.63,CR007,86.02,14,3.47,73.8,6,4.3,4,76.9,22.8,1.46,88.0,1
STU_04417,M.S. Computer Science,2,7.03,CR010,56.8,17,3.12,62.8,4,3.1,1,71.8,13.2,1.35,58.28,0
STU_04418,B.Tech Electronics,2,8.38,CR009,55.92,8,2.03,45.6,1,1.8,0,41.6,7.5,0.95,40.38,0
STU_04419,M.S. Computer Science,1,7.24,CR002,98.67,23,5.0,100.0,5,4.6,4,96.9,27.9,1.81,97.55,1
STU_04420,B.S. Data Science,3,7.9,CR010,36.78,15,1.93,36.7,1,1.5,0,24.8,4.3,0.68,30.31,0
STU_04421,M.S. Computer Science,2,6.77,CR010,42.83,11,2.06,43.7,0,2.2,0,38.8,8.2,0.92,31.92,0
STU_04422,B.Tech Information Technology,2,5.66,CR005,48.69,11,2.12,41.2,2,2.5,1,24.3,8.2,0.95,42.57,0
STU_04423,B.Tech Electronics,2,8.55,CR004,91.75,16,4.25,84.7,7,4.5,3,96.6,24.0,1.98,89.06,1
STU_04424,B.S. Data Science,1,8.49,CR010,77.62,17,3.48,69.3,4,3.0,2,58.3,14.4,1.17,71.21,0
STU_04425,B.Tech Computer Science,3,6.76,CR002,87.98,24,4.36,76.5,6,4.5,3,90.0,22.1,1.4,84.27,1
STU_04426,B.Tech Computer Science,1,8.89,CR005,91.99,19,4.74,94.1,5,4.8,3,90.3,18.0,2.18,91.71,1
STU_04427,B.Tech Electronics,1,8.21,CR005,54.28,12,2.17,43.0,4,3.0,3,64.8,13.4,1.2,59.96,0
STU_04428,BCA / MCA,2,7.04,CR001,56.57,16,1.98,40.8,1,1.1,0,29.5,5.3,0.96,46.52,0
STU_04429,B.Tech Computer Science,1,9.07,CR009,91.53,17,4.15,73.0,6,4.4,5,81.2,19.9,1.33,89.75,1
STU_04430,B.Tech Computer Science,2,8.18,CR009,92.2,25,4.21,80.7,5,4.6,3,88.4,31.8,2.09,84.4,1
STU_04431,B.Tech Information Technology,2,8.19,CR002,96.0,20,4.07,95.3,6,4.5,5,90.5,18.0,2.04,94.85,1
STU_04432,M.S. Computer Science,3,9.23,CR006,65.44,16,2.7,64.8,3,3.5,1,73.8,15.3,1.31,64.07,0
STU_04433,B.Tech Computer Science,2,7.74,CR004,50.44,8,2.09,30.0,0,1.5,1,40.0,7.7,0.64,37.36,0
STU_04434,M.S. Computer Science,3,5.78,CR002,78.67,14,3.01,60.5,4,3.5,1,50.5,12.0,1.06,67.07,0
STU_04435,B.Tech Information Technology,3,5.1,CR007,51.02,12,2.08,50.5,1,2.4,1,40.1,7.5,0.96,46.0,0
STU_04436,B.Tech Computer Science,3,8.11,CR002,95.4,19,3.87,81.1,3,4.1,3,82.8,23.7,1.52,86.56,1
STU_04437,B.Tech Information Technology,3,7.82,CR002,54.41,14,2.53,46.9,3,3.0,1,60.5,8.9,1.08,54.63,0
STU_04438,B.Tech Information Technology,2,8.52,CR008,96.52,20,4.07,82.7,3,4.3,3,86.5,23.2,1.76,89.73,1
STU_04439,M.S. Computer Science,2,7.37,CR002,63.56,13,2.31,45.8,2,3.1,1,58.0,9.8,1.23,53.5,0
STU_04440,M.S. Computer Science,2,8.45,CR005,56.03,11,2.43,48.9,3,2.7,3,55.8,16.4,1.25,60.06,0
STU_04441,B.Tech Computer Science,3,7.55,CR010,30.96,3,1.36,20.9,1,1.7,1,46.3,6.0,0.71,30.85,0
STU_04442,M.S. Computer Science,2,8.07,CR007,82.69,16,3.11,62.3,3,3.2,1,55.4,14.0,1.15,69.05,0
STU_04443,M.S. Computer Science,1,7.67,CR009,93.48,14,4.3,90.7,3,4.5,2,78.5,19.2,1.48,81.71,1
STU_04444,BCA / MCA,2,7.64,CR010,96.5,20,4.45,93.9,8,4.5,3,89.5,20.9,1.92,95.58,1
STU_04445,M.S. Computer Science,3,8.46,CR003,22.03,13,1.1,21.0,0,1.4,0,28.1,6.8,0.69,19.9,0
STU_04446,B.S. Data Science,2,8.84,CR001,35.27,7,1.47,27.3,0,2.2,0,22.8,4.1,0.78,28.57,0
STU_04447,B.S. Data Science,2,5.06,CR001,86.05,13,3.08,75.4,4,2.6,2,58.0,10.0,1.18,77.32,1
STU_04448,BCA / MCA,1,5.41,CR002,82.56,13,3.18,58.9,3,3.5,2,68.0,9.7,1.15,69.25,0
STU_04449,B.S. Data Science,1,5.53,CR006,32.34,9,1.0,39.2,2,2.1,1,29.9,8.3,0.75,37.03,0
STU_04450,BCA / MCA,2,7.81,CR002,50.59,10,1.81,35.7,2,2.5,1,42.9,9.0,0.62,47.62,0
STU_04451,B.S. Data Science,2,7.21,CR002,93.1,18,4.52,78.0,8,4.7,5,96.9,24.8,1.79,94.1,1
STU_04452,M.S. Computer Science,2,6.38,CR006,61.51,13,3.04,57.2,4,3.8,2,74.3,15.1,1.09,64.43,0
STU_04453,M.S. Computer Science,2,8.49,CR010,31.26,12,1.46,41.4,0,1.6,0,38.9,7.1,0.61,31.63,0
STU_04454,B.S. Data Science,1,7.61,CR006,70.42,15,2.8,58.0,3,3.3,3,62.9,14.4,1.34,66.77,0
STU_04455,B.Tech Electronics,2,7.68,CR006,74.59,16,3.57,72.8,5,4.3,3,80.1,18.5,1.78,81.85,1
STU_04456,B.Tech Information Technology,2,9.36,CR002,82.83,8,2.83,52.3,3,2.6,2,68.9,11.1,1.17,68.4,0
STU_04457,B.Tech Information Technology,3,7.1,CR006,50.21,12,3.05,53.2,2,3.3,2,51.1,9.3,1.21,50.19,0
STU_04458,B.Tech Electronics,3,7.14,CR008,34.9,4,1.56,26.0,0,1.4,0,40.8,4.4,0.73,28.98,0
STU_04459,B.S. Data Science,3,5.79,CR005,41.94,12,1.94,29.3,0,1.1,0,36.3,8.2,0.97,29.6,0
STU_04460,B.Tech Electronics,2,6.4,CR007,89.27,15,3.67,77.9,5,4.3,2,78.7,17.2,1.75,86.73,1
STU_04461,BCA / MCA,2,7.25,CR002,83.14,21,3.09,58.7,3,4.2,5,87.5,15.7,1.69,81.46,1
STU_04462,B.Tech Electronics,2,7.2,CR001,96.45,19,4.09,82.8,3,4.0,5,77.8,22.7,1.79,89.02,1
STU_04463,B.Tech Information Technology,2,7.86,CR001,65.7,13,2.44,49.3,2,3.3,1,51.8,16.1,1.26,57.04,0
STU_04464,M.S. Computer Science,3,7.01,CR002,68.27,20,2.46,51.4,4,2.9,1,74.0,9.4,1.08,61.13,0
STU_04465,B.Tech Information Technology,2,9.92,CR009,23.72,2,1.0,21.0,0,1.1,0,48.2,6.1,0.64,24.77,0
STU_04466,B.S. Data Science,1,5.0,CR005,76.76,14,2.95,55.5,2,2.9,3,69.6,8.6,1.09,67.8,0
STU_04467,B.Tech Information Technology,2,9.62,CR010,76.23,14,3.29,63.0,3,3.7,1,61.4,12.0,1.39,67.32,0
STU_04468,B.Tech Computer Science,2,7.28,CR001,99.65,17,4.44,80.9,5,4.5,5,86.7,24.2,1.69,96.25,1
STU_04469,M.S. Computer Science,3,9.78,CR004,55.08,12,2.47,45.1,2,3.7,3,58.7,16.1,1.32,56.74,0
STU_04470,B.Tech Computer Science,3,6.17,CR006,80.28,18,3.37,71.4,5,4.3,3,84.1,19.0,1.35,80.56,1
STU_04471,B.S. Data Science,3,8.9,CR008,92.96,19,4.31,95.2,6,4.6,4,93.4,32.0,2.14,99.01,1
STU_04472,B.Tech Computer Science,3,8.51,CR007,63.95,14,2.37,47.2,4,3.4,3,52.9,9.0,1.12,58.5,0
STU_04473,BCA / MCA,2,8.62,CR008,58.22,10,2.53,43.2,2,2.9,3,53.1,10.2,1.27,54.34,0
STU_04474,B.Tech Electronics,2,7.05,CR001,35.71,6,1.6,27.1,2,2.3,0,24.0,8.7,1.0,28.36,0
STU_04475,B.Tech Computer Science,1,6.94,CR005,47.65,7,1.67,47.4,1,2.0,1,20.6,5.1,0.86,40.02,0
STU_04476,B.Tech Information Technology,2,9.3,CR010,74.77,18,3.26,58.3,2,3.3,3,66.0,16.6,1.02,63.98,0
STU_04477,B.Tech Computer Science,3,5.89,CR005,60.19,4,2.19,48.0,4,3.7,2,52.7,10.9,1.19,55.72,0
STU_04478,B.Tech Electronics,2,6.47,CR003,66.46,14,2.99,59.4,2,3.7,1,59.1,14.4,1.35,58.24,0
STU_04479,BCA / MCA,2,8.03,CR009,95.8,14,4.53,80.5,6,5.0,3,97.8,18.1,2.15,89.79,1
STU_04480,B.Tech Electronics,2,8.63,CR006,70.02,17,3.29,68.4,4,3.1,3,68.9,8.3,1.09,64.2,0
STU_04481,BCA / MCA,3,9.27,CR004,63.4,9,2.61,53.5,4,3.4,1,66.4,15.1,1.34,64.74,0
STU_04482,BCA / MCA,1,7.49,CR004,92.82,20,4.46,83.8,6,4.1,4,75.2,20.4,1.6,92.22,1
STU_04483,B.Tech Information Technology,3,9.09,CR007,81.22,17,2.99,68.3,2,2.5,2,72.0,8.6,1.12,67.03,0
STU_04484,B.S. Data Science,2,9.0,CR006,94.54,27,4.37,80.4,7,4.5,5,95.8,24.2,2.01,95.99,1
STU_04485,BCA / MCA,3,8.16,CR009,78.64,14,3.54,76.5,4,4.5,2,81.2,17.7,1.58,77.38,1
STU_04486,B.Tech Electronics,2,8.73,CR007,78.5,15,3.08,64.8,2,2.8,3,74.4,10.2,1.2,69.51,0
STU_04487,B.S. Data Science,2,6.47,CR003,75.2,12,3.35,68.8,4,3.3,2,73.3,10.4,1.3,70.84,0
STU_04488,B.Tech Computer Science,2,7.42,CR001,68.9,15,2.38,53.3,3,3.8,2,73.7,14.9,1.01,67.83,0
STU_04489,B.Tech Information Technology,2,6.14,CR005,75.39,18,3.38,66.0,2,3.7,1,51.1,11.7,1.16,63.93,0
STU_04490,B.Tech Electronics,2,7.54,CR008,57.57,9,2.34,52.5,2,2.9,2,71.8,14.9,1.25,61.18,0
STU_04491,BCA / MCA,2,7.9,CR005,68.99,14,2.82,64.1,4,2.7,1,69.1,10.6,1.27,64.01,0
STU_04492,B.Tech Information Technology,2,9.45,CR001,87.21,18,3.07,76.3,2,2.5,2,71.8,15.9,1.02,77.31,1
STU_04493,BCA / MCA,2,6.76,CR010,47.85,10,2.3,44.3,2,1.3,1,31.2,4.4,0.71,41.17,0
STU_04494,B.S. Data Science,2,7.77,CR008,87.47,21,4.09,88.5,6,4.5,3,75.7,22.9,1.55,89.22,1
STU_04495,B.S. Data Science,3,7.19,CR001,80.78,15,3.16,60.9,4,3.6,1,60.6,15.9,1.4,69.11,0
STU_04496,B.Tech Information Technology,3,8.9,CR005,39.1,7,1.47,30.9,1,1.4,0,44.4,8.8,0.89,33.37,0
STU_04497,B.Tech Computer Science,2,5.96,CR008,91.8,18,3.77,71.9,5,4.3,2,88.4,18.8,1.31,80.99,1
STU_04498,BCA / MCA,2,8.9,CR004,96.92,25,5.0,88.7,8,4.7,3,88.0,22.5,1.9,95.24,1
STU_04499,B.S. Data Science,2,7.82,CR006,66.99,15,2.89,55.7,4,3.3,1,73.3,10.4,1.28,62.91,0
STU_04500,B.Tech Electronics,1,7.88,CR008,67.58,14,2.52,57.6,3,2.6,1,51.0,12.9,1.27,58.08,0
STU_04501,B.Tech Information Technology,2,6.89,CR006,69.85,14,3.0,56.2,2,3.3,1,67.3,14.6,1.34,58.61,0
STU_04502,B.Tech Information Technology,2,5.57,CR010,87.84,16,4.04,87.2,5,4.0,4,77.3,20.1,1.54,92.23,1
STU_04503,B.Tech Information Technology,3,7.85,CR002,56.34,13,2.62,38.1,4,2.6,1,56.6,15.7,1.11,50.75,0
STU_04504,M.S. Computer Science,2,6.66,CR001,69.01,13,2.79,43.6,2,3.3,3,57.5,12.5,1.19,63.15,0
STU_04505,B.Tech Electronics,2,7.21,CR010,77.83,14,3.18,65.6,3,2.9,1,55.6,10.6,1.07,66.6,0
STU_04506,B.Tech Computer Science,2,6.34,CR003,73.26,15,3.34,64.1,2,3.3,1,71.5,15.5,1.1,67.84,0
STU_04507,B.S. Data Science,1,6.88,CR008,82.08,12,3.24,59.7,2,3.7,1,57.4,17.8,1.3,72.49,0
STU_04508,B.S. Data Science,2,9.05,CR010,22.97,9,1.24,33.9,1,2.4,1,49.8,9.0,0.64,31.74,0
STU_04509,M.S. Computer Science,2,7.89,CR001,71.35,15,2.36,52.0,2,3.8,2,59.4,10.2,1.31,64.17,0
STU_04510,B.Tech Computer Science,3,7.86,CR002,85.17,21,4.11,71.9,4,3.9,2,78.2,14.8,1.5,79.68,1
STU_04511,B.S. Data Science,2,6.48,CR006,48.0,11,2.04,41.0,0,1.3,0,25.4,9.4,0.98,40.55,0
STU_04512,B.Tech Electronics,1,8.95,CR010,19.96,3,1.32,17.6,2,1.1,0,41.9,6.6,0.73,22.82,0
STU_04513,BCA / MCA,2,8.33,CR006,66.86,12,2.4,43.9,3,2.5,3,52.9,12.9,1.32,60.35,0
STU_04514,B.Tech Electronics,1,8.36,CR001,34.37,2,1.0,16.9,2,1.4,0,28.7,9.2,0.86,32.74,0
STU_04515,B.Tech Information Technology,3,7.54,CR006,61.18,14,2.84,59.8,3,2.8,1,53.9,14.6,1.17,59.03,0
STU_04516,B.Tech Information Technology,3,6.28,CR007,95.8,23,4.29,83.7,5,4.4,5,87.5,18.7,1.53,93.36,1
STU_04517,B.Tech Computer Science,2,7.64,CR006,56.79,15,2.04,51.1,4,3.0,2,59.3,10.5,1.07,56.65,0
STU_04518,B.Tech Computer Science,3,8.36,CR010,90.31,18,4.38,83.3,6,4.6,4,95.6,18.5,1.65,89.32,1
STU_04519,B.Tech Computer Science,2,10.0,CR006,90.55,23,4.45,79.4,4,4.2,3,81.8,21.5,1.32,87.52,1
STU_04520,BCA / MCA,2,8.19,CR007,83.23,17,3.42,83.5,6,4.4,5,86.8,21.5,1.47,91.67,1
STU_04521,M.S. Computer Science,3,7.2,CR005,76.15,16,3.47,68.9,3,3.6,2,61.3,12.2,1.31,68.49,0
STU_04522,BCA / MCA,2,9.34,CR004,63.44,15,2.8,52.4,4,3.1,1,54.3,14.3,1.13,60.37,0
STU_04523,M.S. Computer Science,2,7.14,CR006,31.87,4,1.28,17.3,2,2.2,0,34.1,9.0,0.77,29.69,0
STU_04524,B.Tech Computer Science,2,8.12,CR008,73.44,20,3.02,50.3,3,3.5,3,66.7,13.6,1.3,66.14,0
STU_04525,B.Tech Electronics,2,6.08,CR006,30.29,4,1.54,21.6,1,2.1,1,29.6,6.7,0.96,31.13,0
STU_04526,B.Tech Computer Science,1,8.9,CR010,31.51,7,1.47,38.2,0,1.1,1,24.1,6.8,0.83,26.62,0
STU_04527,B.Tech Electronics,2,8.13,CR007,91.05,20,4.24,78.3,3,4.5,3,78.3,23.0,1.47,86.52,1
STU_04528,B.Tech Information Technology,2,8.26,CR002,74.15,10,2.85,67.7,4,2.7,3,71.1,14.0,1.07,69.55,0
STU_04529,BCA / MCA,3,7.89,CR001,56.77,12,1.98,45.0,3,3.5,3,69.4,13.1,1.33,62.06,0
STU_04530,B.Tech Electronics,2,8.96,CR004,26.86,6,1.0,21.8,0,2.2,1,42.0,5.9,0.78,24.08,0
STU_04531,B.Tech Computer Science,2,7.81,CR010,26.95,2,1.26,26.5,0,2.2,1,23.1,5.8,0.74,29.57,0
STU_04532,BCA / MCA,2,7.51,CR005,55.36,7,2.55,48.7,3,2.8,2,51.9,8.7,1.12,51.32,0
STU_04533,B.Tech Information Technology,3,5.83,CR002,37.73,12,1.61,36.1,0,2.3,1,39.3,7.3,0.73,36.58,0
STU_04534,B.Tech Information Technology,1,5.83,CR001,100.0,23,4.94,100.0,6,4.8,6,96.1,30.1,1.83,99.5,1
STU_04535,B.S. Data Science,3,6.38,CR004,68.2,10,2.49,61.0,4,2.6,3,62.2,9.9,1.0,65.59,0
STU_04536,BCA / MCA,1,10.0,CR004,92.14,19,4.11,85.0,3,4.5,3,85.1,24.0,1.31,87.83,1
STU_04537,B.Tech Information Technology,2,6.49,CR006,54.29,13,2.04,56.5,4,2.6,3,55.9,16.6,1.24,56.67,0
STU_04538,B.Tech Electronics,2,7.72,CR004,36.51,9,1.39,22.1,1,2.2,1,35.1,5.1,0.94,30.2,0
STU_04539,B.Tech Computer Science,2,6.64,CR009,32.27,6,1.26,25.9,2,2.2,1,33.8,4.6,0.93,30.04,0
STU_04540,B.Tech Electronics,2,6.8,CR002,88.09,22,3.9,73.7,5,4.2,3,80.0,24.0,1.32,82.12,1
STU_04541,M.S. Computer Science,1,9.28,CR002,46.26,9,1.68,33.3,1,2.1,0,38.5,5.2,0.82,40.17,0
STU_04542,B.Tech Electronics,3,7.57,CR003,86.39,14,3.67,72.6,6,4.1,4,87.7,24.2,1.34,88.63,1
STU_04543,B.Tech Information Technology,2,7.23,CR004,92.26,21,3.72,80.4,5,4.3,2,87.5,14.8,1.58,89.21,1
STU_04544,B.Tech Information Technology,2,8.29,CR005,70.31,16,2.9,49.0,3,3.6,1,68.8,10.7,1.21,63.72,0
STU_04545,B.Tech Information Technology,2,7.3,CR006,75.75,18,3.46,60.3,5,4.0,5,86.8,18.6,1.38,77.42,1
STU_04546,M.S. Computer Science,2,9.34,CR007,77.11,18,2.9,68.4,3,3.7,3,60.0,16.4,1.22,71.89,0
STU_04547,B.S. Data Science,2,6.47,CR003,42.72,4,1.68,41.3,2,1.5,1,35.5,7.2,0.91,38.46,0
STU_04548,BCA / MCA,2,6.28,CR002,23.87,6,1.0,26.0,1,1.7,0,31.2,5.7,0.97,22.41,0
STU_04549,B.S. Data Science,1,9.53,CR007,68.12,15,2.32,62.4,4,3.6,2,58.8,12.0,1.04,63.95,0
STU_04550,B.S. Data Science,2,8.91,CR006,83.11,22,3.96,75.0,4,4.3,2,84.0,18.1,1.57,79.34,1
STU_04551,B.Tech Electronics,3,10.0,CR008,90.89,19,4.03,85.2,6,4.3,3,85.4,24.3,1.63,86.2,1
STU_04552,M.S. Computer Science,3,7.77,CR006,82.56,15,4.2,71.0,6,4.5,3,85.9,17.0,1.34,86.97,1
STU_04553,B.S. Data Science,2,10.0,CR005,76.96,17,3.51,61.7,3,4.3,3,79.5,17.7,1.69,72.82,0
STU_04554,M.S. Computer Science,1,7.03,CR007,85.52,16,3.88,82.4,5,3.8,2,77.6,17.5,1.62,81.84,1
STU_04555,B.Tech Information Technology,1,7.64,CR004,55.16,11,2.37,48.3,3,3.5,2,53.7,17.6,1.15,58.58,0
STU_04556,M.S. Computer Science,3,6.8,CR001,75.45,11,2.37,52.5,3,2.7,2,62.8,17.0,1.15,67.94,0
STU_04557,BCA / MCA,2,8.41,CR003,81.15,17,3.33,73.7,4,3.0,2,55.6,14.8,1.07,73.22,0
STU_04558,BCA / MCA,2,5.6,CR008,39.12,3,1.01,26.9,0,1.3,0,21.8,9.2,0.82,29.36,0
STU_04559,B.Tech Computer Science,2,6.38,CR009,94.99,15,3.79,76.1,4,4.0,3,81.2,20.0,1.74,90.9,1
STU_04560,B.Tech Information Technology,2,7.65,CR003,84.31,16,3.76,77.6,5,4.4,4,76.6,20.2,1.61,81.0,1
STU_04561,B.Tech Computer Science,3,8.5,CR007,72.22,12,2.71,53.1,4,2.9,2,73.0,11.3,1.38,68.46,0
STU_04562,B.Tech Computer Science,2,7.97,CR007,71.27,9,2.65,50.8,4,3.4,1,52.1,11.0,1.19,61.22,0
STU_04563,M.S. Computer Science,2,6.9,CR001,33.64,7,1.28,33.3,0,1.5,0,33.3,5.6,0.75,26.78,0
STU_04564,B.Tech Computer Science,3,8.74,CR001,99.04,15,4.03,81.4,5,4.1,4,87.9,15.0,1.34,92.21,1
STU_04565,B.Tech Information Technology,2,6.8,CR005,82.5,13,3.86,76.0,4,4.3,3,79.4,14.1,1.45,79.62,1
STU_04566,B.Tech Information Technology,2,7.31,CR008,87.38,20,3.83,81.4,6,4.1,2,75.3,16.9,1.74,82.13,1
STU_04567,M.S. Computer Science,1,9.1,CR009,71.96,18,3.37,51.8,3,3.2,3,55.6,13.3,1.06,66.22,0
STU_04568,BCA / MCA,2,7.52,CR004,59.36,15,2.56,53.4,3,2.7,3,74.6,17.9,1.31,60.66,0
STU_04569,BCA / MCA,2,7.22,CR005,83.18,16,3.66,71.7,4,4.6,2,80.6,15.6,1.79,73.6,0
STU_04570,M.S. Computer Science,3,6.95,CR007,52.96,12,2.48,45.8,4,3.2,1,70.5,12.7,1.04,53.14,0
STU_04571,B.Tech Computer Science,3,9.13,CR003,76.05,16,3.17,60.7,3,2.7,1,74.7,14.4,1.12,68.63,0
STU_04572,M.S. Computer Science,3,7.08,CR006,51.75,13,1.48,32.0,2,1.1,0,32.7,8.6,0.71,37.39,0
STU_04573,B.Tech Computer Science,1,7.39,CR006,61.65,12,2.42,53.3,2,2.5,2,64.6,17.4,1.06,57.47,0
STU_04574,B.S. Data Science,3,10.0,CR009,87.39,17,4.29,90.8,3,4.1,2,85.6,22.2,1.39,87.39,1
STU_04575,B.Tech Information Technology,3,8.9,CR009,74.8,14,3.13,68.1,4,2.6,3,57.8,12.6,1.39,71.41,0
STU_04576,B.Tech Computer Science,2,5.98,CR002,35.42,11,1.37,18.6,0,1.5,1,31.0,7.1,0.75,30.13,0
STU_04577,B.Tech Information Technology,1,7.12,CR007,65.73,11,2.61,53.0,4,3.4,2,64.6,13.8,1.37,62.94,0
STU_04578,B.Tech Computer Science,2,6.48,CR006,27.1,2,1.0,31.0,2,2.0,0,42.4,8.5,0.83,32.23,0
STU_04579,B.S. Data Science,2,9.57,CR004,54.29,19,2.79,54.4,3,3.3,2,65.3,11.3,1.2,59.09,0
STU_04580,B.S. Data Science,2,8.15,CR004,31.69,9,1.0,17.2,2,2.4,0,40.3,5.2,0.77,25.92,0
STU_04581,B.Tech Computer Science,3,8.07,CR009,99.14,22,4.43,97.6,8,4.8,5,91.8,31.6,1.82,98.45,1
STU_04582,B.Tech Electronics,1,7.73,CR008,82.43,15,3.49,63.5,2,2.7,1,74.4,14.4,1.1,71.28,0
STU_04583,M.S. Computer Science,1,8.06,CR008,91.51,21,4.07,82.0,3,4.0,5,87.7,15.6,1.67,91.97,1
STU_04584,M.S. Computer Science,2,9.53,CR009,60.93,12,2.51,51.0,2,3.2,2,65.9,9.0,1.33,56.52,0
STU_04585,BCA / MCA,1,8.33,CR002,39.12,12,1.66,41.6,2,2.5,1,22.9,6.1,0.71,36.63,0
STU_04586,B.Tech Electronics,3,8.45,CR009,96.21,17,4.44,88.4,5,4.5,3,96.4,26.2,1.82,96.37,1
STU_04587,M.S. Computer Science,2,8.18,CR007,59.8,15,2.41,56.2,4,3.5,3,53.8,10.2,1.05,67.45,0
STU_04588,BCA / MCA,2,6.34,CR004,39.69,9,1.8,21.2,0,1.2,1,34.1,7.0,0.87,35.44,0
STU_04589,B.Tech Computer Science,3,10.0,CR001,88.02,15,3.11,63.7,4,3.4,1,69.1,10.3,1.0,73.7,0
STU_04590,B.S. Data Science,1,7.49,CR006,51.91,8,2.16,43.0,2,3.1,3,59.8,15.1,1.04,52.35,0
STU_04591,B.S. Data Science,2,7.94,CR008,88.18,21,4.13,87.1,5,4.0,3,87.4,20.3,1.38,86.96,1
STU_04592,B.S. Data Science,3,7.74,CR004,85.26,19,3.18,68.7,4,2.9,3,63.3,12.8,1.16,74.09,0
STU_04593,B.Tech Information Technology,2,7.88,CR007,76.4,18,3.16,58.7,2,3.0,1,54.7,14.8,1.34,69.07,0
STU_04594,B.Tech Electronics,3,8.91,CR008,78.63,16,3.6,66.3,2,3.4,1,52.3,10.2,1.39,70.58,0
STU_04595,BCA / MCA,2,7.61,CR005,86.27,21,4.3,90.4,8,4.8,6,91.9,25.2,1.67,89.06,1
STU_04596,M.S. Computer Science,3,8.62,CR001,88.61,15,3.75,76.9,4,4.1,2,75.1,21.4,1.53,78.99,1
STU_04597,B.Tech Information Technology,3,8.41,CR006,33.75,10,1.43,27.9,1,1.3,0,42.3,7.3,0.68,26.93,0
STU_04598,B.Tech Electronics,3,7.77,CR007,64.4,13,2.53,53.8,4,2.8,1,55.8,15.6,1.2,65.28,0
STU_04599,B.S. Data Science,2,6.4,CR006,80.66,20,3.33,65.9,3,4.3,3,82.0,16.5,1.35,77.13,1
STU_04600,B.S. Data Science,1,9.04,CR009,77.04,17,3.55,69.3,3,3.4,2,65.1,17.0,1.24,74.08,0
STU_04601,B.Tech Computer Science,3,8.68,CR001,91.05,12,3.22,68.3,6,4.3,3,81.5,21.6,1.44,88.66,1
STU_04602,B.Tech Computer Science,2,6.72,CR010,91.67,20,4.36,88.8,6,4.9,3,96.5,19.6,2.17,97.53,1
STU_04603,BCA / MCA,2,7.92,CR004,65.58,12,3.07,55.4,4,2.6,1,57.7,11.6,1.2,57.47,0
STU_04604,B.Tech Electronics,3,7.52,CR008,69.13,6,2.1,46.7,4,3.4,1,74.8,14.8,1.03,65.02,0
STU_04605,B.Tech Computer Science,3,7.6,CR009,58.86,14,2.2,53.9,3,3.1,1,72.6,15.7,1.4,59.83,0
STU_04606,BCA / MCA,3,8.82,CR009,91.26,20,3.76,89.8,6,4.5,3,93.1,29.7,1.78,90.7,1
STU_04607,M.S. Computer Science,1,9.09,CR008,97.51,18,4.95,100.0,6,4.6,3,93.6,27.4,2.06,94.2,1
STU_04608,B.Tech Computer Science,3,8.22,CR005,28.36,9,1.12,16.1,1,1.4,1,20.6,5.0,0.68,25.29,0
STU_04609,B.Tech Electronics,2,6.26,CR001,74.9,13,2.75,53.1,4,2.8,2,69.5,12.6,1.01,67.65,0
STU_04610,BCA / MCA,2,6.72,CR008,47.76,9,1.89,34.7,2,1.5,1,22.0,6.8,0.72,36.99,0
STU_04611,B.Tech Computer Science,2,9.12,CR010,74.38,15,3.01,70.6,2,3.5,2,53.8,17.0,1.28,65.3,0
STU_04612,B.S. Data Science,3,8.25,CR007,73.76,17,3.09,69.1,3,3.2,2,68.8,12.9,1.15,65.34,0
STU_04613,B.Tech Electronics,2,6.54,CR001,83.53,15,3.4,67.6,4,3.1,3,61.2,13.3,1.31,75.99,1
STU_04614,B.Tech Electronics,2,7.8,CR004,38.32,9,1.99,31.9,1,1.7,0,42.5,8.3,0.75,29.04,0
STU_04615,B.Tech Computer Science,2,10.0,CR006,31.77,11,1.66,28.1,1,1.1,0,49.1,4.4,0.67,29.11,0
STU_04616,BCA / MCA,2,6.79,CR006,44.71,9,2.26,34.7,1,1.8,0,37.0,4.8,0.89,36.58,0
STU_04617,BCA / MCA,1,7.23,CR002,84.24,13,3.56,62.7,3,3.6,1,50.8,13.9,1.23,73.04,0
STU_04618,M.S. Computer Science,3,6.03,CR008,39.02,11,1.0,29.1,2,2.2,1,41.0,5.8,0.8,33.6,0
STU_04619,B.Tech Electronics,2,6.84,CR007,20.89,11,1.39,18.0,0,1.3,1,35.3,7.8,0.78,24.31,0
STU_04620,B.Tech Electronics,3,7.71,CR010,26.7,4,1.0,27.8,1,1.6,0,24.2,4.3,0.73,26.23,0
STU_04621,BCA / MCA,3,7.3,CR001,64.67,9,2.03,44.6,2,2.0,0,35.0,4.5,0.64,41.83,0
STU_04622,B.Tech Electronics,1,5.93,CR009,31.74,9,1.38,32.6,1,2.1,1,36.7,5.9,0.8,35.65,0
STU_04623,M.S. Computer Science,2,6.42,CR004,83.47,18,3.76,81.6,6,4.3,4,79.1,15.9,1.35,88.34,1
STU_04624,M.S. Computer Science,2,8.84,CR009,97.09,23,4.57,87.2,6,5.0,4,90.2,19.3,2.19,95.63,1
STU_04625,B.S. Data Science,2,8.34,CR009,85.85,21,3.92,73.2,5,4.1,5,78.1,24.7,1.54,86.79,1
STU_04626,B.Tech Computer Science,2,7.66,CR002,64.38,17,2.45,52.0,3,2.9,2,56.2,14.7,1.29,63.77,0
STU_04627,M.S. Computer Science,1,8.99,CR005,58.04,16,2.38,46.0,4,3.5,3,51.7,8.9,1.25,62.91,0
STU_04628,B.Tech Electronics,3,7.6,CR007,92.6,21,3.87,81.4,4,4.4,3,77.6,18.8,1.54,89.65,1
STU_04629,B.Tech Computer Science,3,7.16,CR002,95.33,19,4.35,89.9,8,4.9,4,96.9,24.1,1.81,92.76,1
STU_04630,BCA / MCA,2,8.25,CR006,28.52,4,1.42,17.9,2,2.3,0,21.5,8.2,0.85,28.07,0
STU_04631,B.S. Data Science,2,8.47,CR006,67.34,19,3.12,58.8,4,2.9,1,50.7,11.6,1.28,55.75,0
STU_04632,BCA / MCA,2,9.37,CR003,66.18,13,2.86,57.3,2,3.2,1,62.6,16.8,1.17,61.22,0
STU_04633,BCA / MCA,3,7.85,CR003,25.61,7,1.0,17.3,1,2.3,0,40.3,7.3,0.87,25.38,0
STU_04634,B.Tech Computer Science,2,8.1,CR007,91.81,20,3.72,80.3,5,4.1,2,87.6,24.2,1.31,87.97,1
STU_04635,M.S. Computer Science,1,10.0,CR006,66.85,11,3.46,63.8,2,3.0,2,50.9,9.8,1.38,60.63,0
STU_04636,B.Tech Computer Science,2,9.28,CR004,84.87,17,3.61,80.9,4,4.0,3,77.2,17.7,1.69,78.15,1
STU_04637,B.S. Data Science,3,7.78,CR004,77.66,12,2.96,69.6,4,2.9,1,71.8,9.8,1.32,68.01,0
STU_04638,B.Tech Computer Science,1,9.01,CR001,52.52,12,1.85,32.1,0,1.3,0,37.5,9.5,0.69,39.95,0
STU_04639,M.S. Computer Science,3,7.13,CR010,52.85,14,2.12,41.1,2,1.2,1,36.5,8.6,0.94,42.19,0
STU_04640,M.S. Computer Science,1,7.69,CR001,93.26,20,3.96,70.1,5,4.5,2,86.4,15.3,1.7,87.28,1
STU_04641,B.Tech Information Technology,2,8.65,CR004,56.74,13,2.32,39.4,3,3.3,1,70.1,9.2,1.26,51.79,0
STU_04642,B.S. Data Science,2,10.0,CR010,89.63,14,3.75,80.9,3,4.3,3,89.7,15.9,1.46,89.16,1
STU_04643,B.Tech Computer Science,3,8.19,CR004,65.34,19,2.18,50.9,3,3.3,2,52.2,12.9,1.14,63.03,0
STU_04644,B.Tech Computer Science,2,7.72,CR007,52.0,14,2.27,47.1,4,2.7,3,51.3,13.3,1.13,57.52,0
STU_04645,B.Tech Computer Science,2,7.08,CR002,29.91,2,1.05,25.3,0,1.9,1,47.7,7.4,0.72,30.31,0
STU_04646,M.S. Computer Science,1,9.62,CR010,70.25,14,2.77,56.9,3,2.6,3,55.7,14.6,1.02,66.61,0
STU_04647,B.S. Data Science,3,8.56,CR001,96.8,17,3.93,82.3,4,3.8,2,89.5,23.4,1.36,86.89,1
STU_04648,B.Tech Computer Science,1,7.49,CR006,94.16,16,4.04,78.3,4,3.9,3,76.9,15.0,1.37,83.66,1
STU_04649,B.Tech Computer Science,3,7.7,CR007,65.82,12,2.73,44.7,2,2.8,3,60.7,18.0,1.4,61.42,0
STU_04650,B.Tech Electronics,2,7.94,CR005,94.68,24,3.93,95.0,5,4.8,3,94.0,30.4,1.99,94.71,1
STU_04651,BCA / MCA,2,7.92,CR007,68.24,14,2.58,52.8,3,3.2,2,71.1,10.6,1.1,61.4,0
STU_04652,BCA / MCA,3,7.04,CR001,97.84,21,3.76,72.0,3,4.0,5,78.5,16.4,1.35,89.41,1
STU_04653,B.Tech Electronics,2,7.02,CR002,59.39,18,1.8,42.3,3,2.9,2,52.2,16.7,1.31,51.94,0
STU_04654,B.Tech Information Technology,2,8.37,CR009,88.0,14,4.04,81.1,4,4.2,5,84.7,16.4,1.43,88.65,1
STU_04655,B.Tech Information Technology,2,7.03,CR009,98.71,23,4.61,91.5,7,4.9,3,89.6,22.9,2.03,91.93,1
STU_04656,B.Tech Computer Science,3,8.65,CR007,82.19,18,3.54,68.1,4,4.5,5,89.4,18.4,1.69,82.42,1
STU_04657,B.Tech Electronics,1,7.28,CR003,42.5,11,1.9,41.0,1,2.3,1,37.2,5.6,0.99,37.37,0
STU_04658,B.Tech Electronics,2,6.77,CR009,24.77,8,1.44,25.9,2,2.0,0,30.1,6.2,0.63,25.51,0
STU_04659,B.Tech Electronics,2,8.12,CR002,100.0,25,4.61,96.3,7,4.8,4,98.0,21.6,1.78,98.49,1
STU_04660,B.Tech Information Technology,2,7.4,CR010,91.58,19,4.03,80.6,3,4.4,5,76.0,22.6,1.38,83.73,1
STU_04661,B.S. Data Science,2,6.75,CR004,82.65,16,3.75,76.6,3,3.9,3,84.9,14.1,1.45,76.36,1
STU_04662,B.S. Data Science,2,9.53,CR008,68.3,13,2.65,46.1,2,3.1,2,52.6,12.7,1.2,61.98,0
STU_04663,B.S. Data Science,3,8.97,CR008,77.18,16,2.84,62.8,2,3.4,3,62.8,9.3,1.3,70.0,0
STU_04664,B.Tech Information Technology,3,10.0,CR006,93.02,22,4.42,74.1,5,4.5,5,92.6,29.2,1.99,93.17,1
STU_04665,B.Tech Computer Science,3,7.97,CR005,47.5,15,1.7,41.3,1,1.6,0,27.1,7.8,0.9,41.82,0
STU_04666,B.Tech Electronics,2,7.61,CR009,76.15,16,3.06,66.4,4,2.8,1,64.0,17.4,1.27,70.6,0
STU_04667,B.Tech Information Technology,2,7.77,CR006,89.99,22,3.98,87.9,5,4.5,2,85.4,17.6,1.44,84.59,1
STU_04668,M.S. Computer Science,2,7.33,CR002,86.87,14,3.09,66.6,3,2.8,3,62.8,13.3,1.01,70.22,0
STU_04669,B.Tech Electronics,1,7.48,CR006,89.68,20,4.02,78.7,3,4.3,3,78.3,17.5,1.4,85.56,1
STU_04670,B.S. Data Science,2,7.02,CR003,77.09,17,3.06,52.8,3,3.7,3,57.2,12.7,1.01,72.1,0
STU_04671,B.Tech Electronics,2,9.71,CR008,95.84,21,4.91,100.0,6,4.7,3,95.6,31.5,1.85,97.45,1
STU_04672,B.Tech Information Technology,2,8.99,CR001,46.99,9,1.46,31.8,2,1.6,0,36.4,9.6,0.88,39.23,0
STU_04673,B.S. Data Science,2,7.78,CR002,59.83,14,2.15,44.0,3,3.5,3,59.2,15.8,1.18,61.3,0
STU_04674,B.Tech Computer Science,2,9.38,CR003,61.35,17,2.3,58.7,2,3.7,2,61.5,16.8,1.18,62.26,0
STU_04675,BCA / MCA,2,8.14,CR006,44.95,13,1.97,34.5,0,1.2,0,33.6,6.4,0.79,31.1,0
STU_04676,B.Tech Information Technology,3,8.9,CR007,79.42,15,3.13,59.0,2,3.0,3,58.3,12.6,1.06,71.24,0
STU_04677,M.S. Computer Science,1,6.71,CR003,79.86,15,3.76,64.4,3,4.1,5,76.4,24.8,1.45,79.9,1
STU_04678,BCA / MCA,1,9.05,CR003,91.11,19,4.47,80.1,4,4.5,5,89.8,20.4,1.36,86.73,1
STU_04679,BCA / MCA,3,9.4,CR003,64.45,12,2.4,41.9,4,3.8,2,70.7,14.2,1.21,64.3,0
STU_04680,B.S. Data Science,2,7.07,CR005,97.4,21,5.0,94.6,7,4.8,6,96.5,20.9,1.76,95.09,1
STU_04681,BCA / MCA,1,8.04,CR005,60.55,11,2.55,52.7,4,3.4,3,60.3,11.2,1.12,58.51,0
STU_04682,B.S. Data Science,3,9.47,CR008,63.5,7,2.3,47.2,4,3.7,2,60.8,17.6,1.09,65.69,0
STU_04683,M.S. Computer Science,3,8.59,CR004,72.22,13,2.74,53.7,3,2.7,2,57.7,10.5,1.36,66.97,0
STU_04684,B.S. Data Science,2,8.66,CR006,88.84,21,4.21,80.4,5,4.5,5,75.7,15.2,1.64,90.24,1
STU_04685,BCA / MCA,2,8.34,CR009,94.99,25,3.97,81.7,8,4.5,5,90.9,29.6,1.73,92.46,1
STU_04686,M.S. Computer Science,1,9.57,CR005,73.38,13,3.16,63.2,3,2.7,3,56.7,8.6,1.36,68.27,0
STU_04687,BCA / MCA,3,10.0,CR006,83.68,15,3.94,76.1,6,3.9,3,86.5,14.0,1.71,90.29,1
STU_04688,B.Tech Electronics,3,7.62,CR004,78.45,23,3.01,71.3,3,2.9,2,71.8,12.5,1.26,74.45,0
STU_04689,M.S. Computer Science,2,6.69,CR003,48.55,12,2.48,47.1,2,1.8,1,47.8,8.5,0.7,45.08,0
STU_04690,B.Tech Electronics,2,9.51,CR008,54.82,9,1.98,39.9,2,1.9,1,24.5,8.6,0.74,47.07,0
STU_04691,B.Tech Information Technology,1,7.9,CR007,84.3,20,3.2,82.6,4,4.1,4,84.7,14.3,1.63,82.64,1
STU_04692,B.S. Data Science,2,7.92,CR007,93.81,16,4.81,91.7,7,4.8,3,90.2,20.1,1.86,92.94,1
STU_04693,B.S. Data Science,1,8.8,CR005,69.93,15,2.57,57.7,2,3.4,2,57.4,13.0,1.14,63.14,0
STU_04694,BCA / MCA,1,8.28,CR003,78.25,12,3.22,64.5,3,3.1,2,68.4,15.0,1.34,71.91,0
STU_04695,B.Tech Information Technology,3,7.69,CR001,46.71,4,2.07,33.7,0,1.7,1,35.1,5.6,0.6,31.71,0
STU_04696,B.Tech Information Technology,3,6.15,CR010,89.58,16,4.16,87.6,3,4.4,5,85.8,17.0,1.53,88.72,1
STU_04697,B.Tech Electronics,2,9.4,CR008,93.15,23,4.77,94.6,7,4.9,5,90.7,18.1,2.2,95.53,1
STU_04698,BCA / MCA,3,6.45,CR006,90.62,23,4.08,84.3,3,4.1,3,84.1,21.4,1.53,86.03,1
STU_04699,M.S. Computer Science,3,7.28,CR002,77.53,15,3.07,63.7,3,3.2,3,63.5,10.8,1.23,70.6,0
STU_04700,B.S. Data Science,1,10.0,CR001,88.91,17,3.47,72.5,3,4.2,4,86.1,15.0,1.61,84.21,1
STU_04701,B.S. Data Science,1,8.17,CR003,99.07,21,4.73,95.3,5,4.7,5,97.5,28.4,1.92,99.5,1
STU_04702,B.Tech Information Technology,2,5.84,CR002,52.92,11,2.02,41.8,1,2.4,1,49.5,7.1,0.62,42.16,0
STU_04703,BCA / MCA,2,5.71,CR004,92.27,20,3.73,74.2,6,4.1,4,85.8,20.0,1.32,91.51,1
STU_04704,B.Tech Information Technology,1,8.98,CR002,26.33,12,1.08,31.3,0,1.4,1,29.0,7.8,0.75,26.74,0
STU_04705,M.S. Computer Science,1,7.9,CR003,61.61,11,2.63,48.0,2,3.8,2,54.1,10.6,1.29,57.36,0
STU_04706,B.S. Data Science,1,7.1,CR007,91.34,17,4.02,87.9,6,4.5,3,83.1,20.4,1.33,89.29,1
STU_04707,BCA / MCA,2,8.28,CR001,79.86,13,3.09,55.6,3,3.3,1,55.3,15.1,1.2,70.35,0
STU_04708,M.S. Computer Science,1,8.66,CR006,79.3,18,3.51,72.3,3,3.1,1,73.1,8.8,1.32,69.32,0
STU_04709,B.S. Data Science,2,7.17,CR007,96.32,19,4.52,94.0,5,4.9,4,91.4,22.8,1.88,95.95,1
STU_04710,B.S. Data Science,1,7.62,CR008,89.89,19,4.03,95.0,5,4.3,4,77.8,24.0,1.38,88.25,1
STU_04711,B.S. Data Science,2,6.86,CR004,92.12,18,3.93,86.5,3,4.4,5,75.8,19.7,1.54,92.5,1
STU_04712,B.Tech Information Technology,2,6.93,CR009,92.09,24,4.03,78.7,6,4.5,5,81.6,23.8,1.79,89.15,1
STU_04713,B.Tech Information Technology,2,8.16,CR005,71.57,17,2.54,51.9,2,3.5,1,53.1,16.0,1.32,65.68,0
STU_04714,BCA / MCA,2,7.56,CR008,86.49,14,3.87,69.1,3,3.2,3,72.3,12.8,1.1,74.45,0
STU_04715,BCA / MCA,3,8.09,CR003,90.7,20,3.42,79.3,5,4.2,2,89.1,19.3,1.4,82.4,1
STU_04716,B.Tech Information Technology,3,7.17,CR001,66.36,17,2.38,59.7,4,3.5,1,60.0,8.6,1.02,58.14,0
STU_04717,M.S. Computer Science,3,6.38,CR008,82.92,21,3.75,70.6,2,3.1,3,59.0,9.4,1.37,68.88,0
STU_04718,M.S. Computer Science,3,7.75,CR007,62.39,9,2.05,55.1,2,3.8,3,55.0,17.5,1.37,65.99,0
STU_04719,B.Tech Electronics,2,8.29,CR004,98.09,24,4.83,99.4,7,4.6,3,97.9,24.1,2.15,94.99,1
STU_04720,B.Tech Electronics,3,6.73,CR001,91.42,26,3.28,62.6,2,2.9,3,62.9,11.0,1.29,70.15,0
STU_04721,B.S. Data Science,3,8.19,CR010,54.56,11,2.48,43.9,2,2.6,3,53.4,11.9,1.18,57.17,0
STU_04722,BCA / MCA,3,7.98,CR008,47.34,10,1.89,37.2,0,1.3,0,33.0,4.2,0.83,29.55,0
STU_04723,B.Tech Information Technology,2,6.93,CR004,91.77,21,3.98,76.4,3,4.4,4,88.8,24.0,1.65,86.24,1
STU_04724,M.S. Computer Science,2,7.69,CR002,96.67,20,4.01,81.5,4,4.0,2,78.8,18.6,1.46,86.04,1
STU_04725,B.Tech Information Technology,2,8.67,CR004,67.26,14,2.26,46.5,3,2.5,1,64.3,8.6,1.0,55.27,0
STU_04726,BCA / MCA,1,6.44,CR003,90.14,18,4.26,82.0,4,3.9,2,86.7,19.2,1.4,84.9,1
STU_04727,B.Tech Information Technology,2,6.76,CR008,61.74,8,2.38,43.3,3,2.9,2,70.8,13.7,1.09,57.51,0
STU_04728,B.Tech Electronics,2,6.87,CR010,75.21,13,3.42,67.6,2,3.5,3,68.2,17.6,1.16,68.37,0
STU_04729,B.S. Data Science,2,8.54,CR001,94.77,21,3.93,84.0,5,4.3,3,87.0,21.0,1.43,91.23,1
STU_04730,B.Tech Computer Science,2,5.79,CR004,80.59,13,3.02,58.6,2,3.7,2,73.6,9.6,1.18,68.75,0
STU_04731,M.S. Computer Science,2,8.68,CR002,85.28,17,3.73,68.9,4,4.3,5,78.9,18.1,1.45,82.39,1
STU_04732,B.Tech Electronics,1,7.99,CR002,76.74,15,3.41,62.1,3,2.8,1,61.5,12.7,1.26,64.43,0
STU_04733,BCA / MCA,2,7.31,CR008,69.63,14,2.63,55.0,3,3.8,2,71.9,13.1,1.23,66.83,0
STU_04734,B.Tech Computer Science,3,9.6,CR004,91.06,18,3.98,80.6,3,3.9,5,83.9,16.6,1.69,86.12,1
STU_04735,B.Tech Information Technology,2,6.51,CR002,87.63,11,3.5,64.9,6,4.0,3,88.6,20.0,1.56,85.94,1
STU_04736,M.S. Computer Science,1,7.88,CR002,83.23,17,3.31,58.5,2,3.1,2,51.5,11.8,1.11,70.46,0
STU_04737,M.S. Computer Science,3,8.27,CR006,61.7,8,2.84,51.1,4,2.7,2,69.6,8.9,1.21,63.27,0
STU_04738,B.Tech Electronics,3,7.3,CR002,88.51,23,4.06,83.5,5,4.4,3,79.8,18.6,1.72,83.85,1
STU_04739,M.S. Computer Science,2,7.54,CR008,85.81,15,3.54,60.3,3,3.0,3,73.2,10.2,1.35,74.67,0
STU_04740,B.S. Data Science,2,7.15,CR010,80.47,17,3.6,72.0,3,4.3,4,84.8,20.9,1.43,83.69,1
STU_04741,B.Tech Information Technology,1,8.06,CR005,75.42,18,3.0,65.7,2,3.7,1,59.1,12.5,1.12,64.77,0
STU_04742,B.Tech Computer Science,1,6.93,CR007,81.32,17,3.39,75.1,4,4.2,5,78.4,20.7,1.77,83.69,1
STU_04743,M.S. Computer Science,2,7.73,CR004,92.16,19,3.94,76.1,5,4.5,4,78.5,15.1,1.79,96.14,1
STU_04744,B.Tech Computer Science,1,7.66,CR006,61.47,11,2.85,53.0,3,3.1,2,68.0,9.2,1.3,59.1,0
STU_04745,B.Tech Computer Science,2,7.58,CR001,82.86,11,3.06,56.1,4,2.9,3,56.5,16.2,1.15,71.64,0
STU_04746,B.Tech Information Technology,2,7.9,CR008,87.31,18,4.22,76.0,5,4.5,2,77.7,14.8,1.77,81.89,1
STU_04747,M.S. Computer Science,3,6.86,CR003,28.5,8,1.09,32.7,1,1.6,0,24.5,5.6,0.65,25.65,0
STU_04748,B.Tech Computer Science,1,8.81,CR004,87.54,19,3.92,75.7,4,4.4,5,78.9,24.9,1.76,90.64,1
STU_04749,B.Tech Information Technology,1,9.58,CR006,46.04,9,2.08,37.8,0,1.0,1,25.8,5.1,0.63,34.34,0
STU_04750,B.Tech Electronics,1,7.2,CR009,71.52,17,2.96,60.2,2,2.6,1,64.9,13.8,1.38,62.73,0
STU_04751,B.Tech Computer Science,2,7.86,CR009,38.44,11,1.12,36.8,0,2.4,0,35.9,8.8,0.84,34.61,0
STU_04752,B.Tech Computer Science,3,7.16,CR004,86.66,13,3.86,84.1,3,4.5,5,82.2,20.4,1.69,88.48,1
STU_04753,M.S. Computer Science,1,10.0,CR007,39.58,8,1.69,25.8,0,1.0,0,31.2,7.6,0.92,27.44,0
STU_04754,M.S. Computer Science,2,10.0,CR002,66.54,14,2.91,55.3,4,3.6,2,53.6,9.1,1.03,58.4,0
STU_04755,B.Tech Information Technology,3,6.58,CR010,31.27,8,2.11,23.9,2,1.5,1,39.4,4.6,0.93,24.13,0
STU_04756,BCA / MCA,2,6.86,CR008,41.89,4,1.55,42.2,0,1.5,0,29.7,5.3,0.76,32.94,0
STU_04757,B.S. Data Science,1,9.7,CR005,92.31,26,3.94,78.1,3,4.4,2,79.7,19.8,1.75,79.52,1
STU_04758,B.Tech Electronics,3,8.71,CR008,52.44,9,1.61,37.6,0,1.6,1,34.3,8.7,0.64,41.24,0
STU_04759,M.S. Computer Science,2,9.53,CR001,95.67,18,4.06,81.6,5,4.5,2,81.3,15.7,1.3,86.45,1
STU_04760,B.Tech Information Technology,2,7.37,CR001,77.27,15,3.09,57.7,2,2.8,1,64.6,17.8,1.15,63.83,0
STU_04761,M.S. Computer Science,3,7.95,CR010,71.73,18,3.43,73.5,4,2.9,2,62.4,15.0,1.15,65.51,0
STU_04762,B.S. Data Science,2,6.6,CR006,68.37,16,3.04,66.5,3,3.3,1,61.0,17.5,1.35,66.83,0
STU_04763,M.S. Computer Science,2,8.67,CR006,59.94,11,2.46,50.1,2,3.0,3,54.9,16.6,1.05,61.06,0
STU_04764,B.Tech Information Technology,2,7.4,CR008,51.14,9,1.83,33.8,1,2.1,1,40.1,9.5,0.92,44.52,0
STU_04765,BCA / MCA,2,7.18,CR002,85.2,14,3.96,75.9,6,3.9,3,85.9,15.8,1.73,87.82,1
STU_04766,B.Tech Electronics,2,7.4,CR006,55.81,11,2.44,51.1,2,2.8,3,57.2,10.4,1.31,59.71,0
STU_04767,B.Tech Electronics,3,7.41,CR007,97.67,22,4.67,100.0,8,4.7,4,89.3,28.6,1.67,96.16,1
STU_04768,B.Tech Computer Science,2,6.98,CR008,46.79,12,1.73,23.6,0,1.1,0,47.2,7.8,0.74,34.2,0
STU_04769,M.S. Computer Science,3,7.9,CR009,69.47,19,2.95,54.2,3,3.6,1,71.5,13.0,1.38,67.57,0
STU_04770,B.Tech Information Technology,3,8.36,CR004,94.58,19,3.91,78.8,5,4.2,5,84.3,17.9,1.51,92.12,1
STU_04771,B.Tech Computer Science,2,5.89,CR007,87.94,20,3.49,69.8,4,4.5,5,81.3,14.3,1.46,81.46,1
STU_04772,B.Tech Electronics,2,6.64,CR004,45.4,6,1.95,30.6,2,1.6,0,26.4,4.3,0.83,34.76,0
STU_04773,B.Tech Computer Science,3,7.37,CR007,82.81,18,3.36,61.3,5,4.2,3,77.8,15.2,1.63,78.68,1
STU_04774,BCA / MCA,2,8.33,CR006,52.94,14,2.17,40.1,2,1.3,0,34.7,5.3,0.98,40.26,0
STU_04775,B.Tech Computer Science,2,8.73,CR009,87.06,16,3.36,73.5,4,4.0,5,86.1,22.8,1.57,87.59,1
STU_04776,B.S. Data Science,2,6.0,CR005,53.31,6,2.27,47.8,3,2.6,3,63.0,8.3,1.31,57.88,0
STU_04777,M.S. Computer Science,2,8.46,CR009,98.35,20,5.0,98.8,5,4.5,4,93.0,22.1,1.86,99.5,1
STU_04778,B.Tech Electronics,2,8.45,CR004,44.56,10,1.64,41.0,1,1.6,0,36.8,8.8,0.64,34.25,0
STU_04779,B.Tech Electronics,2,9.82,CR004,60.53,12,2.79,54.7,2,3.0,3,52.9,9.3,1.05,55.31,0
STU_04780,B.Tech Computer Science,3,9.7,CR010,94.45,23,4.6,90.8,6,4.4,3,91.9,27.2,1.68,90.71,1
STU_04781,BCA / MCA,2,7.06,CR008,97.44,20,5.0,93.3,8,4.9,5,97.5,31.9,2.12,98.46,1
STU_04782,M.S. Computer Science,2,7.85,CR002,38.94,6,1.77,27.2,1,2.4,0,32.2,5.1,0.75,32.34,0
STU_04783,B.Tech Electronics,3,7.31,CR003,73.22,15,2.83,51.3,2,3.6,3,54.5,9.3,1.38,64.72,0
STU_04784,B.Tech Electronics,1,8.07,CR009,59.43,14,2.18,41.2,1,2.0,0,43.1,4.4,0.61,42.48,0
STU_04785,M.S. Computer Science,1,8.85,CR002,69.06,16,2.29,46.7,3,2.9,3,51.2,11.9,1.1,62.0,0
STU_04786,M.S. Computer Science,3,10.0,CR007,90.63,16,4.51,77.6,6,3.9,4,79.3,14.6,1.58,86.64,1
STU_04787,BCA / MCA,2,10.0,CR010,87.86,18,3.87,80.3,5,4.0,5,88.9,24.9,1.74,90.05,1
STU_04788,B.S. Data Science,2,8.44,CR008,80.18,19,3.16,64.9,2,3.2,2,60.6,15.5,1.13,68.12,0
STU_04789,B.Tech Information Technology,3,7.18,CR003,48.31,7,2.05,38.7,0,2.2,0,47.7,9.4,0.73,39.23,0
STU_04790,B.S. Data Science,2,8.04,CR007,94.38,15,4.37,87.8,6,4.4,4,85.9,16.0,1.76,94.16,1
STU_04791,M.S. Computer Science,3,7.25,CR009,57.78,13,2.42,52.7,4,2.9,1,63.8,13.5,1.22,59.02,0
STU_04792,B.Tech Computer Science,2,7.57,CR008,59.18,9,2.05,41.5,2,2.3,1,32.6,8.7,0.8,49.59,0
STU_04793,B.Tech Electronics,3,8.91,CR002,98.76,19,4.5,90.8,6,4.5,3,89.0,21.2,1.63,91.5,1
STU_04794,B.Tech Information Technology,2,6.88,CR006,80.13,16,3.64,70.1,6,3.9,3,78.2,14.2,1.6,83.17,1
STU_04795,BCA / MCA,3,8.15,CR007,40.88,14,1.99,33.3,2,1.1,1,40.8,8.5,0.77,36.73,0
STU_04796,M.S. Computer Science,2,7.93,CR008,92.79,26,3.98,77.5,5,4.8,3,94.2,27.5,1.96,92.13,1
STU_04797,M.S. Computer Science,3,9.06,CR004,67.37,18,2.62,53.4,4,2.7,3,53.9,15.7,1.07,68.59,0
STU_04798,M.S. Computer Science,2,6.76,CR010,42.65,11,2.13,38.8,2,2.3,0,22.0,8.8,0.72,37.38,0
STU_04799,BCA / MCA,1,6.95,CR004,78.93,12,3.42,64.1,2,3.5,2,69.8,16.1,1.14,69.66,0
STU_04800,B.Tech Computer Science,2,6.08,CR008,53.29,5,2.27,42.4,4,3.3,3,65.1,16.5,1.13,55.88,0
STU_04801,B.Tech Information Technology,1,7.61,CR004,86.08,15,3.32,81.1,4,4.1,5,84.9,24.5,1.79,84.34,1
STU_04802,B.Tech Computer Science,3,8.3,CR004,53.29,18,2.21,42.5,2,1.9,1,31.7,7.2,0.81,44.45,0
STU_04803,B.S. Data Science,2,6.24,CR001,73.75,14,2.68,54.5,4,3.6,1,72.3,12.0,1.19,68.34,0
STU_04804,B.Tech Information Technology,2,5.0,CR003,71.29,16,3.16,65.1,4,3.1,2,72.5,10.3,1.31,63.65,0
STU_04805,B.S. Data Science,2,6.54,CR006,66.67,15,3.45,53.5,3,3.7,3,63.3,9.3,1.35,64.68,0
STU_04806,B.Tech Electronics,3,7.33,CR004,92.96,21,4.29,84.1,3,4.3,3,80.3,17.3,1.3,83.81,1
STU_04807,B.Tech Electronics,3,9.43,CR004,65.82,8,2.59,52.2,2,2.6,1,63.8,14.8,1.13,57.44,0
STU_04808,B.S. Data Science,3,7.67,CR006,33.31,11,1.68,28.8,1,1.7,0,47.3,5.8,0.87,30.02,0
STU_04809,M.S. Computer Science,3,8.4,CR003,67.12,16,2.51,45.9,2,2.8,3,63.6,8.2,1.05,55.82,0
STU_04810,BCA / MCA,3,9.87,CR005,84.91,17,3.61,64.3,6,4.3,3,82.2,22.7,1.63,80.66,1
STU_04811,B.Tech Computer Science,3,7.74,CR003,92.49,22,3.67,80.3,6,4.5,2,76.9,23.7,1.76,88.19,1
STU_04812,B.Tech Computer Science,2,7.32,CR007,38.53,8,1.69,27.7,2,1.0,1,29.0,6.8,0.71,32.74,0
STU_04813,B.S. Data Science,2,8.81,CR004,88.03,19,3.81,76.9,5,4.0,4,78.9,21.8,1.73,90.91,1
STU_04814,B.Tech Information Technology,1,8.75,CR007,61.0,12,2.01,40.9,0,1.7,0,25.4,5.1,0.61,36.53,0
STU_04815,B.Tech Computer Science,3,7.83,CR008,71.24,12,2.83,47.3,4,3.3,3,54.5,14.9,1.01,66.41,0
STU_04816,BCA / MCA,2,5.85,CR010,29.9,7,1.43,32.7,2,1.1,1,33.3,4.9,0.77,36.26,0
STU_04817,BCA / MCA,2,7.12,CR006,83.1,20,3.7,79.9,6,4.4,3,79.6,19.0,1.51,85.67,1
STU_04818,BCA / MCA,2,5.51,CR001,80.39,14,2.92,50.3,4,3.0,3,58.0,9.1,1.19,65.36,0
STU_04819,M.S. Computer Science,3,8.43,CR002,60.35,15,2.87,39.9,4,3.5,1,51.4,15.8,1.25,55.08,0
STU_04820,B.S. Data Science,2,7.59,CR002,62.98,13,2.89,55.5,4,3.1,1,65.1,10.1,1.39,58.62,0
STU_04821,B.Tech Computer Science,3,7.08,CR004,94.46,16,4.37,92.1,8,4.5,4,92.5,27.6,1.87,94.43,1
STU_04822,B.Tech Electronics,2,8.12,CR008,90.29,23,4.16,75.5,3,4.0,5,88.8,16.5,1.57,89.51,1
STU_04823,BCA / MCA,2,8.26,CR005,95.86,26,4.65,90.2,6,4.6,5,94.1,18.3,2.05,99.5,1
STU_04824,B.Tech Information Technology,2,8.55,CR003,91.0,20,4.33,77.1,5,4.3,2,87.3,20.6,1.67,85.85,1
STU_04825,BCA / MCA,2,8.64,CR004,87.15,22,4.19,69.2,3,3.9,5,80.4,20.2,1.34,80.16,1
STU_04826,BCA / MCA,3,7.45,CR003,85.14,20,3.58,79.8,6,4.1,4,86.6,15.5,1.66,86.24,1
STU_04827,B.S. Data Science,3,7.18,CR002,82.29,18,3.54,74.8,3,4.4,4,82.6,24.7,1.43,81.55,1
STU_04828,B.S. Data Science,2,8.3,CR005,89.77,20,3.91,80.0,5,4.1,3,82.2,23.2,1.55,89.36,1
STU_04829,BCA / MCA,3,8.86,CR001,31.26,4,1.12,23.1,1,1.2,0,31.3,6.7,0.69,24.74,0
STU_04830,B.S. Data Science,1,5.6,CR010,62.09,12,2.99,61.8,3,3.6,2,58.2,17.2,1.13,67.01,0
STU_04831,BCA / MCA,3,7.35,CR002,22.71,9,1.44,19.7,2,1.8,1,25.8,9.9,0.71,26.04,0
STU_04832,BCA / MCA,1,7.29,CR006,79.83,22,3.74,59.3,3,3.4,1,54.5,8.9,1.38,67.18,0
STU_04833,M.S. Computer Science,3,8.12,CR005,37.4,12,1.9,38.0,1,1.8,1,24.4,5.0,0.78,33.75,0
STU_04834,B.Tech Information Technology,2,7.02,CR010,77.83,21,3.54,79.4,4,4.2,5,85.7,16.3,1.71,80.95,1
STU_04835,B.Tech Computer Science,2,9.35,CR003,71.27,11,2.85,54.6,3,3.6,1,67.9,15.2,1.2,63.94,0
STU_04836,BCA / MCA,2,7.45,CR001,72.28,8,2.49,41.9,2,2.6,2,60.7,17.7,1.13,63.53,0
STU_04837,B.Tech Computer Science,2,7.3,CR002,40.63,5,1.33,35.5,0,2.4,1,37.7,8.3,0.85,38.43,0
STU_04838,B.Tech Electronics,2,6.48,CR005,58.37,5,1.72,39.3,2,1.0,0,26.6,7.3,0.79,46.27,0
STU_04839,B.Tech Computer Science,2,7.91,CR003,47.12,12,2.03,39.3,1,1.5,1,21.0,4.8,0.8,42.88,0
STU_04840,B.Tech Electronics,2,6.52,CR007,71.55,12,2.91,65.6,2,2.5,3,55.3,9.8,1.14,68.32,0
STU_04841,B.S. Data Science,2,6.73,CR009,67.87,9,2.79,54.6,4,3.5,2,50.2,14.1,1.34,62.41,0
STU_04842,B.Tech Computer Science,3,7.4,CR009,82.07,18,3.42,67.7,4,4.2,2,76.0,14.7,1.71,77.63,1
STU_04843,M.S. Computer Science,3,7.06,CR005,46.26,9,2.26,42.3,2,1.6,0,35.9,5.6,0.91,34.7,0
STU_04844,B.S. Data Science,1,7.17,CR007,80.82,16,3.72,71.8,4,4.6,4,77.3,22.6,1.44,81.29,1
STU_04845,B.Tech Electronics,1,9.37,CR005,89.8,12,4.36,80.2,4,3.9,3,87.2,20.1,1.44,83.43,1
STU_04846,B.S. Data Science,2,7.54,CR006,35.99,9,1.59,28.9,2,1.4,1,48.2,9.0,0.93,35.99,0
STU_04847,B.Tech Electronics,3,7.12,CR005,83.52,12,3.55,67.5,6,4.2,4,78.7,24.3,1.65,81.05,1
STU_04848,B.S. Data Science,1,5.67,CR004,87.17,13,3.17,63.7,4,4.4,5,86.5,19.8,1.52,84.77,1
STU_04849,M.S. Computer Science,3,9.38,CR009,74.15,13,3.21,71.7,2,3.0,2,63.6,11.2,1.16,67.98,0
STU_04850,B.S. Data Science,2,7.11,CR001,59.5,18,2.74,46.3,3,2.7,1,59.6,14.7,1.2,55.92,0
STU_04851,M.S. Computer Science,2,6.94,CR009,91.71,18,3.81,69.6,5,4.1,4,83.3,18.0,1.37,87.3,1
STU_04852,B.Tech Electronics,3,8.74,CR001,42.16,10,1.85,37.0,1,1.6,1,30.4,4.9,0.85,35.59,0
STU_04853,B.S. Data Science,2,6.92,CR006,70.97,14,3.17,61.1,3,3.4,2,62.3,8.5,1.24,68.99,0
STU_04854,B.S. Data Science,1,6.46,CR008,51.48,6,1.61,32.7,2,1.1,0,43.4,9.5,0.92,44.26,0
STU_04855,B.Tech Computer Science,1,8.39,CR010,87.12,21,4.2,83.3,5,4.1,4,78.0,14.4,1.43,86.27,1
STU_04856,B.Tech Information Technology,2,6.36,CR008,47.78,7,1.84,39.2,1,1.6,1,39.1,7.6,0.86,46.17,0
STU_04857,BCA / MCA,3,7.0,CR007,91.21,21,4.2,73.8,6,4.5,5,88.3,18.2,1.33,88.13,1
STU_04858,B.Tech Electronics,2,6.4,CR010,59.23,10,2.54,45.4,3,3.3,1,62.2,9.5,1.39,58.4,0
STU_04859,B.Tech Electronics,3,7.67,CR008,85.2,18,3.85,74.3,3,4.0,5,90.0,15.7,1.49,80.2,1
STU_04860,M.S. Computer Science,1,6.96,CR005,74.28,16,3.26,61.3,2,3.1,1,63.3,15.7,1.19,59.73,0
STU_04861,B.Tech Computer Science,3,8.71,CR004,85.92,17,4.16,79.6,5,4.3,5,89.3,18.0,1.54,86.97,1
STU_04862,B.Tech Computer Science,2,8.04,CR008,93.75,21,4.21,77.4,6,3.9,5,89.2,24.9,1.43,91.5,1
STU_04863,BCA / MCA,2,5.4,CR006,30.85,10,1.35,35.6,2,1.2,1,34.6,9.7,0.64,35.08,0
STU_04864,B.Tech Computer Science,2,6.55,CR007,71.72,14,2.99,62.1,3,3.2,2,70.7,17.9,1.25,67.93,0
STU_04865,M.S. Computer Science,3,8.12,CR003,44.83,5,1.74,32.1,2,2.3,0,39.5,4.0,0.87,37.36,0
STU_04866,B.S. Data Science,2,9.82,CR007,79.67,12,3.56,74.0,3,3.7,1,55.5,10.4,1.32,67.13,0
STU_04867,B.S. Data Science,2,5.82,CR001,65.36,10,2.45,45.2,3,3.0,2,54.8,15.6,1.16,55.68,0
STU_04868,BCA / MCA,2,7.22,CR004,80.92,11,3.31,61.7,3,3.3,1,72.0,10.0,1.33,67.1,0
STU_04869,B.Tech Information Technology,3,7.11,CR005,99.05,19,5.0,100.0,8,4.5,3,91.3,27.3,2.19,95.49,1
STU_04870,B.Tech Electronics,3,8.49,CR009,57.62,11,2.27,59.0,3,2.6,2,70.9,15.6,1.02,58.66,0
STU_04871,B.Tech Computer Science,2,6.09,CR001,97.49,21,4.29,81.4,5,4.3,2,79.6,22.1,1.67,89.84,1
STU_04872,BCA / MCA,3,9.62,CR009,76.62,16,3.45,66.7,4,3.8,2,52.6,8.7,1.33,69.54,0
STU_04873,B.Tech Electronics,3,8.28,CR007,93.45,17,3.65,77.5,5,3.9,2,82.7,15.9,1.64,86.06,1
STU_04874,BCA / MCA,2,6.83,CR004,75.18,13,2.79,66.6,3,2.7,3,61.7,15.1,1.07,69.5,0
STU_04875,B.Tech Information Technology,3,7.66,CR007,84.52,17,4.04,72.3,3,4.5,5,80.6,22.6,1.63,81.37,1
STU_04876,B.Tech Information Technology,2,9.34,CR006,52.15,14,2.37,41.0,2,1.8,0,32.9,5.5,0.75,37.48,0
STU_04877,B.Tech Computer Science,3,8.6,CR003,77.45,17,2.47,58.3,4,3.1,2,59.8,8.6,1.36,65.28,0
STU_04878,M.S. Computer Science,2,7.96,CR010,69.67,17,3.2,64.3,2,3.1,2,68.9,11.6,1.03,65.6,0
STU_04879,BCA / MCA,3,6.92,CR006,57.44,10,2.43,45.4,2,1.2,1,46.4,5.2,0.67,49.24,0
STU_04880,B.Tech Electronics,2,8.07,CR007,94.08,19,3.95,71.7,3,4.4,3,80.4,16.2,1.43,83.2,1
STU_04881,B.Tech Electronics,2,8.47,CR003,35.96,12,1.48,22.2,0,2.0,1,39.9,8.2,0.63,28.26,0
STU_04882,B.Tech Information Technology,2,9.08,CR005,53.99,8,2.24,39.3,2,1.1,1,34.0,9.3,0.82,41.43,0
STU_04883,B.Tech Electronics,2,7.95,CR010,72.94,17,3.61,58.9,4,2.8,3,65.4,14.7,1.38,70.95,0
STU_04884,B.Tech Information Technology,2,6.84,CR009,49.65,12,1.97,42.6,0,2.4,0,37.6,7.1,0.77,38.41,0
STU_04885,B.Tech Information Technology,2,7.14,CR007,53.34,15,2.23,38.2,2,1.6,0,32.2,4.7,0.79,38.75,0
STU_04886,B.Tech Electronics,3,7.52,CR002,93.44,21,4.14,82.7,5,3.8,4,77.7,14.6,1.5,95.73,1
STU_04887,B.S. Data Science,2,8.1,CR007,22.8,8,1.09,16.7,1,2.0,0,47.4,4.0,0.69,24.42,0
STU_04888,B.Tech Electronics,2,10.0,CR007,69.28,11,3.29,56.4,3,3.5,3,62.3,15.4,1.06,69.78,0
STU_04889,B.Tech Computer Science,2,7.86,CR009,99.63,19,4.69,94.4,8,4.5,6,94.9,26.2,1.72,97.94,1
STU_04890,B.S. Data Science,3,6.11,CR006,72.33,15,2.33,57.4,4,3.5,2,65.1,17.1,1.04,66.63,0
STU_04891,BCA / MCA,2,8.54,CR005,95.12,17,4.46,83.1,5,4.0,3,75.6,20.0,1.45,91.86,1
STU_04892,M.S. Computer Science,2,6.59,CR004,69.69,14,2.84,71.9,3,3.5,2,70.3,9.2,1.11,68.99,0
STU_04893,B.Tech Computer Science,3,7.93,CR004,75.26,13,3.24,60.6,3,3.1,2,61.5,10.2,1.23,66.38,0
STU_04894,M.S. Computer Science,2,5.62,CR001,72.46,15,2.18,50.5,2,2.8,1,67.3,17.7,1.24,63.08,0
STU_04895,B.Tech Electronics,2,7.81,CR006,38.72,5,1.16,25.2,2,1.9,1,38.4,4.3,0.61,34.06,0
STU_04896,B.S. Data Science,1,8.35,CR002,39.76,13,2.0,37.0,1,1.7,0,46.6,8.4,0.9,34.24,0
STU_04897,BCA / MCA,3,7.05,CR001,69.68,12,1.93,49.8,2,3.8,1,68.5,15.2,1.21,62.54,0
STU_04898,BCA / MCA,3,6.89,CR010,86.2,20,4.12,77.6,3,4.6,5,81.5,15.7,1.44,80.37,1
STU_04899,B.S. Data Science,2,6.56,CR009,31.29,6,1.09,27.5,2,1.2,1,42.9,5.7,0.99,30.04,0
STU_04900,BCA / MCA,2,7.81,CR004,51.86,13,2.39,36.3,3,3.0,3,72.6,14.6,1.24,57.42,0
STU_04901,BCA / MCA,2,6.55,CR004,72.88,16,3.4,66.9,2,3.2,1,50.6,13.0,1.25,64.14,0
STU_04902,BCA / MCA,1,7.65,CR007,61.85,11,2.77,52.7,2,3.5,3,70.5,14.8,1.3,64.89,0
STU_04903,BCA / MCA,3,8.63,CR001,92.57,18,3.68,70.0,3,4.5,4,79.6,19.6,1.54,86.7,1
STU_04904,B.Tech Electronics,1,8.75,CR010,74.88,21,3.56,67.5,3,4.0,2,83.7,24.8,1.35,76.2,1
STU_04905,BCA / MCA,2,7.86,CR005,60.93,16,2.15,37.7,4,3.4,2,60.8,15.9,1.35,56.68,0
STU_04906,B.Tech Electronics,1,5.8,CR010,89.23,13,3.98,86.5,6,4.0,4,77.2,24.0,1.76,89.52,1
STU_04907,B.Tech Computer Science,1,5.77,CR002,92.4,19,4.05,73.1,5,4.3,3,79.8,24.9,1.69,85.77,1
STU_04908,BCA / MCA,3,7.63,CR005,52.77,9,1.93,39.0,2,2.8,2,67.9,9.1,1.31,50.93,0
STU_04909,BCA / MCA,2,7.23,CR008,62.4,16,2.42,44.7,2,2.9,3,62.7,13.7,1.33,61.26,0
STU_04910,BCA / MCA,3,8.32,CR007,74.14,9,2.9,62.3,4,2.5,1,53.9,11.8,1.27,65.87,0
STU_04911,B.S. Data Science,3,7.37,CR010,70.32,13,2.82,50.3,4,2.6,3,53.7,16.6,1.12,69.77,0
STU_04912,B.Tech Electronics,2,7.24,CR003,87.96,13,3.92,85.5,3,4.1,4,77.5,22.0,1.79,85.1,1
STU_04913,BCA / MCA,1,7.54,CR007,75.21,18,3.22,62.6,4,3.5,3,56.1,13.2,1.27,71.21,0
STU_04914,B.S. Data Science,1,8.05,CR010,48.42,11,2.33,51.1,2,1.8,0,40.2,8.1,0.9,41.86,0
STU_04915,BCA / MCA,2,9.7,CR004,45.8,13,1.94,37.1,0,1.5,0,50.0,4.2,0.97,38.66,0
STU_04916,B.Tech Electronics,2,7.69,CR005,80.77,12,3.4,79.8,5,4.1,4,78.2,23.4,1.51,82.03,1
STU_04917,B.Tech Electronics,2,6.56,CR010,63.45,16,2.99,61.3,2,3.8,1,67.2,12.6,1.13,64.06,0
STU_04918,B.Tech Computer Science,2,6.82,CR006,22.98,7,1.14,20.4,0,1.3,1,27.1,4.8,0.75,21.86,0
STU_04919,B.Tech Electronics,1,7.6,CR008,75.79,18,2.79,62.5,2,2.8,1,68.9,17.2,1.0,66.97,0
STU_04920,M.S. Computer Science,2,8.21,CR002,78.01,15,3.12,67.3,4,2.7,3,65.4,17.8,1.25,73.92,0
STU_04921,M.S. Computer Science,2,9.34,CR005,70.27,16,2.76,54.5,3,2.5,1,57.0,10.0,1.01,59.69,0
STU_04922,B.Tech Computer Science,1,8.33,CR010,56.54,19,2.69,55.0,2,3.4,1,63.4,13.9,1.4,52.93,0
STU_04923,BCA / MCA,3,8.33,CR003,94.51,20,4.24,91.0,6,4.7,6,94.3,31.4,1.83,96.43,1
STU_04924,BCA / MCA,2,8.5,CR006,90.75,19,4.06,85.2,8,4.9,6,95.8,21.2,2.18,95.75,1
STU_04925,B.S. Data Science,3,6.69,CR008,74.44,14,3.02,59.8,2,3.1,1,59.3,15.9,1.02,63.7,0
STU_04926,B.Tech Computer Science,3,8.65,CR006,42.21,5,1.59,31.5,2,1.7,0,40.8,5.4,0.68,40.21,0
STU_04927,B.Tech Computer Science,1,7.41,CR009,77.13,16,3.57,56.7,3,3.7,2,61.8,15.1,1.02,67.99,0
STU_04928,B.S. Data Science,2,8.31,CR002,77.64,15,3.42,58.6,4,2.5,3,71.9,15.6,1.38,74.03,0
STU_04929,M.S. Computer Science,2,7.08,CR003,90.26,13,3.75,81.7,6,4.2,4,81.3,23.1,1.59,89.42,1
STU_04930,B.S. Data Science,3,8.51,CR010,44.89,13,2.28,42.0,2,2.2,1,29.7,7.5,0.75,40.0,0
STU_04931,BCA / MCA,3,8.07,CR002,98.24,28,4.8,98.1,8,4.8,5,91.9,26.2,2.02,93.71,1
STU_04932,B.S. Data Science,3,6.95,CR002,80.22,15,3.32,56.2,3,2.9,3,52.8,15.0,1.26,72.29,0
STU_04933,B.Tech Information Technology,2,8.1,CR004,94.69,13,4.48,94.4,5,4.7,4,89.7,23.1,2.18,95.47,1
STU_04934,B.S. Data Science,2,7.83,CR010,36.32,11,1.1,25.9,2,2.0,0,24.2,9.1,0.93,33.84,0
STU_04935,BCA / MCA,1,7.66,CR004,99.06,26,4.55,94.6,5,4.7,5,91.2,27.7,1.85,96.3,1
STU_04936,B.Tech Electronics,1,5.0,CR003,84.51,19,3.67,73.0,4,4.5,4,75.1,23.2,1.42,87.42,1
STU_04937,B.Tech Information Technology,1,8.57,CR010,77.09,15,3.38,78.5,6,3.9,3,76.2,14.8,1.53,81.72,1
STU_04938,B.Tech Computer Science,3,8.24,CR002,44.81,8,1.23,18.7,2,1.1,1,29.3,5.2,0.92,31.67,0
STU_04939,B.Tech Information Technology,2,8.91,CR004,80.06,9,3.14,61.2,2,3.6,2,50.4,17.8,1.1,69.31,0
STU_04940,BCA / MCA,2,7.22,CR004,27.31,9,1.14,20.7,1,1.2,1,41.8,6.0,0.72,27.77,0
STU_04941,B.S. Data Science,1,5.46,CR001,99.83,23,4.33,83.3,7,4.7,4,94.2,19.2,1.99,97.84,1
STU_04942,B.Tech Computer Science,1,8.25,CR005,65.66,14,2.67,46.4,3,3.2,2,70.5,14.1,1.09,59.85,0
STU_04943,M.S. Computer Science,1,8.05,CR002,91.45,19,3.89,88.6,6,4.1,4,76.1,20.8,1.77,92.75,1
STU_04944,M.S. Computer Science,2,7.92,CR006,73.7,17,2.89,62.0,3,3.4,3,61.2,8.2,1.26,64.85,0
STU_04945,BCA / MCA,2,7.28,CR005,71.01,16,2.88,61.9,3,2.5,1,59.5,8.4,1.02,58.2,0
STU_04946,M.S. Computer Science,3,7.81,CR003,72.98,15,3.3,59.3,2,3.3,1,66.2,10.5,1.24,63.25,0
STU_04947,B.Tech Electronics,3,8.96,CR010,75.97,10,3.46,68.8,2,3.6,1,59.6,17.1,1.03,70.43,0
STU_04948,B.Tech Electronics,2,9.9,CR002,99.24,22,4.8,100.0,5,4.6,3,92.4,25.0,2.03,97.45,1
STU_04949,B.Tech Electronics,3,6.96,CR007,95.42,19,4.16,83.3,8,4.8,3,93.6,26.0,2.02,89.54,1
STU_04950,B.Tech Computer Science,1,7.71,CR009,73.14,14,2.99,58.5,2,3.0,3,67.1,14.7,1.03,67.53,0
STU_04951,B.S. Data Science,1,7.1,CR002,68.17,10,2.91,48.0,2,2.6,2,52.7,17.0,1.34,62.49,0
STU_04952,M.S. Computer Science,3,7.56,CR003,92.6,19,3.97,80.2,6,4.5,4,75.3,15.0,1.47,88.63,1
STU_04953,BCA / MCA,2,7.48,CR007,79.58,14,3.59,59.7,6,4.1,3,89.4,18.2,1.75,84.73,1
STU_04954,B.Tech Computer Science,2,8.02,CR005,61.81,17,2.5,54.1,4,3.6,1,52.3,8.3,1.07,53.79,0
STU_04955,BCA / MCA,1,7.94,CR006,74.19,13,3.5,72.2,2,2.6,3,65.2,9.4,1.2,71.47,0
STU_04956,BCA / MCA,2,8.25,CR006,78.25,14,3.11,66.6,2,3.2,3,53.2,15.4,1.07,69.31,0
STU_04957,BCA / MCA,2,7.36,CR004,28.08,5,1.22,17.1,0,2.4,0,26.0,8.2,0.69,19.98,0
STU_04958,BCA / MCA,2,9.24,CR005,74.58,19,3.09,65.7,4,2.7,2,65.3,10.3,1.31,68.16,0
STU_04959,BCA / MCA,1,7.7,CR004,78.53,12,3.1,71.5,2,3.1,1,68.2,16.6,1.08,68.37,0
STU_04960,M.S. Computer Science,2,7.84,CR005,72.48,16,3.25,71.7,4,2.9,1,55.1,14.5,1.19,65.82,0
STU_04961,B.S. Data Science,2,8.95,CR009,94.65,16,4.12,84.8,3,4.2,3,83.6,24.6,1.63,89.37,1
STU_04962,BCA / MCA,3,8.24,CR007,33.76,12,1.44,32.4,1,1.3,0,48.4,9.2,0.7,27.95,0
STU_04963,B.S. Data Science,2,8.45,CR003,94.6,13,3.75,83.2,4,3.9,4,88.2,15.5,1.52,86.05,1
STU_04964,B.Tech Computer Science,2,5.0,CR006,89.6,23,4.22,80.4,6,4.3,4,87.8,19.4,1.59,91.39,1
STU_04965,B.Tech Electronics,3,7.65,CR007,86.61,15,3.82,82.3,5,4.0,2,81.0,17.2,1.33,80.63,1
STU_04966,BCA / MCA,2,9.54,CR005,84.03,20,4.04,77.2,5,3.9,5,78.4,22.5,1.48,87.87,1
STU_04967,B.Tech Electronics,3,7.74,CR005,45.2,11,1.6,41.3,0,1.7,1,23.8,8.2,0.89,37.63,0
STU_04968,B.S. Data Science,2,7.99,CR006,68.71,16,3.29,68.6,2,2.8,1,61.0,10.2,1.05,63.35,0
STU_04969,M.S. Computer Science,2,8.96,CR009,72.3,9,2.66,51.5,4,2.6,2,60.5,15.5,1.39,65.31,0
STU_04970,BCA / MCA,3,9.18,CR006,51.15,11,1.96,43.4,4,2.8,3,59.9,13.8,1.17,56.46,0
STU_04971,B.Tech Information Technology,1,8.05,CR007,97.06,18,4.04,83.9,3,4.5,5,86.1,21.9,1.75,91.75,1
STU_04972,BCA / MCA,1,9.87,CR003,85.83,14,3.7,79.2,3,4.3,2,76.4,20.9,1.63,80.16,1
STU_04973,B.Tech Computer Science,3,9.73,CR004,73.95,19,2.92,56.7,2,3.7,2,53.5,12.8,1.01,62.59,0
STU_04974,B.Tech Electronics,3,6.89,CR005,85.01,13,3.73,80.8,6,4.5,2,76.9,24.9,1.46,83.29,1
STU_04975,M.S. Computer Science,2,7.45,CR004,66.11,10,2.52,56.5,2,3.2,2,54.3,15.4,1.37,61.91,0
STU_04976,B.Tech Computer Science,3,9.3,CR005,76.85,24,3.43,68.8,5,3.9,3,83.6,17.1,1.64,83.19,1
STU_04977,M.S. Computer Science,1,7.17,CR010,60.16,8,3.05,58.7,2,2.8,3,64.8,14.2,1.39,60.13,0
STU_04978,BCA / MCA,3,6.39,CR005,60.41,15,2.79,50.3,4,3.7,3,60.6,16.3,1.37,60.66,0
STU_04979,B.Tech Computer Science,3,6.85,CR004,78.88,14,2.83,65.7,2,2.7,3,62.5,11.2,1.15,70.4,0
STU_04980,B.Tech Information Technology,2,7.24,CR002,97.59,25,4.61,94.3,8,4.5,6,89.6,22.9,2.0,99.16,1
STU_04981,B.Tech Information Technology,2,5.15,CR010,72.8,17,3.05,61.4,2,3.6,1,73.1,15.1,1.25,65.86,0
STU_04982,BCA / MCA,3,6.8,CR008,51.26,9,1.71,35.4,2,1.9,1,37.9,8.3,0.69,41.28,0
STU_04983,M.S. Computer Science,3,8.33,CR007,79.95,16,3.31,73.8,6,4.1,4,80.9,17.1,1.49,87.26,1
STU_04984,B.Tech Electronics,2,7.36,CR003,58.71,8,2.69,61.9,2,3.1,2,56.1,13.8,1.02,56.3,0
STU_04985,BCA / MCA,3,6.0,CR009,94.97,24,3.86,75.7,4,3.8,3,82.6,18.2,1.4,85.98,1
STU_04986,BCA / MCA,2,7.33,CR001,85.19,16,3.54,83.7,3,4.5,3,90.0,22.7,1.47,87.8,1
STU_04987,B.Tech Information Technology,2,8.19,CR004,62.08,13,2.06,55.8,2,1.6,1,25.1,9.9,0.71,45.52,0
STU_04988,B.Tech Electronics,2,7.41,CR005,81.41,16,3.74,65.8,6,4.1,5,84.5,16.5,1.7,84.31,1
STU_04989,B.Tech Electronics,2,7.15,CR009,37.63,3,1.51,19.7,1,1.0,1,25.9,9.6,0.89,32.45,0
STU_04990,B.S. Data Science,3,7.36,CR004,58.61,11,2.38,43.1,3,2.8,3,61.6,12.4,1.27,56.7,0
STU_04991,B.S. Data Science,2,8.16,CR010,68.22,16,2.97,60.8,2,3.6,1,69.1,8.2,1.13,60.94,0
STU_04992,B.Tech Information Technology,2,8.11,CR004,36.38,6,1.11,26.2,1,1.5,1,24.8,6.6,0.73,32.12,0
STU_04993,B.S. Data Science,2,7.3,CR006,55.95,11,2.65,61.1,2,2.8,3,51.5,17.8,1.15,53.21,0
STU_04994,BCA / MCA,2,9.39,CR005,76.41,21,2.99,61.8,3,2.6,2,69.6,16.1,1.16,64.89,0
STU_04995,B.Tech Computer Science,3,8.6,CR002,84.97,15,4.06,74.5,5,4.4,5,86.8,15.0,1.35,86.88,1
STU_04996,BCA / MCA,3,7.94,CR003,80.66,21,2.82,54.9,3,3.8,1,57.2,9.2,1.03,68.19,0
STU_04997,BCA / MCA,2,6.17,CR010,61.83,15,3.03,47.6,3,2.6,2,67.5,13.0,1.08,60.37,0
STU_04998,B.S. Data Science,2,7.23,CR010,65.5,11,3.39,67.7,3,3.4,1,60.4,12.7,1.3,59.21,0
STU_04999,B.S. Data Science,3,8.46,CR007,80.03,9,2.96,64.0,2,2.6,3,54.3,15.8,1.01,64.35,0
STU_05000,B.Tech Electronics,2,8.85,CR010,57.46,16,2.79,43.3,4,2.7,1,66.7,15.2,1.33,57.13,0
